invoice_amount,payment_terms_days,customer_tenure_months,customer_credit_score,previous_late_payments_count,avg_past_delay_days,number_of_open_invoices,discount_offered_pct,invoice_month,is_recurring_customer,sales_channel,weekday_issued,paid_late
4789.81,45,0.7,716.0,0,0.0,4,0,1,1,direct,0,0
1427.98,45,12.1,520.0,2,12.5,6,0,5,1,direct,3,0
7153.85,30,12.8,477.0,2,10.8,3,1,7,1,online,3,0
8488.85,60,15.1,545.0,2,1.6,1,3,8,0,online,3,0
628.96,45,28.3,837.0,2,10.1,5,0,5,0,direct,0,0
1127.82,60,0.1,577.0,1,6.6,3,3,8,0,reseller,2,0
4084.92,45,102.0,746.0,1,2.8,1,1,1,1,direct,3,0
2739.09,30,19.5,622.0,2,28.7,4,0,11,1,online,6,1
3586.31,30,63.6,658.0,1,6.9,2,1,3,0,online,6,0
1689.62,30,9.5,676.0,1,13.5,3,0,8,1,online,2,1
8034.16,15,5.1,828.0,2,4.5,2,1,2,0,online,4,0
7332.07,30,5.1,733.0,0,0.0,4,3,12,0,reseller,0,0
3863.88,15,34.5,715.0,1,19.0,3,3,5,1,direct,3,1
10041.85,15,4.3,797.0,2,20.3,0,0,7,1,online,0,1
5545.59,60,35.3,623.0,3,17.9,0,0,5,0,direct,2,0
1680.15,45,0.8,776.0,0,0.0,3,0,6,1,online,6,0
5073.95,30,27.9,761.0,2,7.2,1,1,10,0,direct,0,0
1536.11,30,2.5,760.0,4,3.9,0,0,10,0,reseller,2,0
8027.31,30,27.3,666.0,4,3.7,3,3,2,1,reseller,3,0
3480.97,60,2.0,641.0,1,8.4,4,1,3,0,direct,4,0
3082.89,45,2.5,602.0,3,26.5,3,0,5,1,direct,4,1
1972.71,45,35.4,607.0,1,9.4,5,0,8,0,reseller,6,0
10941.16,30,42.3,597.0,2,0.7,5,1,8,1,direct,4,0
3168.21,30,19.9,713.0,2,5.7,4,1,5,0,reseller,1,0
2476.26,45,15.5,659.0,0,0.0,3,0,4,0,reseller,5,0
2652.03,90,18.3,719.0,1,7.5,5,3,2,1,direct,4,1
5878.63,30,26.8,724.0,1,31.0,3,1,1,1,direct,3,0
5058.88,30,9.3,585.0,0,0.0,4,0,4,0,direct,3,0
5278.83,30,8.4,582.0,1,3.3,2,0,10,1,direct,3,1
5365.47,30,55.1,659.0,1,28.3,7,2,8,1,direct,0,0
25021.3,90,29.8,610.0,1,2.8,4,3,5,1,direct,0,0
2525.58,45,10.2,601.0,0,0.0,4,1,12,1,reseller,2,0
2296.13,30,4.1,833.0,2,8.2,7,3,12,1,direct,4,0
1750.41,30,29.2,542.0,0,0.0,2,0,7,1,online,0,0
6338.4,30,45.8,850.0,1,19.2,4,0,7,1,direct,3,1
10057.51,15,30.2,706.0,2,8.7,2,3,5,1,reseller,1,0
3286.07,30,30.5,769.0,0,0.0,3,2,10,0,direct,5,0
1709.33,60,19.3,758.0,1,3.8,1,3,11,1,reseller,6,0
1733.62,45,0.7,736.0,1,5.5,1,2,10,1,reseller,5,0
6538.96,30,1.5,830.0,3,10.7,2,0,3,0,direct,2,0
7107.66,45,2.9,583.0,2,2.9,3,2,8,1,direct,5,0
5936.29,45,6.9,666.0,2,35.9,4,3,1,1,online,0,0
2000.28,30,34.9,603.0,2,6.1,1,0,3,1,direct,2,1
4487.03,45,3.0,527.0,0,0.0,1,3,4,1,direct,6,0
4044.11,45,1.8,620.0,1,6.9,1,0,1,0,reseller,3,1
4432.95,60,6.4,849.0,0,0.0,2,0,2,0,direct,6,0
7976.75,15,5.2,664.0,2,20.2,3,0,4,1,reseller,4,0
4452.57,30,18.6,850.0,2,23.7,2,0,6,1,direct,3,0
6707.77,30,1.2,850.0,1,0.7,4,3,2,0,direct,2,0
3869.27,15,12.2,850.0,0,0.0,2,0,3,0,direct,2,1
4723.04,30,55.0,850.0,0,0.0,4,0,5,0,direct,0,0
6426.33,45,26.0,850.0,1,11.2,3,0,3,1,direct,5,0
980.99,15,78.3,709.0,0,0.0,7,1,12,0,reseller,2,0
2730.65,30,31.3,701.0,3,13.9,3,0,3,1,reseller,0,0
2384.31,90,7.9,707.0,2,30.5,1,3,4,1,online,4,1
2048.8,30,36.1,680.0,1,3.5,3,0,3,1,direct,4,0
2842.31,30,39.1,693.0,0,0.0,3,0,5,1,reseller,6,0
13980.9,30,25.4,748.0,1,20.2,3,3,7,1,direct,1,1
1670.29,30,36.1,638.0,0,0.0,4,1,5,0,direct,5,1
8703.24,15,68.3,556.0,0,0.0,4,0,1,1,direct,6,1
800.64,45,16.8,713.0,1,11.0,4,3,8,1,direct,1,0
2693.52,30,2.7,618.0,1,2.5,5,2,8,0,reseller,5,0
4215.31,30,12.1,627.0,0,0.0,2,0,12,1,online,3,0
6170.9,15,2.9,667.0,1,5.6,5,3,9,1,reseller,6,0
6905.71,60,99.5,647.0,0,0.0,5,0,12,1,direct,0,0
7435.44,15,2.8,780.0,2,2.0,2,1,9,0,direct,6,1
2660.18,45,6.5,665.0,1,14.3,2,0,10,0,reseller,4,0
2401.58,30,23.4,784.0,1,16.0,0,3,7,0,reseller,5,1
7880.75,30,34.6,699.0,0,0.0,2,2,9,0,online,2,0
3065.07,30,36.9,672.0,0,0.0,2,0,6,1,online,1,0
1155.03,30,22.2,694.0,1,6.8,2,0,4,0,direct,4,0
1312.96,30,4.4,564.0,0,0.0,3,0,8,0,online,4,0
1591.6,45,13.9,710.0,1,18.7,3,3,6,1,reseller,5,0
5695.57,30,58.2,756.0,1,14.4,1,2,4,0,direct,6,0
4138.89,30,17.4,769.0,3,11.9,3,0,12,1,direct,2,0
6778.0,30,0.3,558.0,1,24.0,2,1,2,1,reseller,1,1
2478.66,30,18.5,543.0,1,7.4,4,3,2,1,reseller,5,0
4199.35,30,0.7,632.0,1,7.4,2,1,7,1,online,1,1
6393.46,15,20.9,805.0,1,11.0,5,0,1,1,direct,6,1
2756.14,30,101.6,700.0,0,0.0,2,0,11,1,reseller,5,0
5492.27,15,17.0,610.0,1,10.6,4,3,4,1,reseller,6,0
2006.74,30,22.4,549.0,1,2.2,2,0,6,1,reseller,4,0
2626.09,30,33.1,618.0,5,20.5,1,0,7,1,online,2,1
2582.3,30,7.8,612.0,2,12.8,4,0,4,1,reseller,3,1
1241.09,30,2.6,764.0,2,0.5,5,0,2,1,direct,5,0
5643.59,60,24.7,771.0,0,0.0,2,3,3,1,reseller,0,0
2386.39,30,9.9,586.0,1,23.9,2,0,2,1,reseller,0,0
3682.12,60,21.2,748.0,1,6.3,1,3,1,1,online,5,0
5612.05,30,9.9,739.0,1,10.3,3,1,9,1,reseller,5,0
5441.87,30,58.3,574.0,1,4.0,2,0,12,1,direct,2,1
6626.6,15,19.8,672.0,1,48.9,2,1,5,1,reseller,4,0
3332.12,30,22.6,711.0,4,9.2,5,2,4,1,direct,6,1
2487.5,45,3.1,695.0,0,0.0,2,3,5,1,reseller,3,0
3388.88,60,13.7,526.0,0,0.0,3,0,11,1,reseller,4,0
797.43,30,26.9,692.0,1,3.4,4,1,4,1,online,6,0
989.89,45,16.0,737.0,3,21.3,5,2,12,0,online,5,1
1107.18,30,7.5,822.0,2,8.4,5,2,4,1,direct,2,0
1483.97,15,31.2,620.0,1,16.7,2,0,6,1,direct,1,1
5217.62,45,70.4,631.0,3,12.1,4,0,4,1,online,0,0
1611.74,30,4.7,661.0,0,0.0,4,0,6,1,direct,4,0
2590.62,15,32.6,706.0,0,0.0,4,0,9,1,direct,6,0
11722.97,60,0.4,689.0,1,10.9,4,0,4,1,online,6,0
2642.19,90,1.6,734.0,2,4.9,0,2,1,1,direct,2,0
7071.05,45,35.8,579.0,1,10.6,1,2,8,1,direct,1,0
1571.43,30,1.1,716.0,1,18.2,3,0,9,1,reseller,6,0
3026.33,60,1.2,613.0,2,14.4,2,0,3,0,direct,5,1
1548.4,30,9.6,667.0,0,0.0,1,0,9,1,direct,1,1
2683.48,30,32.5,834.0,1,7.4,3,3,5,1,reseller,2,0
7756.43,30,0.1,554.0,0,0.0,5,3,9,1,online,1,0
769.25,60,34.8,655.0,3,6.3,3,0,4,0,direct,0,0
5382.89,60,77.0,565.0,3,11.4,2,1,1,0,direct,2,0
4509.59,45,12.3,694.0,1,6.6,2,0,5,1,online,6,0
2132.96,15,29.1,774.0,1,4.8,5,3,2,0,direct,4,0
990.83,30,71.3,695.0,0,0.0,2,0,1,1,online,3,0
3885.15,30,1.8,669.0,1,7.1,4,0,3,1,direct,5,0
2260.76,60,34.2,800.0,0,0.0,5,0,7,1,reseller,2,0
4489.1,15,3.7,710.0,0,0.0,1,0,2,1,direct,1,0
3713.27,15,23.4,754.0,2,12.3,3,1,2,1,direct,5,0
15391.97,45,16.2,744.0,2,1.0,5,0,5,1,reseller,2,0
2935.34,30,4.1,421.0,1,11.4,2,0,10,1,online,0,0
1449.32,60,4.2,673.0,2,25.9,1,3,4,1,direct,0,0
4278.46,15,48.1,583.0,1,3.2,7,0,6,1,online,4,0
4438.17,60,7.0,605.0,1,6.8,3,2,11,0,direct,0,0
12372.96,15,28.1,813.0,2,17.3,4,3,9,1,direct,0,0
7720.24,15,2.5,646.0,1,1.2,3,3,6,0,online,1,0
5019.99,30,40.4,850.0,1,6.9,6,2,2,0,reseller,6,0
13588.41,30,11.6,553.0,0,0.0,2,0,8,1,direct,1,0
1249.02,30,30.1,582.0,0,0.0,2,0,7,1,direct,6,0
2047.19,15,11.7,749.0,0,0.0,2,0,4,1,online,3,0
1581.43,15,3.2,649.0,2,7.0,2,2,3,1,direct,4,1
2563.61,45,57.5,708.0,0,0.0,3,0,4,0,direct,2,0
1054.67,30,0.5,670.0,1,11.7,3,0,7,1,online,3,0
6448.71,45,54.2,667.0,1,4.6,0,1,5,0,reseller,1,1
2980.96,45,20.1,653.0,0,0.0,5,0,6,1,online,5,0
969.01,15,15.6,696.0,1,13.6,3,2,10,1,direct,6,1
1459.69,45,51.6,738.0,2,1.1,4,3,8,1,direct,4,0
4827.88,30,25.1,825.0,2,8.7,3,0,10,1,direct,0,0
7741.21,30,101.1,662.0,0,0.0,3,3,2,0,direct,2,0
21961.75,15,53.1,645.0,1,15.5,4,1,9,1,reseller,1,0
50135.08,60,32.8,633.0,0,0.0,3,3,11,1,online,1,0
5286.8,30,20.6,812.0,0,0.0,0,2,5,1,direct,0,0
1494.3,30,53.2,742.0,1,18.9,1,1,6,0,direct,5,0
534.41,90,11.0,509.0,0,0.0,1,1,4,1,direct,4,0
4632.91,30,2.0,505.0,2,4.6,3,2,9,0,direct,4,0
1751.72,60,2.5,605.0,1,23.6,4,0,7,0,direct,1,0
2505.34,45,45.9,701.0,1,18.2,5,0,4,1,online,2,1
2098.78,60,15.3,677.0,2,26.3,0,0,1,1,online,4,0
3207.63,60,24.0,726.0,0,0.0,3,0,9,1,direct,3,0
9503.18,90,4.6,664.0,1,16.2,0,1,7,1,online,1,0
4193.72,15,11.4,806.0,6,23.2,1,1,12,0,reseller,5,0
3156.53,45,75.7,749.0,1,9.7,2,3,3,1,direct,4,0
1433.55,60,17.8,687.0,0,0.0,3,1,12,1,reseller,4,0
806.57,45,9.1,783.0,1,10.8,3,0,6,1,direct,1,0
2350.36,30,1.7,532.0,1,21.9,1,0,10,0,direct,6,0
3468.91,90,8.3,672.0,0,0.0,3,3,5,0,direct,6,0
17874.62,30,22.4,692.0,2,4.5,2,1,5,0,reseller,0,1
4093.87,30,18.5,734.0,0,0.0,2,0,8,0,direct,4,1
8817.25,30,14.8,526.0,0,0.0,1,0,3,1,online,4,1
2323.04,30,49.1,657.0,1,2.5,3,1,11,1,reseller,5,0
1253.32,45,15.2,716.0,1,9.1,2,2,4,0,reseller,2,1
1527.51,15,4.6,723.0,1,4.0,1,0,7,0,reseller,2,0
1895.61,45,8.6,787.0,1,6.1,3,0,10,1,reseller,2,0
24726.3,60,37.3,749.0,2,7.0,2,2,5,1,online,6,0
1738.45,30,1.7,675.0,0,0.0,1,1,4,1,reseller,6,0
7743.74,45,57.2,741.0,1,11.9,1,0,8,1,direct,2,0
1615.44,30,15.0,662.0,2,8.0,4,3,4,1,reseller,3,0
8420.43,60,31.4,693.0,0,0.0,0,0,6,1,direct,5,0
5148.48,90,126.6,752.0,0,0.0,5,3,4,0,online,2,0
3162.21,30,22.5,676.0,1,1.8,2,0,8,1,direct,4,0
3509.8,45,13.1,713.0,0,0.0,2,2,4,1,direct,1,0
2019.67,30,0.9,767.0,1,4.6,2,0,9,1,direct,4,0
5439.62,30,13.9,744.0,0,0.0,6,0,7,1,direct,5,0
2417.56,45,17.7,791.0,1,3.0,5,0,1,1,reseller,2,0
1208.28,30,9.9,850.0,2,16.0,3,0,9,1,direct,3,0
1152.69,45,24.1,743.0,1,10.2,3,2,9,0,online,6,0
4252.78,30,1.8,638.0,2,12.6,2,1,5,0,reseller,2,0
15080.87,30,46.7,726.0,2,2.9,2,0,7,1,reseller,1,0
4204.84,60,21.3,722.0,1,13.1,5,2,5,0,direct,4,0
3272.23,15,13.6,735.0,2,1.2,4,0,7,1,direct,3,1
4709.06,30,11.9,815.0,2,5.5,3,2,10,1,direct,4,0
11794.65,30,28.7,528.0,1,3.3,3,2,1,1,reseller,5,0
4435.72,60,25.0,816.0,1,10.1,6,0,3,0,direct,6,0
2515.35,30,2.0,847.0,1,23.0,6,0,8,0,direct,2,1
9854.27,30,29.4,731.0,2,14.8,1,0,8,1,reseller,2,0
5355.51,30,1.8,733.0,1,26.5,2,2,9,1,reseller,1,1
14504.01,30,12.3,658.0,0,0.0,1,2,7,1,direct,6,0
4293.73,90,10.2,681.0,0,0.0,4,1,8,1,online,4,0
1209.52,30,17.2,743.0,0,0.0,8,0,6,1,direct,3,0
1062.79,30,28.9,737.0,0,0.0,2,3,1,1,reseller,6,0
16088.1,45,21.8,745.0,2,2.7,4,0,11,1,online,0,0
17176.53,30,2.3,736.0,2,4.5,2,1,5,1,reseller,6,1
3097.75,30,39.7,761.0,2,18.3,3,2,1,1,reseller,5,0
2578.93,30,39.1,751.0,2,26.7,1,2,8,1,direct,2,0
13565.7,30,21.4,588.0,2,4.2,4,3,10,1,direct,2,1
1344.34,45,5.8,755.0,2,4.8,6,0,4,1,reseller,5,0
1627.41,60,5.1,847.0,0,0.0,5,0,5,1,direct,6,0
6496.34,60,66.9,678.0,0,0.0,3,0,12,1,direct,0,1
2552.57,60,4.1,815.0,3,19.2,5,3,10,1,direct,2,1
3624.21,30,21.9,597.0,1,15.6,4,3,10,1,direct,3,0
3142.9,30,66.2,677.0,3,21.1,4,3,6,1,reseller,0,0
4933.56,45,8.1,622.0,0,0.0,1,2,2,0,direct,2,0
12922.61,90,4.1,804.0,0,0.0,3,0,3,1,direct,4,0
3950.22,45,8.2,828.0,1,4.9,2,0,11,0,online,2,1
6499.92,30,42.6,671.0,1,26.2,3,0,7,1,direct,2,1
575.27,45,50.4,785.0,1,2.9,2,0,6,1,direct,0,0
3484.76,45,11.6,829.0,0,0.0,3,0,12,1,reseller,4,0
1704.61,60,18.4,677.0,1,10.7,6,2,3,1,online,0,0
1215.69,45,61.2,692.0,1,6.3,4,2,2,1,direct,2,0
1651.87,30,5.7,746.0,1,20.1,1,1,4,0,online,6,0
2695.36,30,13.7,604.0,1,2.3,2,0,11,1,reseller,2,0
8302.5,30,30.4,690.0,1,8.2,2,3,11,1,direct,5,1
1103.5,30,73.1,850.0,0,0.0,5,2,8,1,reseller,3,0
3742.72,60,61.3,635.0,0,0.0,3,2,2,0,reseller,1,0
2354.89,30,19.7,757.0,1,10.5,2,0,10,0,online,3,0
2711.06,30,10.4,727.0,2,9.2,2,0,11,0,online,3,0
8977.55,30,28.9,665.0,1,8.7,2,0,10,0,reseller,6,0
5909.43,45,3.6,700.0,0,0.0,5,3,10,1,reseller,6,0
12132.68,30,118.4,838.0,2,4.0,2,2,2,1,direct,3,0
3168.28,15,7.4,730.0,4,12.8,2,0,12,1,reseller,6,0
1946.23,60,19.1,744.0,3,8.4,8,1,5,1,online,4,1
2976.57,30,0.3,824.0,0,0.0,4,0,10,1,online,0,0
4528.96,30,13.6,654.0,0,0.0,2,0,7,1,direct,5,0
4268.07,30,17.0,586.0,1,11.1,5,1,5,0,reseller,5,0
1372.04,30,9.9,839.0,0,0.0,6,3,10,1,online,0,0
3949.88,45,16.9,692.0,2,34.0,1,2,4,1,reseller,0,1
4471.17,60,3.1,760.0,0,0.0,4,0,4,1,direct,6,0
35091.94,15,20.3,611.0,2,2.6,2,0,3,1,direct,2,0
19715.49,90,47.5,715.0,2,4.1,1,0,12,1,online,2,0
1689.32,45,7.2,581.0,1,26.1,3,3,2,1,reseller,3,0
2811.17,30,60.6,686.0,0,0.0,2,3,1,1,online,5,0
975.45,30,9.6,622.0,0,0.0,6,0,1,0,direct,3,0
2139.58,30,10.4,601.0,1,9.2,2,3,7,1,reseller,4,0
4836.97,60,17.5,653.0,2,3.5,0,0,2,0,online,0,0
10778.06,30,14.7,474.0,0,0.0,3,0,8,0,reseller,5,0
1889.04,30,19.5,576.0,2,5.2,1,0,4,0,direct,1,0
2020.84,45,46.6,750.0,1,5.8,7,0,7,1,direct,2,0
527.13,60,42.6,711.0,2,9.2,2,2,12,1,direct,4,0
3145.1,45,6.6,583.0,2,1.8,3,0,1,1,direct,5,0
1399.44,45,12.9,729.0,2,15.4,1,3,7,1,direct,3,1
2260.87,30,49.3,601.0,2,6.4,2,0,6,1,reseller,6,0
1653.79,60,1.4,745.0,3,16.9,0,2,1,1,online,1,0
3344.81,30,4.4,670.0,0,0.0,6,0,3,1,online,2,0
748.48,15,1.9,651.0,0,0.0,5,0,8,1,direct,5,0
972.3,90,10.3,672.0,2,10.5,1,1,7,0,direct,4,0
24743.61,30,10.9,850.0,0,0.0,0,0,9,1,direct,1,0
1142.89,15,0.1,612.0,0,0.0,2,3,5,1,direct,1,0
1356.81,45,26.7,700.0,0,0.0,5,2,1,1,reseller,2,1
19019.54,30,56.5,750.0,1,11.0,1,0,10,1,direct,4,1
49739.79,15,14.0,593.0,0,0.0,2,0,3,0,online,5,0
1268.5,45,4.0,537.0,4,5.0,4,3,1,1,direct,6,0
2613.84,45,53.7,626.0,1,17.6,1,2,3,1,reseller,4,0
4951.27,45,44.4,748.0,0,0.0,5,0,6,1,online,4,0
17254.49,30,18.7,649.0,3,7.7,5,0,4,1,direct,2,0
1497.91,30,1.3,659.0,0,0.0,0,0,11,0,online,5,0
2919.74,60,17.3,762.0,1,9.4,3,3,7,1,reseller,4,0
7329.07,30,13.6,607.0,0,0.0,3,0,8,1,direct,6,1
5384.55,30,27.4,672.0,2,3.1,2,0,1,0,direct,0,0
2595.31,15,58.2,544.0,0,0.0,3,0,3,1,direct,4,0
3227.81,30,25.1,709.0,3,14.2,2,0,7,1,reseller,1,1
1056.37,30,48.1,701.0,1,4.9,2,0,10,1,reseller,1,0
2938.47,45,49.7,752.0,3,8.5,3,0,11,1,direct,0,0
2864.79,90,29.0,577.0,0,0.0,5,2,5,1,reseller,4,0
4487.06,30,21.0,663.0,1,11.6,1,1,11,0,online,1,0
2208.8,45,0.1,565.0,2,7.9,3,0,7,1,online,6,0
5565.74,30,15.5,658.0,2,9.1,6,0,9,1,reseller,3,1
9058.37,15,5.6,813.0,0,0.0,4,2,8,1,direct,5,0
4187.61,45,9.9,651.0,0,0.0,2,3,12,1,direct,3,1
4996.94,30,6.9,557.0,0,0.0,3,0,2,0,reseller,1,1
3819.37,60,42.3,619.0,0,0.0,2,0,7,1,direct,4,0
3641.23,30,0.2,535.0,1,3.7,2,1,8,1,online,6,0
1901.88,30,21.4,563.0,0,0.0,3,0,7,1,reseller,4,0
4840.85,30,0.7,740.0,1,22.3,0,1,9,0,direct,6,1
3335.71,30,55.1,550.0,2,10.3,3,0,1,1,online,2,1
23953.06,60,105.4,708.0,2,3.5,5,2,8,1,reseller,1,0
15003.21,45,11.7,682.0,0,0.0,0,0,8,1,online,1,0
5152.63,30,82.5,632.0,0,0.0,0,1,9,1,reseller,2,0
1832.16,30,0.4,700.0,1,4.9,2,3,8,1,online,6,0
1337.86,45,35.6,596.0,1,15.3,2,1,3,0,online,0,0
10636.31,45,31.8,756.0,0,0.0,5,0,11,1,online,4,0
4612.26,15,59.7,617.0,2,12.7,4,3,3,1,online,6,0
5609.01,15,2.2,645.0,0,0.0,1,0,10,0,reseller,3,1
757.39,15,0.8,635.0,2,5.2,2,3,3,1,online,4,0
8389.15,30,51.9,742.0,0,0.0,3,1,9,1,direct,5,1
5480.65,30,8.2,729.0,1,7.8,1,3,4,1,direct,2,0
1340.25,15,78.3,444.0,0,0.0,3,0,11,1,direct,4,1
2381.84,30,59.0,703.0,1,39.6,2,0,5,1,direct,1,0
4616.28,30,7.0,523.0,1,4.9,3,2,5,1,direct,6,1
3817.0,15,31.9,649.0,1,14.2,6,2,4,1,reseller,3,1
2799.08,60,4.3,670.0,0,0.0,4,1,4,1,direct,2,0
3317.15,30,5.2,648.0,2,9.7,4,1,12,1,direct,6,0
2902.19,30,87.8,725.0,0,0.0,3,3,12,0,direct,3,0
4176.82,30,33.5,745.0,3,2.3,2,3,2,1,reseller,3,0
13688.93,30,60.4,610.0,0,0.0,6,0,8,0,direct,1,0
361.41,60,9.4,607.0,1,9.1,3,1,11,1,direct,6,1
2941.97,30,18.1,677.0,0,0.0,0,1,8,1,reseller,4,0
4267.83,30,26.9,541.0,1,12.3,8,0,5,0,direct,5,1
4752.35,60,22.6,637.0,1,4.0,4,0,10,1,reseller,6,0
2605.23,60,40.9,801.0,3,4.8,0,0,8,1,direct,4,0
749.16,60,11.8,544.0,1,11.1,1,2,3,1,direct,6,0
4891.21,30,60.4,649.0,1,26.0,5,0,4,1,direct,1,1
17233.58,30,9.1,627.0,0,0.0,6,1,1,0,online,3,0
915.55,45,12.1,850.0,0,0.0,1,1,11,1,reseller,1,0
7922.37,30,48.6,632.0,1,9.5,4,0,3,1,reseller,2,0
2708.98,45,13.8,637.0,3,3.9,0,0,1,1,direct,5,1
3445.44,45,23.0,587.0,1,7.5,2,0,12,1,direct,3,0
1411.48,30,21.4,681.0,2,10.7,4,3,4,1,reseller,1,0
2694.56,30,7.2,704.0,0,0.0,2,0,8,0,reseller,4,1
11731.59,30,2.8,600.0,1,13.1,3,3,12,1,direct,3,0
6151.12,30,29.2,769.0,0,0.0,5,3,2,1,online,2,0
17310.71,45,19.3,704.0,0,0.0,2,2,5,1,online,3,0
10505.67,45,33.4,757.0,0,0.0,3,3,3,1,direct,5,0
5405.53,30,2.0,650.0,4,23.5,3,0,4,1,direct,5,1
17492.74,45,17.6,702.0,0,0.0,2,0,11,1,online,1,0
5405.08,30,5.5,661.0,1,11.6,3,2,4,1,online,3,0
7670.9,45,15.6,811.0,1,9.3,7,0,3,1,direct,2,1
2788.02,30,8.1,690.0,1,0.7,0,3,2,1,online,1,0
3865.67,45,5.1,681.0,2,3.1,5,1,10,1,reseller,6,0
1943.64,45,1.1,639.0,4,9.0,2,1,5,1,reseller,5,0
8871.73,30,6.7,634.0,1,14.0,1,1,1,1,reseller,6,0
1260.83,30,47.9,701.0,2,13.3,5,1,4,0,direct,5,0
7362.21,60,4.8,754.0,0,0.0,7,3,11,1,direct,5,0
3066.87,30,21.0,618.0,2,3.9,4,0,4,1,direct,0,0
10447.55,45,63.4,691.0,0,0.0,5,0,10,1,direct,6,0
7156.54,90,51.7,697.0,0,0.0,3,0,1,1,direct,3,0
18743.11,60,7.7,712.0,1,2.5,2,0,5,1,direct,2,0
7028.28,30,8.5,526.0,1,12.4,2,2,8,1,direct,0,0
884.62,45,1.4,597.0,0,0.0,5,0,1,1,reseller,0,1
3428.03,90,37.1,557.0,0,0.0,3,3,9,1,online,0,0
1268.0,30,50.1,683.0,0,0.0,6,0,12,1,reseller,2,0
2283.69,15,34.4,599.0,4,8.3,1,2,9,1,direct,0,0
14187.34,15,12.6,635.0,3,6.0,2,2,10,1,direct,1,0
6462.56,45,6.7,573.0,1,16.3,4,0,2,1,reseller,5,0
1941.01,30,68.8,644.0,0,0.0,1,1,6,1,online,2,0
1462.14,30,8.1,579.0,1,22.6,4,2,8,0,online,3,0
3749.97,30,0.0,748.0,1,15.1,6,0,6,1,reseller,5,0
1218.16,45,0.6,723.0,2,14.7,4,0,11,1,direct,3,1
1990.17,30,23.1,694.0,1,9.6,0,0,10,1,direct,3,0
4821.35,60,151.7,653.0,1,37.3,2,0,12,1,direct,1,0
10298.78,45,38.4,497.0,0,0.0,4,0,9,1,direct,1,0
6297.36,90,28.3,639.0,0,0.0,2,0,11,0,direct,0,0
463.05,60,39.5,611.0,2,3.7,4,3,10,0,direct,0,0
4788.3,30,13.4,702.0,2,9.5,1,2,2,1,reseller,1,0
3884.81,45,12.3,736.0,0,0.0,4,0,11,0,direct,0,0
5284.33,15,21.4,709.0,0,0.0,4,3,12,0,online,2,0
15593.18,90,44.6,794.0,0,0.0,2,0,8,1,direct,0,0
568.55,30,7.5,629.0,3,6.7,4,0,4,0,online,6,0
2138.81,45,3.9,625.0,1,41.8,2,1,6,1,direct,4,0
6196.97,60,63.2,773.0,0,0.0,3,0,1,1,direct,1,0
877.05,30,10.0,695.0,0,0.0,2,0,1,0,reseller,1,0
13743.95,60,2.6,658.0,3,12.4,2,1,5,0,reseller,1,0
5072.15,15,22.3,846.0,0,0.0,1,0,4,0,direct,1,0
7800.36,30,46.5,732.0,2,12.5,1,3,4,0,online,0,0
2177.97,30,12.7,663.0,1,10.4,4,0,3,1,reseller,1,0
7573.32,30,42.3,618.0,2,2.9,3,0,9,1,reseller,5,0
9524.52,30,0.1,799.0,0,0.0,5,1,5,1,reseller,3,1
4489.92,60,2.1,699.0,0,0.0,5,0,12,1,reseller,1,1
4496.08,30,12.2,682.0,2,8.1,2,0,11,0,direct,1,0
4643.9,30,11.2,741.0,0,0.0,2,0,9,1,online,0,0
1674.03,60,29.5,759.0,1,10.3,1,0,10,0,online,5,0
3188.24,45,45.3,729.0,1,10.0,5,1,9,0,reseller,3,0
3173.94,15,28.4,760.0,2,28.8,4,0,3,1,reseller,3,1
5141.27,60,10.4,721.0,2,31.6,1,0,3,0,online,3,0
8953.88,15,3.4,730.0,2,16.3,7,1,7,0,direct,3,0
1404.33,30,6.8,614.0,1,16.7,4,0,9,1,online,3,0
3253.52,30,49.8,843.0,2,21.0,3,0,7,1,online,2,0
13812.23,45,7.2,569.0,3,12.5,5,0,4,1,direct,5,1
1864.54,15,75.5,708.0,0,0.0,1,0,1,0,reseller,5,1
1737.1,30,22.3,560.0,1,2.6,2,0,4,0,reseller,3,1
4368.07,45,38.0,671.0,3,18.0,7,0,11,0,reseller,5,1
7784.94,15,9.4,629.0,4,3.5,3,2,6,1,online,0,1
3678.59,30,4.3,692.0,1,4.0,3,0,11,1,reseller,5,1
12040.9,45,0.5,711.0,0,0.0,2,0,11,0,online,2,0
7872.37,45,26.3,594.0,0,0.0,1,0,2,0,direct,0,0
7766.99,30,1.7,677.0,1,4.1,3,1,3,1,direct,5,0
5995.14,30,3.2,805.0,0,0.0,2,1,7,1,online,5,0
29581.01,90,47.4,562.0,0,0.0,2,0,11,1,reseller,0,0
3027.08,30,5.5,603.0,2,4.1,1,1,4,0,reseller,4,0
599.94,15,7.8,757.0,4,2.3,3,2,6,0,direct,5,1
15426.3,30,9.7,687.0,1,6.5,3,1,5,1,reseller,4,0
2411.66,30,11.1,694.0,2,16.2,5,0,1,1,direct,3,0
4012.19,90,5.0,772.0,5,18.0,2,2,7,1,reseller,1,0
11832.39,30,16.6,609.0,1,7.8,4,2,9,0,reseller,2,0
860.89,15,44.3,633.0,0,0.0,1,0,8,1,online,5,0
1180.29,30,97.9,622.0,1,13.7,5,2,9,1,reseller,1,0
861.65,15,22.2,649.0,2,21.1,1,0,10,0,direct,0,0
1781.62,30,33.5,801.0,3,5.9,5,0,12,1,reseller,2,0
5408.21,90,5.8,527.0,2,7.3,4,3,12,1,online,2,1
5835.81,45,2.5,573.0,0,0.0,1,3,4,1,reseller,0,0
4668.75,15,16.0,557.0,0,0.0,2,2,2,0,direct,3,0
1020.97,30,72.3,806.0,0,0.0,3,0,2,0,direct,3,0
455.28,30,43.6,625.0,2,9.9,4,3,10,1,online,6,0
3823.49,15,8.1,651.0,1,12.4,3,0,6,1,reseller,1,1
2381.3,30,6.9,535.0,0,0.0,2,0,6,1,direct,2,0
5505.19,30,15.5,656.0,4,30.6,5,0,4,1,direct,6,0
6848.32,45,15.3,758.0,2,32.2,2,1,4,1,reseller,3,0
4123.33,60,17.2,703.0,0,0.0,3,0,7,1,reseller,0,0
7216.46,30,15.0,670.0,1,24.8,2,0,4,1,direct,4,0
4475.13,60,20.1,539.0,0,0.0,1,3,7,1,direct,3,0
5866.76,30,54.6,650.0,0,0.0,2,1,10,1,reseller,3,1
1931.0,30,10.4,693.0,1,15.8,1,0,5,1,direct,5,1
3097.5,60,7.1,591.0,3,10.1,2,0,7,1,reseller,6,0
4346.38,15,39.7,739.0,2,28.4,1,0,12,0,online,5,0
7619.57,30,26.0,760.0,1,27.1,2,3,10,1,direct,5,0
2554.55,45,3.1,632.0,4,52.8,2,1,3,0,direct,1,1
5819.97,30,9.5,745.0,2,16.2,2,3,4,1,reseller,6,0
2866.21,60,26.3,670.0,2,14.1,3,2,3,1,direct,6,0
3275.45,30,44.5,783.0,1,4.8,3,0,7,0,online,0,1
7681.48,60,78.0,850.0,0,0.0,3,3,5,0,reseller,6,0
605.62,15,18.8,582.0,0,0.0,4,2,4,1,direct,2,0
1133.62,30,7.8,749.0,1,6.1,2,1,7,1,reseller,2,0
959.14,30,8.0,797.0,0,0.0,2,1,7,1,direct,4,0
445.74,60,18.9,593.0,3,1.9,3,0,7,0,direct,3,1
1977.45,15,26.1,628.0,0,0.0,3,1,5,1,direct,3,0
7147.3,60,6.2,627.0,1,1.3,4,0,9,1,reseller,2,0
2817.5,30,21.3,668.0,2,20.5,3,2,3,1,reseller,2,0
4350.35,30,62.4,648.0,1,11.1,3,3,2,1,direct,2,0
9704.02,30,6.5,662.0,0,0.0,3,0,1,1,online,4,0
12027.1,15,18.9,755.0,2,8.6,7,2,12,1,direct,5,0
3421.3,60,13.2,509.0,1,6.2,1,1,4,0,online,0,0
12310.74,30,30.5,592.0,3,4.5,4,0,1,1,direct,3,0
3955.7,45,15.7,740.0,2,6.9,5,0,2,1,reseller,3,1
1713.58,30,21.8,730.0,0,0.0,0,2,8,0,direct,6,0
2132.48,30,5.2,585.0,0,0.0,2,3,4,1,reseller,0,0
960.56,45,14.1,730.0,0,0.0,2,0,7,0,direct,2,0
1637.1,60,3.4,799.0,1,21.7,2,1,10,0,reseller,2,0
2638.02,45,8.4,676.0,2,22.0,7,0,3,1,direct,4,0
7504.26,30,5.2,589.0,2,9.4,2,0,3,0,reseller,0,0
17131.82,45,80.8,759.0,0,0.0,6,0,5,0,reseller,5,0
1049.47,45,4.7,835.0,2,7.3,1,0,6,1,reseller,6,0
5185.1,30,7.3,600.0,4,10.4,3,3,6,1,online,2,1
1427.26,45,3.4,684.0,0,0.0,1,3,11,0,direct,2,0
5581.58,30,11.8,778.0,1,10.2,3,0,1,1,direct,6,1
3235.77,45,5.4,690.0,1,5.7,0,3,10,1,direct,1,0
700.77,90,62.6,523.0,1,9.8,1,0,5,0,direct,3,0
8395.64,90,3.6,720.0,1,2.6,2,2,11,0,reseller,0,0
2112.23,60,25.7,592.0,2,4.6,5,2,5,1,reseller,3,0
2251.81,45,28.0,566.0,1,18.8,3,0,2,0,reseller,5,0
1390.23,45,27.8,525.0,4,46.6,5,0,6,1,direct,0,1
2020.59,30,18.8,787.0,5,5.5,1,0,10,0,direct,5,0
5351.34,30,56.7,605.0,1,8.3,3,1,6,1,reseller,5,0
3070.76,30,19.1,710.0,1,7.9,6,2,1,0,reseller,0,0
4894.15,15,17.1,732.0,2,11.6,3,3,12,0,reseller,4,0
5042.87,90,24.6,695.0,0,0.0,0,0,9,0,direct,4,1
11951.3,60,9.6,707.0,0,0.0,3,0,11,1,direct,1,0
2674.43,30,32.3,714.0,1,2.8,2,2,12,1,direct,0,0
963.75,30,39.7,692.0,0,0.0,3,1,9,1,reseller,2,0
9513.81,45,46.3,612.0,1,12.8,1,2,6,1,direct,4,0
2701.77,30,24.4,604.0,0,0.0,2,0,12,0,direct,2,0
9928.19,60,20.3,671.0,0,0.0,1,0,1,1,direct,0,0
5141.19,90,157.6,669.0,3,7.6,3,3,4,1,direct,5,0
3235.62,30,32.7,719.0,1,9.3,5,0,5,1,online,5,0
4983.55,30,81.1,779.0,1,4.3,5,0,4,1,direct,5,0
21076.44,30,37.2,711.0,0,0.0,4,1,2,1,direct,6,0
23606.62,15,62.1,607.0,1,2.7,6,0,6,1,reseller,3,1
3875.55,30,21.8,484.0,2,12.6,6,1,3,1,online,3,0
4205.6,15,9.7,611.0,1,6.2,6,2,9,0,online,5,1
9591.34,15,0.7,559.0,1,10.2,4,1,10,1,direct,6,0
1700.89,30,17.3,614.0,0,0.0,6,3,9,1,direct,3,0
4913.61,30,1.9,702.0,1,23.9,2,1,8,1,reseller,1,0
3557.18,45,49.3,688.0,0,0.0,3,0,8,1,reseller,1,0
4829.59,15,13.1,847.0,2,27.2,3,1,5,1,direct,5,0
1719.81,60,39.1,723.0,2,41.8,2,0,3,0,reseller,1,0
870.78,30,11.9,850.0,1,18.6,4,2,4,0,online,3,0
563.58,15,34.1,744.0,1,14.0,3,1,3,1,direct,2,1
1331.89,15,53.9,778.0,0,0.0,5,1,7,1,reseller,5,0
2409.54,45,38.6,648.0,2,15.8,2,0,4,1,reseller,1,0
2796.51,30,8.0,583.0,3,10.6,4,0,6,1,reseller,3,1
20816.64,30,35.1,640.0,0,0.0,1,0,6,0,reseller,6,0
9851.65,15,23.5,679.0,1,17.4,1,0,8,0,online,3,0
1531.68,90,9.0,623.0,1,3.5,5,0,5,0,direct,1,0
4978.77,15,10.0,590.0,0,0.0,6,3,8,0,online,2,0
2524.07,30,6.3,718.0,1,19.0,5,0,9,0,reseller,0,0
2818.82,60,31.5,590.0,0,0.0,2,2,7,0,online,5,0
4301.82,30,42.2,542.0,0,0.0,2,0,9,1,reseller,5,0
6356.63,30,24.4,579.0,0,0.0,1,0,4,0,reseller,6,0
2682.94,60,73.2,659.0,0,0.0,1,2,4,0,direct,0,0
9485.0,30,6.1,591.0,0,0.0,4,3,9,1,reseller,1,1
1302.78,15,20.4,659.0,1,5.1,2,0,9,1,direct,0,0
3661.78,30,0.5,734.0,1,6.5,1,3,7,1,direct,3,0
37718.51,15,35.8,732.0,3,10.0,5,1,5,1,direct,4,0
4450.5,60,20.0,621.0,0,0.0,1,0,1,1,online,2,0
13225.38,45,51.8,563.0,0,0.0,1,0,1,0,online,1,1
3953.55,30,21.7,628.0,0,0.0,3,0,10,1,reseller,0,0
6140.73,30,31.3,739.0,5,7.6,6,1,8,0,direct,2,0
3459.55,45,42.6,760.0,2,7.6,4,0,6,1,direct,5,0
3123.26,45,12.2,712.0,3,17.9,8,0,10,1,direct,2,0
1805.27,15,23.3,788.0,2,6.5,4,0,7,0,online,4,1
5362.96,60,38.4,836.0,1,14.8,3,0,9,0,direct,6,0
1691.92,30,10.5,637.0,1,2.4,1,0,6,1,reseller,0,0
6627.79,45,13.2,814.0,1,13.4,1,1,3,1,reseller,0,0
9669.76,30,8.0,657.0,0,0.0,5,2,10,1,direct,5,0
5063.83,15,13.7,772.0,0,0.0,2,0,6,0,reseller,0,0
2814.04,45,4.1,744.0,2,3.1,3,0,10,1,direct,3,0
5478.4,45,10.4,502.0,0,0.0,4,0,10,1,direct,5,0
2757.82,30,2.3,593.0,0,0.0,2,0,5,1,direct,5,1
8450.6,15,7.7,570.0,2,12.9,4,0,1,1,reseller,2,0
700.46,60,18.3,520.0,0,0.0,5,0,12,0,online,0,0
2691.77,30,11.0,759.0,0,0.0,7,3,12,1,direct,3,1
606.84,30,26.3,850.0,0,0.0,4,0,11,1,reseller,2,0
948.09,45,22.7,657.0,0,0.0,6,2,1,0,direct,0,0
12425.13,15,18.9,757.0,1,5.3,2,1,5,1,direct,6,0
8149.13,15,1.0,814.0,1,11.5,3,1,3,1,direct,6,0
1905.44,15,58.7,699.0,1,20.2,4,3,8,1,direct,0,0
941.76,60,11.5,678.0,1,20.4,4,0,8,1,reseller,4,0
252.63,30,23.9,658.0,1,15.9,4,0,10,1,online,1,0
2232.45,45,37.2,728.0,0,0.0,4,0,6,1,direct,4,0
32156.62,90,7.1,759.0,0,0.0,5,3,8,0,reseller,0,0
5385.13,45,4.3,722.0,1,15.6,2,0,8,1,direct,5,0
2200.38,30,0.7,718.0,1,17.1,5,0,11,0,reseller,0,1
5533.48,30,48.9,675.0,1,2.1,1,1,6,0,reseller,2,0
893.49,30,5.6,537.0,0,0.0,3,0,1,1,online,2,1
2786.13,30,101.3,761.0,1,17.7,2,0,11,1,reseller,2,0
3981.96,90,9.0,564.0,1,5.9,3,3,3,1,direct,3,0
3369.47,45,33.3,736.0,2,1.7,2,0,12,0,reseller,3,1
7418.45,30,1.0,748.0,0,0.0,2,0,12,1,online,1,0
4965.06,30,31.0,577.0,1,7.5,5,0,10,1,reseller,5,0
6644.16,60,4.8,625.0,1,3.0,3,0,5,1,reseller,6,0
1959.54,15,1.4,850.0,1,9.9,2,2,8,1,reseller,0,0
8168.45,60,2.5,673.0,0,0.0,5,0,12,1,direct,4,0
15772.82,30,29.8,570.0,0,0.0,5,0,5,1,reseller,2,1
1520.61,45,2.8,752.0,0,0.0,2,1,3,1,reseller,6,0
1637.74,60,9.8,610.0,0,0.0,4,0,8,1,direct,5,0
12115.08,30,37.5,507.0,1,9.3,3,0,12,1,direct,4,0
3064.96,30,13.8,727.0,0,0.0,4,1,10,0,direct,0,0
12880.11,60,0.8,598.0,2,25.9,5,0,5,1,direct,5,1
2444.8,30,5.3,709.0,4,13.1,3,0,10,1,online,6,1
13487.8,30,7.1,607.0,0,0.0,4,1,11,1,online,6,0
4098.34,30,15.8,744.0,1,2.4,1,3,1,1,reseller,3,0
4593.54,30,80.1,697.0,2,2.7,3,1,9,1,direct,4,0
14887.04,45,16.0,447.0,2,7.4,0,0,9,0,direct,0,0
2629.13,15,20.6,714.0,2,5.6,4,2,7,1,direct,0,0
1560.86,30,14.9,654.0,1,13.9,0,2,3,1,direct,1,0
2431.57,60,4.2,808.0,0,0.0,0,0,10,1,reseller,2,1
5470.36,15,14.3,716.0,4,22.1,0,2,7,0,online,1,0
889.64,30,172.5,748.0,0,0.0,3,0,11,1,direct,3,0
6462.19,45,21.8,616.0,2,2.4,3,3,9,0,direct,1,0
2241.96,60,40.9,609.0,3,22.2,1,0,4,0,direct,5,0
10229.5,30,18.4,678.0,2,21.5,1,3,12,1,reseller,3,1
422.07,60,91.2,648.0,4,7.5,4,0,5,0,direct,0,0
1793.8,30,4.7,800.0,2,21.9,3,0,1,1,online,5,1
798.06,30,11.3,666.0,0,0.0,6,0,1,1,reseller,0,0
1730.89,60,17.0,570.0,1,8.0,3,2,4,1,reseller,1,0
4550.08,60,6.7,606.0,0,0.0,4,1,3,1,online,4,1
3098.57,30,11.9,767.0,1,18.5,2,0,1,0,reseller,0,1
2898.53,30,42.6,665.0,2,5.7,3,2,11,1,online,1,0
3154.97,30,36.0,660.0,1,20.2,1,3,10,1,reseller,0,0
4372.32,15,16.3,775.0,2,3.3,2,0,1,1,direct,0,0
1468.97,60,4.8,598.0,3,36.4,3,2,3,1,direct,0,0
6878.56,60,2.8,479.0,0,0.0,3,3,11,0,online,0,0
6610.4,30,27.0,603.0,1,6.8,3,0,2,1,direct,1,0
5148.88,30,4.3,702.0,1,17.6,3,0,1,1,reseller,6,0
6008.2,30,43.1,658.0,1,13.1,4,0,2,1,direct,2,0
4754.16,15,34.1,540.0,2,7.5,2,1,10,0,direct,0,1
22732.84,45,49.9,771.0,1,6.6,4,3,9,1,direct,5,0
3366.45,30,21.2,695.0,2,29.2,5,3,7,1,reseller,0,0
2761.76,30,9.8,715.0,0,0.0,5,1,2,0,online,0,0
1847.94,45,12.8,718.0,2,9.1,1,3,7,1,direct,4,1
1437.94,90,12.7,563.0,1,3.3,3,2,6,0,direct,1,0
1187.94,15,71.9,707.0,1,25.0,4,2,4,1,online,6,1
1636.12,30,18.5,762.0,4,4.4,4,3,2,1,reseller,0,0
3416.55,30,1.9,783.0,3,4.0,5,2,1,1,direct,1,0
4919.02,30,15.2,745.0,0,0.0,3,0,8,1,online,6,0
3812.45,30,3.2,726.0,1,0.2,4,1,9,1,direct,5,0
1828.07,45,0.4,524.0,1,11.1,4,0,2,1,reseller,4,0
8185.88,30,23.9,679.0,3,6.7,5,0,4,0,online,0,0
7083.13,30,10.6,594.0,1,8.2,4,3,3,1,direct,1,1
3153.65,60,4.3,795.0,0,0.0,3,2,12,1,reseller,4,0
2023.08,30,67.4,782.0,1,5.6,0,1,11,1,direct,0,0
5964.53,45,51.3,594.0,0,0.0,5,3,2,1,direct,5,0
4312.08,45,7.8,676.0,3,17.6,0,2,1,0,direct,1,0
988.99,60,16.5,702.0,2,7.5,4,1,12,1,online,3,0
3424.87,45,31.3,761.0,2,20.2,3,0,1,1,direct,5,0
4609.3,60,5.1,529.0,0,0.0,1,0,3,0,direct,0,0
1620.15,45,6.6,481.0,4,3.4,2,0,9,0,direct,6,1
4319.35,30,30.7,683.0,0,0.0,4,0,2,1,direct,6,0
983.05,30,61.6,452.0,1,3.9,1,0,3,1,reseller,1,1
12119.46,30,27.8,694.0,0,0.0,2,0,9,1,direct,1,1
11194.24,30,133.4,733.0,1,8.8,0,0,3,1,online,5,0
2900.78,15,6.7,791.0,0,0.0,1,0,8,1,reseller,4,0
5049.83,30,67.3,624.0,1,7.0,2,0,1,1,reseller,5,0
416.16,30,43.8,695.0,1,8.6,2,0,12,0,direct,3,0
1285.99,15,6.9,739.0,1,11.1,2,3,7,1,online,4,0
2795.03,30,12.4,574.0,1,8.5,2,1,7,1,direct,6,0
1387.25,45,32.2,762.0,1,3.4,2,3,5,1,online,3,0
6925.44,30,79.4,705.0,0,0.0,0,0,7,0,direct,2,0
21972.94,60,6.8,626.0,1,6.4,6,2,11,1,reseller,6,0
1262.75,30,70.6,693.0,3,2.3,4,0,12,1,reseller,5,0
1713.48,60,11.6,667.0,0,0.0,4,0,2,1,reseller,4,0
4500.32,45,20.6,750.0,0,0.0,6,0,6,1,direct,2,0
15521.86,15,12.0,648.0,3,4.5,9,1,12,0,direct,3,0
1211.8,90,11.1,700.0,1,7.6,4,0,10,0,direct,4,0
4555.69,15,6.8,624.0,0,0.0,5,0,1,0,online,4,0
18754.12,30,20.2,596.0,0,0.0,1,2,11,1,direct,3,0
823.38,45,5.5,695.0,2,9.3,3,0,3,0,reseller,5,0
1149.45,30,110.1,599.0,1,28.5,2,3,2,1,direct,4,0
2486.81,30,32.7,752.0,0,0.0,2,0,2,0,direct,0,0
2278.95,30,11.8,733.0,0,0.0,1,2,3,1,direct,1,0
7565.4,15,13.2,611.0,0,0.0,4,2,10,1,online,5,0
4525.55,15,22.4,699.0,1,11.7,4,3,4,1,reseller,3,0
736.96,15,16.0,611.0,3,12.8,4,0,4,0,reseller,5,0
5789.89,15,17.8,536.0,1,16.8,4,0,7,0,reseller,3,0
2165.09,45,24.9,626.0,0,0.0,2,1,1,1,direct,2,0
11464.41,30,11.6,675.0,1,7.9,3,3,5,1,direct,1,0
2069.73,30,63.0,727.0,2,18.1,6,2,7,1,online,0,0
2052.98,45,5.0,693.0,1,6.7,4,1,8,1,reseller,4,0
5925.49,15,0.4,762.0,2,3.4,2,0,3,0,reseller,5,0
7234.63,30,0.5,592.0,1,6.0,0,0,3,0,reseller,5,0
5449.56,45,7.5,646.0,1,17.7,4,0,8,1,direct,6,0
798.68,60,52.2,828.0,1,19.6,3,0,4,0,direct,5,1
5908.99,30,2.8,506.0,1,15.4,3,3,6,1,direct,4,1
1435.29,15,21.2,639.0,2,21.9,4,3,12,0,reseller,0,0
4499.62,45,4.2,584.0,0,0.0,2,1,2,1,direct,5,0
1010.94,60,31.1,662.0,3,16.1,6,0,11,1,direct,4,0
5440.85,30,3.8,641.0,3,8.4,5,0,11,1,direct,5,0
1761.75,30,0.7,734.0,0,0.0,2,3,12,1,online,4,0
1147.83,15,8.4,703.0,4,3.2,5,2,3,0,direct,2,0
6921.85,30,1.3,562.0,4,4.7,2,0,6,1,direct,1,1
4525.49,60,8.9,627.0,0,0.0,4,0,1,1,direct,0,0
2095.23,45,44.4,680.0,2,5.1,3,0,5,1,direct,2,0
13440.95,30,0.7,747.0,2,5.0,4,2,7,1,online,6,0
2448.95,45,41.3,850.0,4,5.5,1,2,10,1,direct,1,0
3747.7,60,33.6,743.0,0,0.0,3,2,10,1,direct,1,0
4637.92,30,61.2,589.0,2,11.9,3,2,3,0,online,1,0
2084.53,60,50.3,672.0,1,11.9,0,0,6,1,direct,3,0
5563.72,30,11.0,696.0,0,0.0,4,0,1,1,reseller,1,0
2252.72,30,46.6,633.0,2,19.2,2,2,11,0,reseller,6,0
2513.74,30,53.7,722.0,0,0.0,4,0,10,0,direct,6,0
12411.5,30,30.5,476.0,2,17.4,4,1,1,1,direct,2,0
1427.2,90,1.5,730.0,2,9.8,0,2,11,0,direct,0,1
415.09,30,13.2,637.0,2,5.5,6,2,4,0,direct,2,0
15519.36,30,8.8,670.0,0,0.0,3,0,11,0,reseller,0,0
36112.53,30,56.3,812.0,0,0.0,5,0,8,1,direct,0,0
2528.19,30,0.0,566.0,5,2.2,1,1,8,1,direct,3,0
637.05,30,5.3,705.0,0,0.0,2,0,10,1,online,0,0
2753.32,45,43.2,751.0,2,3.9,5,2,3,1,direct,3,0
2814.1,30,21.7,695.0,1,2.8,2,0,1,1,direct,4,0
3068.88,30,2.4,535.0,1,16.8,2,2,10,1,direct,2,1
1336.69,45,24.1,802.0,2,22.9,2,2,8,0,reseller,6,0
6134.02,15,32.7,661.0,1,5.0,2,1,8,1,direct,4,0
5837.49,45,51.6,633.0,1,63.3,3,0,10,1,direct,0,0
948.65,30,81.5,652.0,2,16.4,4,0,9,1,online,6,0
6831.35,30,2.0,646.0,0,0.0,6,1,2,1,reseller,6,0
23096.04,45,15.8,573.0,3,1.4,2,3,2,1,direct,1,0
4250.38,45,29.1,695.0,1,13.7,5,3,2,0,reseller,0,0
2687.61,60,17.7,626.0,0,0.0,4,0,5,1,direct,3,1
3204.13,30,40.1,740.0,1,4.0,1,3,7,1,reseller,6,0
6334.28,30,130.0,727.0,2,14.8,5,2,9,1,direct,4,0
766.93,45,139.9,826.0,2,33.4,2,3,6,1,direct,6,0
4221.52,30,25.7,661.0,2,11.0,5,0,1,1,direct,5,0
2562.1,45,30.5,608.0,1,19.1,1,2,6,0,direct,0,0
19207.24,30,58.7,548.0,0,0.0,3,0,7,0,online,4,0
3112.7,45,0.4,850.0,2,2.2,1,1,11,0,direct,2,0
16335.55,30,4.8,740.0,1,14.9,1,0,4,1,direct,6,0
1348.35,30,5.1,618.0,3,23.4,1,0,1,1,online,1,0
6176.66,30,41.3,832.0,0,0.0,4,0,7,1,direct,4,0
4853.52,30,79.9,802.0,2,22.2,3,0,9,1,direct,6,0
1665.46,45,15.3,558.0,1,6.2,4,1,6,0,direct,5,0
4271.23,30,3.8,612.0,0,0.0,2,0,10,1,direct,2,0
10842.91,30,28.5,668.0,2,23.6,1,0,4,1,direct,6,0
2720.54,60,6.0,584.0,4,14.5,3,0,5,1,direct,3,0
794.12,45,17.3,671.0,1,3.0,5,2,12,0,online,5,0
3583.85,30,3.3,744.0,1,3.7,8,1,9,0,reseller,2,0
1616.18,90,18.0,556.0,0,0.0,1,0,11,1,reseller,4,0
2675.5,30,18.4,706.0,2,0.4,4,1,8,0,online,3,1
3383.18,45,22.3,785.0,1,15.2,5,0,4,1,direct,4,0
784.4,30,23.0,716.0,0,0.0,5,3,4,1,reseller,4,0
850.57,30,11.1,673.0,0,0.0,2,0,3,1,reseller,5,1
5618.73,30,57.0,620.0,3,17.5,3,0,7,1,direct,2,0
2274.59,15,3.4,755.0,1,17.3,2,1,5,0,direct,4,0
362.03,30,2.1,574.0,0,0.0,5,3,1,0,direct,6,0
7378.75,30,15.9,702.0,1,1.5,2,0,5,0,direct,5,1
4652.37,45,1.7,682.0,1,5.1,1,2,10,0,direct,1,1
1915.08,30,3.7,781.0,1,13.2,5,0,7,1,reseller,2,0
1113.04,15,3.8,628.0,2,12.2,1,2,1,1,online,6,0
7725.08,90,2.4,635.0,0,0.0,1,0,5,1,reseller,6,1
4986.13,45,38.6,568.0,1,24.5,5,0,4,0,online,3,0
31080.69,60,8.8,719.0,0,0.0,1,3,1,1,online,2,0
5314.37,30,73.9,642.0,1,17.3,3,1,5,1,direct,6,1
5161.24,15,21.8,602.0,0,0.0,3,0,5,0,reseller,0,1
3133.06,30,55.1,611.0,1,13.4,4,1,6,1,reseller,5,0
7593.88,30,23.1,728.0,1,5.6,1,2,9,0,direct,6,0
6390.56,15,16.1,581.0,1,2.9,5,2,7,0,reseller,5,1
11232.34,60,20.0,589.0,1,19.4,2,0,3,1,reseller,2,0
2277.44,45,8.4,761.0,2,17.2,4,1,8,1,direct,2,1
2460.53,45,15.7,665.0,0,0.0,3,0,3,1,direct,2,0
2365.65,30,3.1,766.0,1,12.9,1,3,12,1,reseller,1,0
7418.42,45,18.1,648.0,1,2.7,3,0,8,0,direct,1,0
14024.16,30,30.5,680.0,0,0.0,1,0,6,1,direct,6,0
2409.18,90,25.6,694.0,0,0.0,4,2,4,1,direct,4,0
2484.19,30,9.0,805.0,3,26.9,5,0,8,1,direct,1,0
4830.33,30,3.6,798.0,1,2.3,3,0,2,1,direct,1,0
2918.47,15,29.0,784.0,2,8.6,7,2,2,0,online,0,0
8577.08,45,51.8,623.0,0,0.0,5,0,8,1,online,5,1
479.81,90,2.7,591.0,0,0.0,4,3,11,1,direct,5,0
1730.15,60,7.3,748.0,2,14.1,4,2,11,1,online,4,0
1800.51,45,14.4,804.0,3,27.5,5,0,5,1,direct,5,1
451.1,90,41.9,785.0,0,0.0,4,0,8,0,direct,2,0
1529.54,45,16.4,681.0,1,1.8,5,0,8,0,reseller,6,1
1597.76,30,24.4,746.0,0,0.0,3,1,4,1,direct,6,0
3038.16,45,4.2,747.0,0,0.0,2,1,12,1,reseller,5,0
9913.66,15,5.3,693.0,1,7.5,3,0,2,0,direct,1,0
2920.31,30,35.0,697.0,2,8.2,4,2,10,1,reseller,5,1
1439.81,30,38.4,689.0,5,30.7,7,1,11,0,direct,2,0
3459.02,30,7.7,609.0,0,0.0,4,1,5,0,direct,0,0
9360.52,90,59.7,618.0,3,13.3,3,0,7,1,online,6,0
1512.68,90,0.9,617.0,1,5.7,4,0,6,1,online,4,0
1604.36,30,7.3,536.0,1,19.0,2,0,1,1,direct,3,1
6019.11,45,6.3,693.0,2,20.7,5,0,2,1,direct,6,0
2982.8,30,4.0,676.0,1,15.5,2,0,4,1,reseller,1,0
6520.69,15,1.3,749.0,1,14.4,1,0,8,1,reseller,6,0
3596.51,30,37.1,793.0,0,0.0,4,0,10,1,direct,2,0
6846.53,30,27.5,799.0,1,13.0,0,0,7,0,direct,6,0
1434.3,30,14.1,808.0,2,25.8,2,3,9,1,direct,0,0
3601.57,30,20.9,612.0,1,13.5,5,1,8,0,direct,4,1
3012.06,15,14.2,551.0,3,17.2,5,3,9,1,direct,2,0
1218.89,30,34.4,764.0,3,7.5,0,0,4,1,reseller,2,0
891.47,60,3.9,804.0,1,5.3,0,0,3,0,reseller,6,0
6749.17,15,0.9,820.0,1,3.4,4,2,9,1,reseller,1,0
2654.85,30,58.2,724.0,1,22.9,4,2,7,1,reseller,1,0
1450.91,30,13.2,500.0,0,0.0,4,2,4,0,direct,0,0
3339.04,30,72.6,713.0,1,20.9,2,0,2,0,direct,4,0
10048.89,30,104.4,730.0,1,6.7,4,3,6,1,reseller,0,1
467.47,15,71.2,793.0,0,0.0,2,0,7,1,direct,6,0
946.74,45,23.0,809.0,0,0.0,5,3,2,0,reseller,1,0
1586.68,30,2.1,762.0,0,0.0,3,3,12,1,direct,4,0
13562.46,45,121.4,627.0,1,7.5,0,0,9,1,direct,3,0
4695.35,30,19.8,587.0,2,18.5,2,2,9,1,direct,2,0
7263.27,30,8.6,728.0,0,0.0,4,0,3,0,reseller,0,1
1304.87,30,30.3,609.0,1,18.6,4,3,10,1,direct,5,0
1329.31,30,8.9,813.0,2,25.5,3,0,8,1,direct,1,1
5448.16,30,7.3,527.0,0,0.0,1,0,9,1,online,1,0
3837.0,15,35.6,731.0,3,15.7,5,2,10,1,reseller,2,0
5966.2,30,4.6,709.0,0,0.0,2,0,7,1,direct,4,0
3075.11,45,25.8,661.0,2,7.0,1,0,8,0,reseller,4,1
4676.61,15,19.6,597.0,1,13.6,2,3,2,1,direct,6,0
4197.76,15,25.0,494.0,1,2.4,3,3,8,0,online,5,0
7331.9,45,30.0,632.0,1,20.0,2,0,11,1,direct,4,0
7527.42,30,6.8,634.0,1,12.5,3,2,11,1,direct,2,0
847.35,60,42.6,780.0,2,5.5,1,0,3,1,direct,6,0
481.77,60,37.0,610.0,1,12.7,0,3,12,1,direct,2,0
8969.37,90,6.7,721.0,1,1.7,1,0,5,0,online,3,0
10603.64,30,65.7,564.0,0,0.0,1,2,3,0,direct,3,1
1453.08,30,62.8,723.0,1,3.4,1,0,7,0,direct,2,0
682.76,45,95.5,479.0,0,0.0,2,3,6,0,reseller,4,0
3980.38,45,19.0,850.0,3,8.5,1,0,6,1,direct,4,0
8414.86,45,0.9,667.0,2,12.6,5,2,5,1,reseller,2,1
18358.26,30,38.2,428.0,0,0.0,3,3,10,1,direct,0,0
5794.52,15,42.1,615.0,1,22.2,2,0,1,0,reseller,4,1
2605.7,30,6.3,601.0,0,0.0,1,0,6,0,online,1,1
1629.75,30,13.2,621.0,0,0.0,4,2,5,1,direct,2,0
3678.67,15,2.9,647.0,2,5.6,3,0,9,0,direct,6,0
2781.27,60,10.2,620.0,1,14.8,2,3,9,0,reseller,1,0
1460.36,15,31.5,607.0,0,0.0,6,0,12,1,online,0,1
23014.51,45,41.0,576.0,0,0.0,6,3,11,0,online,5,0
18154.1,60,6.2,754.0,0,0.0,2,0,11,1,online,6,0
10121.77,30,53.7,788.0,1,29.4,2,3,10,0,online,1,0
1589.6,30,17.8,657.0,2,15.4,3,0,8,0,direct,1,0
7859.81,45,41.4,678.0,3,6.7,5,2,1,1,online,5,1
6474.74,30,10.5,579.0,1,17.1,2,0,11,1,direct,4,0
5422.39,30,2.9,686.0,0,0.0,5,1,5,1,reseller,4,0
11211.54,60,37.5,701.0,1,4.8,3,0,5,0,reseller,5,0
6449.99,45,4.8,660.0,1,14.0,1,1,12,1,reseller,5,0
7086.97,60,15.9,716.0,2,19.2,2,1,7,0,direct,2,0
6458.91,90,0.4,708.0,1,6.2,2,0,7,1,reseller,0,0
4947.87,30,6.2,585.0,0,0.0,4,2,4,1,direct,1,1
731.25,45,41.2,787.0,3,9.4,2,0,12,1,online,1,0
3925.54,45,10.9,661.0,1,14.1,5,0,5,0,reseller,4,0
2207.08,45,38.8,831.0,0,0.0,7,0,5,1,direct,3,0
1150.72,45,38.9,718.0,3,11.3,1,0,10,0,direct,0,0
16541.62,45,39.0,850.0,2,35.0,1,0,5,1,online,6,1
17259.12,60,29.3,786.0,0,0.0,3,1,12,1,reseller,0,0
12373.33,30,4.9,700.0,1,27.9,2,0,6,1,reseller,0,0
4581.09,45,18.3,615.0,0,0.0,3,0,9,1,reseller,6,0
12277.98,30,29.0,617.0,1,5.2,4,0,11,1,online,3,0
3680.66,30,51.3,728.0,3,21.3,2,2,12,1,direct,5,0
4370.0,45,35.8,693.0,0,0.0,2,0,4,0,online,5,1
1360.86,45,38.6,627.0,1,20.6,4,1,5,1,direct,0,0
5204.57,30,33.2,755.0,2,6.9,5,3,6,1,reseller,0,0
3844.3,30,5.4,683.0,0,0.0,2,3,6,1,reseller,2,0
1127.34,30,10.4,756.0,0,0.0,3,3,10,1,online,0,0
3476.99,30,15.2,592.0,1,11.5,6,3,12,1,online,2,0
3388.84,30,16.7,770.0,1,26.2,5,2,4,1,online,2,0
18357.71,60,15.8,725.0,0,0.0,5,2,1,1,reseller,3,0
8142.01,30,6.2,788.0,2,10.0,1,1,5,1,reseller,0,0
3678.65,90,44.3,768.0,0,0.0,4,2,2,1,direct,1,0
4554.67,30,9.7,672.0,0,0.0,5,3,11,1,direct,0,0
3788.75,45,7.4,665.0,2,13.7,2,0,10,0,reseller,4,0
3033.21,30,8.1,840.0,2,10.0,3,0,5,1,direct,1,0
1374.46,45,28.5,654.0,0,0.0,8,1,6,1,direct,4,0
3178.15,45,25.4,747.0,1,26.9,2,1,7,0,direct,3,0
1860.33,45,13.3,646.0,0,0.0,2,3,9,1,online,5,0
1181.71,60,32.9,512.0,4,6.3,4,2,1,1,direct,2,1
5768.11,30,12.3,570.0,2,18.6,4,0,5,0,direct,0,0
5177.81,15,53.6,717.0,4,22.6,6,2,12,0,online,6,0
729.21,30,82.8,743.0,2,3.6,2,0,5,1,reseller,6,0
3260.33,45,8.2,717.0,2,3.0,2,3,8,0,direct,3,0
8920.71,30,28.1,783.0,1,7.5,3,0,4,1,direct,0,0
9445.57,30,51.5,715.0,0,0.0,1,0,12,1,reseller,4,0
9165.97,30,15.5,610.0,0,0.0,1,0,8,1,reseller,4,0
3770.72,30,36.8,733.0,1,0.4,4,2,10,1,direct,2,0
1701.83,45,10.5,695.0,2,36.6,3,3,12,0,reseller,1,0
1372.89,45,16.8,628.0,2,12.0,4,0,10,0,online,0,1
4964.88,45,2.8,723.0,1,25.5,1,2,3,0,reseller,3,1
5122.27,45,5.3,687.0,1,24.2,1,1,2,1,direct,2,1
11598.12,60,19.7,626.0,3,10.0,2,0,4,1,reseller,3,0
9798.47,30,1.9,664.0,1,7.4,1,0,6,0,direct,3,1
3232.45,90,7.4,807.0,1,15.2,0,0,4,0,direct,6,0
1188.22,15,14.4,804.0,1,12.2,7,0,1,0,reseller,6,1
2732.04,45,42.5,697.0,2,6.0,2,2,2,1,online,6,0
4427.14,45,1.5,685.0,0,0.0,5,1,7,1,direct,6,0
3035.48,30,0.3,551.0,2,8.0,3,2,1,1,reseller,6,1
2164.39,30,66.6,835.0,0,0.0,5,2,12,0,reseller,0,0
4571.5,30,23.4,773.0,3,22.6,1,0,4,1,reseller,6,1
2313.32,30,13.9,748.0,1,8.0,5,0,5,1,direct,1,0
2068.83,60,14.0,475.0,1,13.2,4,2,4,1,direct,1,0
4818.93,30,9.6,684.0,1,9.9,2,3,5,1,reseller,4,0
2535.65,30,4.9,669.0,1,9.8,3,0,8,0,online,3,0
4535.52,30,40.3,741.0,0,0.0,3,1,4,1,online,4,1
4655.87,30,64.3,639.0,1,15.5,2,0,7,1,online,6,0
1305.73,15,22.7,659.0,0,0.0,4,0,7,1,online,3,0
2361.1,30,57.5,736.0,2,15.7,1,0,10,1,direct,5,0
13279.8,30,15.8,610.0,1,12.5,2,0,11,0,direct,4,1
1279.38,30,2.5,628.0,1,11.9,2,1,3,0,direct,4,0
541.86,30,44.4,697.0,1,17.4,1,3,8,1,reseller,5,0
681.53,30,2.2,800.0,3,1.9,1,1,2,0,reseller,3,1
3737.6,45,28.5,753.0,1,22.0,3,3,10,1,online,4,0
3743.68,30,19.8,777.0,1,8.5,4,0,5,0,direct,4,1
3275.25,30,7.5,686.0,0,0.0,2,2,5,0,direct,1,0
10859.23,90,14.6,815.0,1,4.9,2,0,11,0,direct,4,0
328.47,30,97.4,523.0,0,0.0,2,2,5,0,direct,0,0
5199.62,15,24.9,850.0,2,1.8,2,0,4,1,direct,6,0
14843.16,60,47.3,850.0,1,11.2,3,1,3,1,direct,1,0
1319.49,30,6.0,721.0,2,6.7,6,0,9,1,direct,5,0
2586.79,45,30.7,755.0,2,19.6,3,1,2,1,reseller,2,0
1848.99,45,19.5,677.0,3,13.7,1,2,11,0,direct,5,1
1627.97,90,3.4,661.0,1,12.2,6,3,11,1,direct,3,0
2714.5,90,11.8,625.0,1,7.4,4,0,2,1,direct,4,0
13157.36,30,75.0,676.0,1,9.0,2,0,9,1,online,0,1
19027.64,45,18.5,730.0,3,29.5,3,1,1,0,online,5,1
2690.96,30,39.1,718.0,1,7.3,1,2,2,1,direct,4,0
20222.56,45,5.8,850.0,1,0.5,1,0,8,1,direct,6,0
3759.42,30,40.0,689.0,2,8.7,4,2,7,1,reseller,1,0
17647.01,15,21.6,546.0,0,0.0,4,0,10,1,online,3,0
3347.71,15,50.9,828.0,1,8.1,2,0,8,0,reseller,2,0
4096.76,15,10.1,570.0,1,10.7,3,0,1,1,reseller,6,1
5059.01,15,15.6,630.0,1,4.4,2,0,11,0,reseller,2,0
63638.14,30,47.3,704.0,0,0.0,4,0,4,1,reseller,4,0
7833.44,60,29.4,718.0,0,0.0,1,0,2,0,online,4,0
1926.5,30,12.3,550.0,3,26.8,1,2,5,1,reseller,3,0
8708.88,45,3.2,613.0,0,0.0,2,3,2,1,direct,5,0
2628.98,60,3.3,547.0,0,0.0,2,3,4,1,online,0,0
2343.09,45,101.7,736.0,1,7.8,2,0,4,0,direct,2,0
8248.13,30,15.1,787.0,0,0.0,0,1,11,0,direct,4,0
3744.25,60,14.6,570.0,1,17.6,3,0,3,1,reseller,5,0
4678.43,45,17.5,770.0,2,23.4,1,3,7,0,online,3,0
3687.07,45,117.3,764.0,1,28.3,1,2,2,1,reseller,2,0
4929.16,60,8.3,621.0,1,13.5,2,3,2,1,direct,4,0
5337.27,30,20.0,502.0,1,23.8,2,0,11,0,reseller,5,1
636.97,30,4.9,584.0,2,19.7,2,0,5,1,reseller,1,0
6633.68,60,7.5,626.0,0,0.0,0,2,12,1,direct,1,0
1504.45,30,1.1,819.0,0,0.0,7,1,3,1,direct,5,0
994.19,60,7.5,669.0,0,0.0,6,2,8,0,online,2,0
3454.49,15,16.5,589.0,2,39.9,5,0,1,1,direct,6,1
3926.81,15,6.8,693.0,0,0.0,1,1,10,1,direct,4,0
1950.51,30,23.3,563.0,2,7.1,1,0,11,1,reseller,5,1
7691.94,15,0.2,726.0,2,7.2,3,0,7,0,direct,3,0
1087.94,90,10.5,592.0,5,17.4,0,1,9,1,online,1,0
2524.38,15,3.5,605.0,2,3.4,2,2,8,1,online,2,0
2150.84,45,7.1,714.0,3,26.7,5,0,7,1,direct,0,0
3491.45,30,0.1,838.0,3,13.3,2,0,11,0,direct,1,0
4679.65,90,11.1,850.0,0,0.0,3,0,10,1,online,4,0
1469.82,30,29.5,586.0,0,0.0,3,2,11,1,reseller,3,1
6987.33,15,11.4,626.0,0,0.0,2,0,3,1,reseller,6,0
3853.37,15,3.6,726.0,0,0.0,2,1,4,1,reseller,0,0
663.31,30,36.5,785.0,1,15.3,2,3,2,1,online,0,0
624.7,90,25.2,485.0,2,7.9,0,3,10,1,direct,2,0
3600.8,90,28.4,688.0,1,8.0,3,0,5,0,direct,6,0
2984.33,30,1.4,636.0,2,8.7,1,2,1,1,direct,0,0
3317.35,30,23.4,507.0,1,0.6,2,0,12,1,direct,3,1
3550.4,15,12.6,560.0,1,22.1,4,1,2,0,direct,3,1
4460.45,30,27.8,629.0,1,8.1,4,2,12,1,reseller,5,1
8543.15,30,67.1,685.0,1,7.9,5,2,4,0,direct,6,1
1339.44,30,27.2,771.0,0,0.0,2,0,8,0,direct,3,0
1268.04,45,10.1,712.0,1,14.2,3,0,6,1,online,3,0
1361.05,60,2.9,765.0,3,5.1,0,3,6,1,reseller,1,0
4722.18,15,14.8,682.0,1,12.8,5,0,3,1,direct,4,1
11164.03,30,2.2,617.0,3,14.6,3,0,6,0,online,1,1
2469.56,30,17.4,663.0,2,9.1,3,1,11,1,direct,3,1
383.17,15,5.0,743.0,4,33.0,5,0,4,0,direct,0,0
785.57,30,4.9,773.0,4,8.8,5,2,7,1,reseller,1,0
1720.32,45,4.3,667.0,3,10.4,4,3,11,0,online,1,0
2204.03,15,40.4,596.0,2,10.7,0,0,5,1,reseller,0,1
2521.1,45,37.3,710.0,1,17.7,2,2,12,1,online,0,0
3769.6,60,17.6,723.0,3,4.7,3,2,10,0,online,2,0
2750.2,60,18.6,791.0,2,19.3,3,0,8,1,online,2,0
9361.92,45,89.8,619.0,0,0.0,3,0,9,0,reseller,3,0
1981.45,30,46.2,620.0,4,2.7,4,0,10,0,direct,2,1
1675.58,15,55.7,748.0,0,0.0,2,0,10,1,direct,4,0
5602.61,30,23.5,643.0,1,2.3,6,0,4,1,reseller,4,0
914.08,90,0.0,640.0,0,0.0,5,0,4,1,direct,4,0
5170.49,90,32.8,793.0,2,4.9,6,0,12,1,reseller,6,0
3993.0,30,13.9,557.0,1,5.2,6,0,4,1,reseller,3,1
3188.49,30,1.9,850.0,1,18.6,1,3,9,0,online,3,1
15206.05,30,12.6,625.0,1,23.8,3,0,4,1,direct,2,0
2079.77,30,38.9,758.0,2,12.7,5,1,5,0,reseller,3,0
23254.84,90,6.9,670.0,2,21.8,3,1,10,0,online,1,0
2972.36,30,3.1,704.0,0,0.0,7,0,8,1,online,6,0
1153.65,30,3.1,656.0,2,6.2,3,0,5,1,direct,5,0
3877.43,30,1.3,757.0,0,0.0,1,0,8,1,online,2,0
1382.13,15,52.5,649.0,2,4.3,2,3,2,1,online,6,0
1850.89,30,34.5,628.0,1,10.4,3,2,4,1,direct,5,0
5204.77,60,70.1,843.0,3,12.2,7,2,7,1,online,4,0
6003.06,15,35.8,683.0,2,16.0,4,1,11,0,direct,2,0
2079.85,30,26.7,619.0,0,0.0,4,0,3,0,reseller,0,1
8854.35,30,11.8,546.0,1,3.2,1,1,5,1,direct,0,1
10319.15,30,10.9,848.0,2,10.2,5,3,7,1,direct,5,0
13262.18,15,18.6,630.0,2,27.0,4,0,4,1,direct,0,0
5863.32,30,32.1,850.0,0,0.0,3,0,7,1,direct,4,0
12420.28,15,5.7,716.0,4,4.5,5,0,9,1,reseller,3,0
670.0,30,24.4,693.0,0,0.0,2,1,4,0,direct,4,0
2734.99,60,9.8,695.0,1,15.3,3,0,3,1,direct,0,0
1668.52,45,43.1,850.0,1,2.3,3,0,12,1,reseller,4,0
4053.37,60,12.1,483.0,1,6.6,4,0,9,0,reseller,0,0
2176.98,30,13.1,699.0,2,3.8,5,3,6,1,direct,3,0
3135.23,45,27.3,656.0,3,3.9,3,3,4,1,direct,2,0
19810.3,45,22.2,661.0,1,14.5,3,0,7,1,direct,3,0
3125.2,30,24.5,693.0,0,0.0,1,1,11,1,direct,0,0
5283.86,30,2.9,656.0,0,0.0,3,0,9,0,online,2,0
2954.12,30,19.9,697.0,2,3.2,5,2,7,1,reseller,2,0
3897.7,45,1.9,678.0,0,0.0,0,0,8,0,direct,4,0
3660.72,30,6.5,562.0,0,0.0,3,0,2,0,online,1,1
5450.66,30,8.6,714.0,1,2.6,3,0,1,0,online,3,0
10391.85,90,7.6,744.0,6,1.6,2,1,9,1,online,3,0
16037.01,15,1.6,631.0,2,7.0,3,0,6,1,reseller,2,0
4810.99,90,11.4,848.0,0,0.0,2,2,11,0,reseller,0,0
6189.39,60,14.4,800.0,3,1.9,3,2,11,0,direct,1,0
1292.36,60,43.2,756.0,3,14.1,5,0,12,1,direct,2,0
3364.08,45,41.3,755.0,1,9.4,6,2,11,1,reseller,4,0
8486.74,30,63.8,683.0,1,3.6,1,2,8,0,reseller,0,0
7937.64,45,65.2,783.0,1,11.0,1,0,2,0,direct,3,0
4404.79,45,26.4,821.0,3,1.2,1,0,8,1,direct,2,0
8084.91,45,89.2,753.0,2,7.5,5,0,4,0,direct,1,1
5662.89,30,8.3,629.0,0,0.0,2,3,11,1,reseller,4,1
10724.39,30,9.1,676.0,0,0.0,5,0,4,1,reseller,5,1
4724.06,30,3.5,732.0,2,11.3,3,3,11,1,reseller,3,1
2643.53,30,0.9,755.0,1,17.8,2,0,11,1,direct,3,0
4925.87,30,2.0,673.0,1,9.9,3,0,6,1,reseller,3,0
260.46,60,2.5,629.0,1,2.5,4,1,12,1,direct,4,1
5138.91,45,85.6,823.0,3,4.5,1,3,5,1,direct,5,0
136.51,45,17.6,583.0,3,50.7,2,0,6,1,direct,3,1
771.92,30,7.0,595.0,1,1.9,1,0,12,1,direct,6,0
5467.58,30,8.4,561.0,1,36.7,1,2,9,1,direct,4,0
5595.83,30,4.4,595.0,1,33.1,3,2,3,1,direct,3,0
1278.97,30,13.6,792.0,1,2.4,5,1,3,1,online,0,1
1918.13,15,11.9,795.0,2,20.1,0,0,7,1,direct,1,0
12500.04,30,52.3,673.0,1,13.9,0,2,8,0,online,2,0
2355.18,30,90.3,725.0,4,22.7,1,3,7,1,reseller,3,0
27409.04,30,7.4,679.0,0,0.0,1,3,1,1,direct,5,0
3634.66,15,35.6,573.0,0,0.0,6,0,2,1,direct,3,0
5256.56,30,21.0,850.0,1,5.7,1,1,1,1,reseller,5,0
15602.51,15,25.6,804.0,0,0.0,3,1,10,0,direct,5,0
4096.65,45,12.7,712.0,2,10.9,6,1,5,1,direct,0,0
1477.18,30,45.5,603.0,1,17.4,5,0,5,1,direct,4,1
3298.57,30,37.9,660.0,0,0.0,1,2,11,0,reseller,5,1
3526.11,15,21.6,618.0,1,21.2,3,1,12,1,direct,6,1
1066.07,90,19.9,689.0,2,5.0,4,1,1,0,reseller,1,0
2892.14,30,3.3,708.0,3,32.9,8,0,11,0,direct,4,0
1866.89,45,6.5,649.0,0,0.0,3,3,4,0,reseller,5,0
8365.92,30,6.7,549.0,0,0.0,3,2,10,1,direct,3,0
3756.15,60,1.1,850.0,0,0.0,0,1,8,1,reseller,2,0
2822.8,60,11.1,701.0,2,9.5,0,1,2,1,online,2,0
3309.12,30,20.5,721.0,0,0.0,5,3,4,0,reseller,2,0
4450.67,45,37.7,642.0,2,9.6,5,2,5,1,reseller,4,0
6343.16,30,0.4,539.0,3,1.5,2,0,1,0,direct,2,1
1480.68,45,17.5,673.0,1,28.5,1,0,5,1,reseller,6,0
1425.92,30,62.9,651.0,5,15.2,5,0,7,1,reseller,4,1
9840.0,15,8.8,744.0,0,0.0,7,2,8,1,direct,3,0
2512.16,90,2.5,762.0,1,7.9,5,3,2,1,online,4,0
1017.23,60,34.7,749.0,2,21.9,4,0,9,1,reseller,2,0
5428.57,30,12.4,769.0,0,0.0,2,0,4,1,online,4,1
5524.97,90,24.4,842.0,1,3.1,3,0,7,0,direct,3,0
918.15,30,8.9,715.0,0,0.0,2,3,11,1,direct,6,1
4476.22,30,18.3,779.0,1,13.3,0,1,6,0,direct,1,0
7058.76,60,70.5,724.0,3,21.8,4,3,8,1,direct,2,0
5099.76,30,9.6,509.0,3,16.9,2,0,11,1,direct,5,1
6430.34,30,32.9,666.0,0,0.0,3,0,9,0,reseller,4,0
1028.81,45,22.8,602.0,0,0.0,2,0,5,0,direct,1,0
4904.64,15,39.5,701.0,0,0.0,3,3,2,0,direct,3,0
2772.88,30,38.1,609.0,0,0.0,1,3,6,1,online,4,1
2357.81,30,20.8,735.0,0,0.0,4,3,9,1,online,3,0
7970.48,45,62.7,768.0,1,3.1,2,0,5,1,reseller,6,1
13785.15,15,1.0,788.0,0,0.0,2,0,3,1,direct,1,0
18305.06,30,1.9,826.0,2,10.5,3,2,1,1,direct,1,0
11888.5,45,2.3,529.0,0,0.0,4,3,11,1,reseller,6,0
3298.55,30,20.8,572.0,3,8.5,4,1,3,1,reseller,4,0
5001.27,30,3.1,850.0,2,4.1,0,2,9,1,reseller,6,0
7260.04,45,17.6,771.0,2,17.4,2,0,11,1,online,1,0
4060.49,45,22.1,700.0,0,0.0,2,0,9,1,direct,6,0
4095.68,15,20.2,683.0,2,21.5,0,2,1,1,online,3,0
7641.72,60,11.8,675.0,1,14.4,5,0,3,1,reseller,5,0
3451.78,45,18.4,506.0,1,8.3,4,3,2,1,reseller,2,0
1888.7,30,27.0,610.0,6,12.4,3,3,6,0,reseller,4,1
2507.33,45,47.8,670.0,0,0.0,6,3,11,1,direct,6,0
6441.52,45,3.4,616.0,1,7.7,4,1,1,1,online,0,1
3650.77,45,41.5,627.0,1,16.8,2,2,6,1,direct,6,0
4945.28,30,19.0,850.0,0,0.0,0,1,5,0,direct,3,0
6654.65,45,2.4,657.0,1,1.0,2,0,7,1,online,3,0
2598.38,90,12.7,705.0,1,4.3,2,2,1,1,direct,0,0
7191.27,30,14.4,702.0,3,9.2,2,0,8,0,online,0,0
5120.25,60,17.3,733.0,1,11.2,6,2,1,1,online,6,0
1198.31,45,18.0,637.0,1,20.1,4,0,5,1,reseller,6,0
13334.02,60,61.9,792.0,2,13.0,1,0,3,1,online,4,0
2320.02,90,16.6,720.0,2,2.0,2,0,5,1,online,4,0
820.91,30,19.7,564.0,1,17.0,4,3,9,1,reseller,0,0
1421.49,30,3.7,670.0,1,8.0,2,0,11,1,reseller,4,0
1452.53,30,15.5,665.0,1,2.7,4,1,3,0,reseller,4,0
3815.99,30,48.0,660.0,0,0.0,5,2,5,1,direct,6,0
2845.62,30,18.9,726.0,4,18.8,8,3,11,0,reseller,4,0
2688.8,45,9.5,737.0,1,11.7,3,2,12,1,direct,6,0
6359.67,60,4.5,726.0,1,13.5,3,1,7,1,online,6,0
4943.79,30,8.3,711.0,0,0.0,1,0,7,1,reseller,6,0
4838.9,45,9.0,688.0,1,16.5,3,0,6,1,direct,4,1
5265.05,30,3.0,486.0,3,9.0,1,1,12,0,online,6,1
6339.28,30,92.1,750.0,2,0.9,4,0,6,1,online,5,1
546.12,15,10.1,724.0,3,4.4,3,2,5,1,reseller,1,0
2622.82,30,5.5,591.0,0,0.0,2,2,6,1,direct,5,1
511.74,30,9.6,705.0,1,8.0,4,1,11,0,online,3,0
3761.05,45,5.0,738.0,3,8.7,1,1,3,1,online,5,1
3625.8,45,38.7,785.0,1,27.7,4,3,1,1,direct,4,0
9329.9,30,11.4,726.0,1,10.4,1,3,6,1,direct,0,0
10602.77,15,0.1,709.0,1,13.5,2,3,6,0,online,4,0
4369.91,15,13.4,765.0,1,9.3,2,3,1,1,online,2,0
2320.82,90,26.9,652.0,1,11.4,4,2,7,0,online,5,0
5634.39,60,0.0,717.0,0,0.0,4,0,5,0,reseller,5,1
2263.97,30,11.1,624.0,3,21.6,3,3,8,1,direct,6,0
3636.39,30,25.8,780.0,2,21.3,2,3,5,0,reseller,6,0
8844.25,30,3.2,535.0,2,2.6,4,2,1,0,direct,6,0
2203.95,45,6.9,754.0,2,5.4,1,3,1,1,reseller,1,0
7518.42,30,21.8,682.0,2,7.9,2,1,7,1,direct,3,0
6698.65,15,90.0,767.0,0,0.0,4,0,8,0,online,0,0
1541.77,30,8.7,610.0,3,12.4,1,3,3,0,reseller,2,0
8747.34,30,53.9,688.0,0,0.0,3,0,10,1,direct,5,0
6827.47,30,48.8,685.0,1,3.4,2,1,6,1,direct,4,0
3990.75,30,13.5,719.0,2,17.5,4,1,3,1,reseller,1,0
1833.37,45,13.5,586.0,4,22.3,3,2,6,0,online,5,1
1680.28,30,2.4,737.0,2,4.6,3,0,6,0,online,3,1
2244.2,30,4.2,514.0,0,0.0,2,0,2,0,online,5,0
5933.3,30,1.6,620.0,2,9.7,1,0,11,1,direct,6,0
1540.62,30,97.4,539.0,0,0.0,5,0,5,0,reseller,3,0
5397.88,45,32.4,755.0,0,0.0,2,1,11,1,reseller,5,0
1190.85,90,10.3,716.0,1,6.2,3,0,4,1,direct,3,0
3030.06,15,10.3,721.0,1,5.3,2,3,4,0,direct,1,0
4018.58,60,25.2,813.0,0,0.0,3,2,3,1,reseller,4,0
32879.91,45,75.9,652.0,0,0.0,1,3,3,1,online,6,0
1054.07,45,19.8,735.0,1,8.9,1,0,9,1,direct,5,0
13695.37,30,8.5,686.0,1,18.3,0,0,3,1,reseller,1,0
4166.61,30,29.7,672.0,2,18.8,3,2,1,1,direct,6,0
5271.42,15,9.3,798.0,1,3.8,1,2,8,0,direct,5,0
4050.17,90,73.9,850.0,1,20.7,2,0,9,1,direct,1,0
5433.04,45,11.5,641.0,2,10.5,2,0,11,1,online,0,0
3170.62,30,3.3,755.0,0,0.0,0,0,7,1,direct,6,0
13475.72,30,16.6,709.0,1,16.8,6,3,3,0,reseller,1,0
2414.33,15,26.1,710.0,0,0.0,4,0,11,0,direct,0,0
10087.08,30,16.7,702.0,0,0.0,2,1,8,1,direct,0,0
2038.7,45,12.4,650.0,2,10.3,4,3,12,1,reseller,6,0
3448.77,30,13.5,357.0,0,0.0,3,0,9,1,direct,3,0
1387.47,45,16.1,818.0,1,11.1,2,3,5,1,direct,2,0
5483.62,45,30.5,617.0,0,0.0,4,3,2,1,reseller,4,0
13367.92,45,0.9,658.0,1,11.9,0,0,8,0,direct,1,1
3396.09,60,30.9,660.0,1,0.8,3,0,2,1,direct,4,0
3049.71,15,4.3,609.0,2,6.4,2,2,10,1,reseller,0,0
1335.21,45,1.7,702.0,0,0.0,3,0,2,0,reseller,2,1
2962.05,45,1.9,676.0,1,15.4,3,0,4,0,online,2,0
868.25,30,19.4,616.0,1,0.9,1,0,6,0,direct,6,0
1601.04,30,60.6,693.0,0,0.0,4,0,12,0,reseller,4,1
4465.37,30,2.3,677.0,1,10.4,1,0,4,0,direct,0,1
11933.58,30,21.7,764.0,1,20.3,0,0,5,1,direct,1,0
45628.59,30,68.6,559.0,2,13.2,6,0,5,1,online,2,0
2147.53,15,41.6,608.0,2,25.4,3,0,2,1,online,5,1
13250.23,45,8.4,745.0,2,13.8,5,3,12,1,direct,0,0
4534.08,15,38.6,622.0,0,0.0,3,3,6,1,direct,6,1
3177.59,15,5.4,599.0,0,0.0,2,1,4,1,reseller,2,0
5374.04,30,69.9,627.0,0,0.0,5,0,9,0,reseller,2,1
3849.6,30,0.3,671.0,0,0.0,3,2,4,0,online,6,0
4021.28,90,15.9,671.0,2,11.6,4,2,12,0,direct,0,0
2521.22,30,5.6,661.0,1,14.1,5,0,9,1,reseller,2,0
1034.53,30,19.9,587.0,2,12.0,5,0,2,1,direct,3,0
907.54,30,0.5,750.0,1,2.7,2,0,12,1,online,2,1
6554.59,30,9.6,799.0,0,0.0,2,0,3,1,reseller,4,1
2838.33,45,28.8,508.0,2,17.7,7,0,8,1,reseller,2,1
2129.24,45,1.6,540.0,1,9.9,7,3,1,1,direct,1,1
3668.93,30,126.7,770.0,2,7.9,3,2,10,1,direct,5,0
7446.05,45,18.8,821.0,0,0.0,5,1,11,1,direct,6,0
4282.65,30,1.6,488.0,0,0.0,3,1,3,0,direct,4,1
2017.37,60,7.4,753.0,0,0.0,1,3,3,0,direct,5,0
10978.17,30,36.4,827.0,5,26.0,2,0,3,1,direct,2,0
15082.15,30,2.2,602.0,2,7.0,2,2,2,0,direct,4,0
5682.24,45,31.2,822.0,1,2.8,1,0,12,0,direct,2,1
8745.52,60,24.4,664.0,1,12.1,1,1,7,1,reseller,2,0
11134.06,30,3.9,708.0,1,5.7,2,0,12,1,direct,4,0
10067.72,90,46.7,615.0,1,9.1,5,0,2,0,direct,4,0
6327.68,60,46.3,770.0,2,13.6,6,1,5,0,reseller,6,0
6238.61,30,7.1,755.0,1,0.3,2,0,10,1,online,0,0
5812.08,45,22.1,835.0,0,0.0,3,0,10,0,direct,3,0
1356.14,45,24.0,810.0,0,0.0,2,0,8,1,direct,2,0
6840.74,30,11.7,679.0,2,3.1,5,1,4,1,direct,1,0
1074.67,30,2.5,850.0,2,0.6,1,0,3,1,direct,2,0
1780.88,60,20.0,802.0,2,18.1,6,3,1,1,direct,2,0
11768.82,45,15.7,729.0,0,0.0,3,0,11,1,direct,5,0
7755.81,30,15.9,590.0,0,0.0,6,0,9,1,reseller,1,1
13886.31,15,6.8,542.0,4,7.0,1,0,8,1,reseller,5,0
2851.19,30,0.1,550.0,2,11.9,4,0,7,1,direct,4,1
1290.75,60,38.5,596.0,1,26.2,2,0,7,1,direct,6,0
2932.49,45,43.6,804.0,0,0.0,7,0,1,1,direct,0,0
3991.12,15,29.9,724.0,0,0.0,2,3,3,1,direct,6,0
3909.21,60,16.6,625.0,2,20.9,1,2,6,1,direct,3,0
10100.22,60,16.5,668.0,5,9.4,2,3,5,1,direct,0,0
2630.31,30,11.6,657.0,2,1.0,2,0,8,1,reseller,0,0
4998.19,15,2.9,752.0,0,0.0,2,0,5,0,direct,0,0
1495.53,30,68.1,601.0,2,3.9,1,0,5,1,direct,0,0
5460.44,15,5.9,711.0,1,9.1,2,0,3,0,direct,4,1
3651.15,30,1.4,707.0,1,21.3,3,2,1,1,reseller,2,0
1854.12,45,6.3,604.0,2,17.5,4,0,10,1,online,3,1
2944.67,60,9.7,823.0,4,5.9,3,1,12,1,direct,5,0
3084.8,30,11.6,653.0,0,0.0,6,3,10,1,reseller,4,0
2855.09,60,13.8,591.0,0,0.0,3,2,12,1,direct,4,0
17929.58,60,36.7,757.0,2,7.9,2,1,8,1,direct,3,0
3332.24,15,81.6,685.0,2,12.6,2,0,11,1,direct,6,0
2923.37,30,26.1,717.0,0,0.0,4,0,6,1,reseller,4,0
551.31,45,77.0,573.0,0,0.0,2,3,9,0,direct,2,0
1628.17,45,5.8,753.0,2,8.5,3,0,4,0,direct,5,0
2873.35,30,26.6,850.0,1,5.3,3,0,11,0,online,1,0
1963.99,45,5.0,566.0,0,0.0,2,0,9,1,direct,6,0
12626.3,45,27.1,712.0,2,13.9,5,3,11,1,reseller,0,0
3138.67,45,3.2,609.0,1,4.2,5,0,1,1,direct,3,0
11609.74,45,5.0,850.0,1,3.0,6,0,7,0,reseller,1,0
3848.87,15,4.5,792.0,4,9.5,2,2,8,1,reseller,5,1
3765.01,30,13.8,705.0,1,4.7,4,0,7,0,direct,3,0
3361.3,15,31.4,569.0,2,7.1,4,1,6,1,direct,5,1
3653.41,60,0.3,591.0,1,0.2,5,0,8,1,direct,1,0
17101.4,60,50.2,747.0,0,0.0,8,0,3,1,online,5,0
451.4,45,3.1,557.0,2,7.4,3,2,4,1,direct,5,0
601.01,15,24.3,560.0,2,3.2,3,0,12,1,direct,5,1
2233.1,30,9.0,681.0,3,16.8,2,2,2,1,direct,4,1
3688.87,30,1.7,692.0,1,7.3,4,0,11,0,reseller,5,0
6775.67,30,7.3,714.0,0,0.0,2,1,12,1,reseller,2,0
5573.5,30,3.3,640.0,0,0.0,3,3,7,1,reseller,4,0
2576.48,60,7.0,763.0,2,14.4,4,3,6,0,direct,4,0
9110.1,15,0.1,602.0,0,0.0,1,0,11,0,direct,5,1
9202.0,45,34.1,736.0,3,10.8,3,0,2,0,online,3,1
4296.91,90,34.6,699.0,1,5.2,1,0,10,0,reseller,5,0
8659.32,45,50.1,734.0,1,20.2,5,0,12,1,online,0,0
4653.53,15,34.4,786.0,3,30.0,4,0,4,0,reseller,0,0
2196.6,60,99.4,639.0,2,22.0,1,0,10,0,reseller,5,0
6822.87,45,1.3,621.0,1,16.5,4,0,6,1,online,0,0
4022.07,30,1.2,528.0,0,0.0,5,0,8,1,reseller,4,1
3645.34,45,2.9,498.0,0,0.0,3,0,12,1,reseller,5,1
13706.95,60,10.7,664.0,0,0.0,4,0,12,1,direct,3,0
401.1,30,25.0,670.0,2,5.7,4,0,5,0,direct,3,0
1016.46,30,1.8,582.0,1,14.0,5,0,10,1,direct,1,0
1250.92,30,17.8,602.0,1,8.3,4,0,4,1,direct,2,0
2625.6,15,40.8,817.0,1,3.7,3,0,1,1,direct,3,0
2895.33,45,59.1,759.0,4,13.7,5,3,9,1,direct,5,1
937.68,15,7.3,566.0,6,25.0,3,1,9,1,reseller,1,0
1500.21,30,42.4,640.0,2,23.5,0,2,6,1,reseller,6,0
1677.81,30,14.2,717.0,1,5.8,3,0,2,1,direct,6,0
33245.73,30,2.6,624.0,2,28.0,3,0,1,0,online,4,1
18426.92,30,2.9,607.0,1,6.7,6,0,10,1,reseller,3,0
2513.49,45,8.5,650.0,0,0.0,3,0,2,0,direct,5,0
2624.84,30,10.3,778.0,2,19.5,5,2,4,1,direct,5,0
1294.29,30,4.5,786.0,1,0.8,2,0,4,1,online,4,0
653.72,60,17.2,614.0,1,10.5,3,0,5,1,direct,4,0
3277.41,90,20.2,721.0,1,4.6,4,0,2,0,direct,4,0
1483.16,30,37.1,679.0,2,7.4,2,0,10,1,direct,5,0
3373.26,30,4.4,589.0,1,19.5,3,0,6,1,direct,2,0
862.48,15,30.5,653.0,1,6.7,3,1,2,1,reseller,3,1
1833.94,15,15.4,566.0,0,0.0,4,0,9,1,reseller,3,0
4162.06,30,24.0,785.0,0,0.0,5,3,12,1,direct,4,0
5062.36,60,18.9,820.0,0,0.0,5,2,3,1,direct,1,0
5301.39,45,22.2,643.0,4,18.6,5,2,2,1,online,3,0
1109.38,30,21.2,622.0,2,12.1,3,0,12,1,reseller,4,0
7857.45,90,68.9,775.0,3,7.2,2,2,1,1,reseller,6,0
1771.9,30,11.0,789.0,2,11.5,7,1,7,0,direct,0,0
6435.42,30,3.3,580.0,2,7.0,2,1,1,1,online,0,0
3606.26,30,2.9,667.0,3,29.6,2,3,2,1,reseller,2,0
1054.95,30,16.1,675.0,1,9.2,3,0,10,1,direct,2,0
2739.2,60,7.3,611.0,1,21.7,2,1,3,1,online,5,0
5058.51,30,8.7,715.0,1,21.8,1,1,6,0,direct,3,0
6321.23,45,0.7,617.0,1,12.2,3,3,8,1,direct,3,0
3207.06,30,14.1,631.0,0,0.0,2,2,7,1,direct,0,0
14452.19,60,37.2,671.0,2,13.4,2,0,7,0,online,0,0
9016.03,45,10.4,546.0,1,15.3,4,0,11,0,direct,5,0
2890.0,30,8.1,495.0,2,3.5,3,0,7,0,reseller,3,0
7151.73,15,7.0,763.0,2,38.7,2,3,7,0,direct,6,1
20752.34,60,10.5,613.0,0,0.0,3,1,10,1,online,3,0
21256.89,30,73.7,850.0,0,0.0,4,2,12,0,direct,1,0
1205.68,30,8.9,850.0,2,11.5,1,1,2,1,direct,4,0
1581.49,60,0.1,634.0,1,12.0,8,1,1,0,reseller,6,0
13855.35,15,32.0,850.0,0,0.0,4,0,2,0,direct,0,0
1404.66,30,0.3,764.0,3,6.8,1,0,2,1,direct,4,0
1107.34,30,25.6,622.0,0,0.0,2,2,1,1,online,2,0
2350.6,30,24.5,448.0,2,33.9,3,2,10,1,direct,4,1
5314.55,30,47.0,742.0,0,0.0,5,0,6,1,direct,3,0
3320.41,30,3.1,683.0,3,6.0,4,3,11,1,direct,2,0
2027.37,15,11.4,719.0,2,10.7,4,0,4,1,reseller,2,0
1984.67,15,70.3,659.0,0,0.0,3,0,9,0,direct,3,0
1917.73,30,10.3,577.0,2,3.8,3,2,6,1,online,3,0
1649.85,90,4.0,642.0,1,5.5,3,0,4,1,direct,1,0
28380.84,30,54.7,744.0,1,9.6,2,1,10,1,direct,2,0
4758.84,30,9.5,648.0,2,26.1,6,1,11,1,online,0,0
8087.57,30,0.9,648.0,1,5.9,5,0,3,0,direct,2,0
2344.51,45,16.2,543.0,0,0.0,4,0,3,1,reseller,5,1
3079.86,15,23.9,688.0,0,0.0,3,0,9,1,online,5,1
1915.63,30,6.4,580.0,2,22.3,2,0,6,1,direct,6,0
334.78,45,12.8,763.0,3,3.4,1,2,7,0,reseller,4,0
1053.41,30,22.0,614.0,4,7.0,1,0,10,1,reseller,0,0
713.69,45,22.9,653.0,2,9.6,3,0,9,1,direct,0,0
480.68,60,18.6,850.0,3,5.2,3,1,5,1,direct,4,0
1241.63,60,1.4,652.0,2,19.9,4,1,8,0,direct,1,0
11997.58,30,4.2,640.0,0,0.0,2,0,10,1,reseller,1,1
3498.21,15,38.6,733.0,0,0.0,4,0,2,1,direct,2,0
11631.91,30,21.5,519.0,1,13.2,1,0,8,1,direct,2,0
5270.52,45,18.6,793.0,0,0.0,2,3,6,0,direct,4,0
7363.59,60,49.1,769.0,2,5.1,3,0,11,0,reseller,1,0
1618.4,60,12.9,727.0,2,28.0,2,0,4,1,online,4,0
5834.57,30,14.5,376.0,1,4.0,4,0,3,1,reseller,0,1
7015.26,60,5.1,657.0,0,0.0,4,2,10,0,reseller,5,0
2166.82,30,13.3,565.0,1,14.9,1,0,8,1,direct,6,0
6024.48,60,13.7,781.0,0,0.0,5,1,3,1,direct,0,0
6060.63,30,1.9,775.0,1,2.2,2,0,8,1,direct,4,1
2220.31,15,17.9,715.0,0,0.0,1,0,4,0,reseller,5,1
1325.45,15,4.6,572.0,3,12.3,2,0,5,1,reseller,3,0
1254.24,90,39.5,814.0,3,13.7,8,0,12,1,direct,6,1
3935.74,30,9.3,656.0,1,8.8,3,0,6,1,reseller,4,0
4886.88,30,15.1,842.0,2,15.8,3,3,12,1,reseller,0,0
1784.2,30,19.2,704.0,0,0.0,0,1,12,1,reseller,0,0
3729.12,30,2.2,726.0,2,4.9,5,0,8,1,online,5,0
6084.4,60,29.8,639.0,1,5.2,4,3,3,1,direct,2,0
6351.03,15,40.3,807.0,2,14.2,1,2,8,1,reseller,6,0
14716.02,15,8.0,735.0,1,5.4,4,0,2,1,direct,6,0
11490.58,45,16.8,810.0,0,0.0,3,2,9,1,direct,1,0
1478.58,30,13.6,696.0,0,0.0,6,3,7,0,direct,3,0
16567.99,15,9.7,676.0,2,3.6,3,0,12,0,direct,4,0
2257.74,15,15.0,734.0,0,0.0,5,0,11,1,direct,2,1
9324.36,30,27.8,810.0,1,24.6,2,3,2,1,online,6,0
3870.69,30,8.8,772.0,2,11.1,2,1,12,1,reseller,1,1
2512.58,15,8.1,692.0,3,6.8,3,3,8,1,reseller,2,0
715.57,30,46.0,513.0,0,0.0,2,0,11,1,reseller,1,1
3120.01,45,2.1,753.0,2,39.3,1,0,11,1,online,1,0
894.76,60,15.9,551.0,0,0.0,4,3,10,1,direct,5,0
8695.57,60,21.4,683.0,0,0.0,3,0,9,1,direct,5,0
14258.57,30,40.2,670.0,0,0.0,6,1,2,1,reseller,4,0
1777.17,30,44.9,552.0,0,0.0,3,0,3,1,online,1,0
4777.98,90,5.2,714.0,0,0.0,3,1,8,1,direct,2,0
1895.33,45,45.3,850.0,0,0.0,0,3,12,0,reseller,0,0
2068.05,30,36.8,652.0,0,0.0,2,0,8,1,direct,6,0
7310.34,30,2.7,749.0,0,0.0,0,3,9,1,online,3,0
3516.83,30,26.2,850.0,2,14.7,6,2,6,0,reseller,0,0
17425.38,30,8.7,758.0,2,19.0,2,0,6,1,online,6,0
2358.99,30,18.7,622.0,1,31.2,6,3,11,1,direct,5,1
8949.95,15,16.0,701.0,1,2.6,3,1,8,1,direct,4,1
3974.57,90,41.1,723.0,1,6.0,3,0,12,1,reseller,3,0
7451.72,30,7.7,809.0,0,0.0,4,1,12,0,reseller,0,1
2434.65,30,13.3,789.0,1,15.3,2,0,12,0,direct,6,0
3482.12,30,7.5,431.0,1,9.2,3,3,4,0,direct,0,1
3281.48,45,77.4,603.0,3,4.2,3,3,1,0,direct,6,1
1715.65,45,0.5,674.0,1,6.7,0,3,11,0,reseller,0,0
6606.92,15,26.3,589.0,2,12.1,2,2,1,0,direct,2,0
6536.94,30,174.3,347.0,3,7.4,5,3,8,1,direct,6,1
6211.76,45,18.5,615.0,1,28.3,2,0,1,1,reseller,0,1
14519.81,60,27.4,680.0,1,13.6,2,3,12,1,reseller,2,0
13418.78,30,55.7,633.0,0,0.0,3,0,4,1,reseller,6,0
2598.14,60,7.1,590.0,0,0.0,3,3,12,0,reseller,0,0
5093.64,30,2.2,684.0,1,16.0,2,2,9,1,direct,5,0
2077.17,15,5.2,711.0,1,12.8,3,2,1,1,reseller,2,0
3718.29,15,17.2,638.0,1,7.0,4,3,7,1,online,1,0
2122.24,30,15.7,803.0,1,8.8,4,0,1,0,direct,6,0
15647.45,30,29.6,685.0,0,0.0,3,0,6,1,direct,3,0
5050.93,30,7.9,602.0,0,0.0,2,0,9,1,direct,3,0
2992.23,45,37.9,579.0,0,0.0,1,0,9,1,reseller,2,0
10660.03,30,3.7,661.0,1,2.6,2,0,7,1,online,6,1
516.18,90,6.2,780.0,1,27.4,4,0,4,0,direct,5,0
594.25,30,11.8,606.0,0,0.0,6,1,7,1,reseller,5,0
7452.13,30,23.0,734.0,0,0.0,1,3,12,1,reseller,6,0
3844.59,60,4.1,689.0,1,14.7,4,0,7,0,direct,2,1
4561.48,60,52.8,850.0,2,49.1,2,3,3,1,reseller,4,1
1103.5,45,26.6,715.0,1,10.4,1,0,10,1,direct,0,0
3565.61,45,16.5,617.0,0,0.0,1,1,5,1,reseller,6,0
22096.15,15,14.4,746.0,1,17.1,4,0,11,1,reseller,2,0
7644.79,15,5.8,749.0,2,25.0,5,0,11,1,online,0,0
4241.77,30,4.0,644.0,2,1.8,2,0,1,0,direct,1,0
2452.47,15,22.2,575.0,2,10.1,1,1,10,0,direct,2,1
2552.64,30,5.9,728.0,0,0.0,2,0,10,0,direct,0,0
535.78,30,6.9,686.0,2,17.5,1,1,2,1,direct,2,1
4591.11,60,59.0,544.0,0,0.0,3,2,2,1,online,3,0
7792.64,60,8.2,703.0,0,0.0,3,3,1,0,reseller,1,0
881.78,60,3.0,623.0,1,24.1,4,1,5,0,reseller,5,0
2007.66,45,3.4,544.0,3,16.1,3,2,8,1,reseller,2,0
1284.7,30,11.7,648.0,3,31.5,2,0,12,1,direct,6,0
1527.19,15,14.1,795.0,5,9.1,5,2,9,0,direct,0,0
3820.49,45,4.7,789.0,0,0.0,1,1,8,0,direct,5,0
557.82,45,41.1,765.0,2,22.1,2,3,11,1,online,3,0
6328.66,30,21.1,704.0,1,8.4,3,2,1,1,direct,5,0
7175.8,30,11.3,734.0,3,10.9,2,0,1,0,direct,2,0
2904.47,30,18.3,689.0,2,12.7,1,2,1,1,online,5,0
390.47,30,4.6,581.0,0,0.0,6,2,11,1,online,4,1
1485.08,30,32.0,599.0,2,3.2,1,1,4,0,reseller,1,1
11043.66,30,10.2,625.0,5,21.1,4,3,5,1,direct,2,0
298.81,45,15.9,806.0,2,0.3,2,1,6,1,direct,1,0
2663.05,90,27.8,777.0,0,0.0,5,0,5,1,direct,0,0
1258.91,30,5.0,583.0,2,11.1,0,0,12,1,online,2,0
7510.92,45,0.5,685.0,2,1.1,3,0,8,0,online,3,0
1983.06,60,7.6,644.0,0,0.0,1,0,9,1,reseller,4,0
5237.29,15,45.4,666.0,1,1.7,4,0,11,1,online,3,0
6056.66,45,5.4,632.0,3,6.7,2,0,8,1,direct,2,0
19007.77,30,19.9,807.0,4,33.9,0,3,5,0,direct,5,0
3033.14,30,28.0,678.0,0,0.0,2,0,6,1,reseller,6,0
5107.37,15,5.7,699.0,3,13.6,2,1,1,1,online,2,0
956.66,60,29.6,700.0,1,14.9,5,2,4,1,online,4,0
10629.33,90,58.8,588.0,2,4.9,3,1,8,1,direct,5,0
1836.36,15,1.7,690.0,4,15.5,5,2,4,1,online,0,0
2198.04,30,10.2,776.0,3,14.1,4,1,7,0,direct,6,0
3568.77,30,1.4,813.0,1,9.6,3,2,6,1,direct,5,0
891.94,45,40.0,577.0,0,0.0,2,0,12,1,direct,4,1
4473.35,30,28.0,543.0,2,19.0,2,0,12,1,direct,1,1
8696.88,30,5.2,686.0,2,3.8,4,0,7,0,direct,0,1
4739.28,60,19.5,780.0,2,7.8,3,0,4,1,reseller,4,0
871.31,30,10.5,712.0,2,6.6,2,0,8,1,online,2,0
3257.03,30,6.5,741.0,1,5.0,4,0,12,1,online,0,0
7099.83,30,23.9,558.0,0,0.0,1,0,11,1,direct,2,0
671.7,30,6.0,629.0,1,7.8,2,0,5,0,direct,0,0
1383.97,30,10.5,482.0,0,0.0,3,3,4,0,direct,1,0
8013.55,30,5.6,667.0,0,0.0,5,0,8,1,direct,4,0
4642.86,30,22.4,485.0,3,3.7,6,2,1,0,reseller,2,0
5275.21,60,6.5,800.0,1,25.3,4,1,5,1,direct,0,0
19410.03,30,9.4,820.0,0,0.0,5,0,9,1,direct,4,0
5550.8,60,15.4,693.0,0,0.0,3,0,7,1,direct,0,0
6582.03,30,7.4,544.0,0,0.0,1,0,9,0,reseller,2,1
41759.03,45,10.8,714.0,1,5.3,5,1,7,1,online,0,0
3003.63,30,89.9,847.0,1,4.3,2,1,11,0,reseller,1,0
1775.62,45,13.1,723.0,1,2.1,3,0,8,1,direct,5,0
5350.88,30,9.4,787.0,0,0.0,3,1,3,1,direct,5,0
5405.07,15,19.3,636.0,2,4.5,0,1,11,1,online,4,1
2266.42,30,33.0,602.0,1,11.7,2,0,6,0,online,2,1
1437.76,15,22.3,674.0,2,23.6,1,2,1,1,online,2,1
29110.67,60,46.3,507.0,0,0.0,5,0,1,1,online,2,0
4886.15,90,29.3,850.0,1,13.0,5,0,8,1,reseller,3,0
1883.61,45,7.0,693.0,0,0.0,1,1,9,1,online,0,0
8302.71,15,9.1,758.0,2,2.1,3,1,3,1,online,2,0
3300.3,60,2.6,638.0,1,6.3,2,1,3,1,reseller,5,0
2899.83,45,32.5,541.0,2,13.8,4,1,5,0,direct,3,0
6039.31,30,1.4,808.0,0,0.0,3,1,7,0,direct,0,0
1138.32,30,36.2,579.0,3,4.3,4,0,1,1,reseller,3,0
5000.86,45,9.9,711.0,0,0.0,3,0,7,1,reseller,4,0
20366.76,15,23.6,720.0,2,8.7,1,2,2,0,direct,4,0
5538.95,30,3.9,687.0,2,2.2,6,0,5,1,direct,5,0
2595.17,45,5.3,609.0,1,14.1,3,2,5,0,direct,1,0
2306.77,30,60.1,667.0,0,0.0,2,1,1,1,online,0,0
2516.68,30,28.6,594.0,3,13.8,2,1,1,1,direct,3,1
2897.01,30,4.2,753.0,0,0.0,6,0,8,1,online,2,0
2591.45,45,4.2,731.0,2,10.9,4,1,5,1,reseller,6,0
8305.56,90,33.3,678.0,0,0.0,3,0,7,0,direct,6,1
765.18,60,8.5,629.0,1,7.2,3,1,3,1,direct,3,0
7909.34,45,93.8,850.0,2,6.4,3,0,3,1,online,3,0
2587.07,30,12.4,563.0,1,4.7,2,0,4,1,reseller,3,0
5111.52,45,74.9,541.0,2,7.4,2,2,8,1,online,4,0
1320.43,30,8.1,673.0,0,0.0,2,2,6,0,online,6,0
12037.33,15,41.4,657.0,0,0.0,5,0,12,1,online,6,1
11170.94,45,4.4,779.0,0,0.0,4,1,11,1,reseller,0,0
8635.45,45,28.0,738.0,3,7.8,3,0,12,1,direct,6,0
931.43,30,60.1,683.0,2,8.0,0,1,2,1,reseller,1,0
7678.73,60,14.7,725.0,1,7.2,7,0,11,0,reseller,2,0
5241.53,45,6.8,723.0,1,16.9,3,0,1,1,direct,3,1
858.56,30,14.6,850.0,0,0.0,4,2,10,1,reseller,5,0
3562.2,15,6.4,703.0,2,19.8,3,0,7,1,direct,6,1
5054.74,15,34.2,619.0,1,2.8,2,3,10,1,reseller,2,0
6005.72,30,1.7,698.0,2,19.9,2,3,6,1,reseller,4,1
4270.71,30,3.8,444.0,3,0.8,2,1,9,1,reseller,5,0
4732.02,30,3.7,677.0,0,0.0,1,2,4,1,direct,6,1
13715.07,30,14.5,778.0,4,17.2,9,0,5,1,direct,5,1
10975.61,30,2.7,734.0,0,0.0,3,3,12,1,reseller,6,0
275.79,45,2.7,707.0,1,3.0,3,1,3,1,direct,4,1
2736.15,45,30.0,738.0,3,14.3,3,1,8,1,online,0,0
3139.49,30,2.5,779.0,0,0.0,4,3,10,0,online,4,0
752.28,30,23.5,808.0,2,14.9,4,2,3,1,online,4,0
3963.03,15,5.2,720.0,2,45.5,6,2,8,0,direct,3,1
11202.39,15,0.6,652.0,2,48.8,3,3,7,1,online,1,0
1369.35,30,7.0,472.0,1,23.4,2,0,10,1,direct,0,1
4928.36,15,22.1,768.0,1,4.5,2,0,8,1,reseller,0,0
1596.8,30,8.7,726.0,0,0.0,4,0,12,0,online,3,0
1988.79,90,2.4,694.0,1,11.2,3,0,7,0,direct,3,0
13761.83,30,15.3,618.0,0,0.0,7,0,5,0,reseller,0,0
2234.33,60,28.7,767.0,1,4.5,7,1,7,0,reseller,2,0
5519.22,15,13.3,657.0,2,19.4,3,0,11,0,direct,0,0
675.8,30,92.4,677.0,2,2.9,5,3,1,1,direct,1,0
19459.41,60,20.4,675.0,1,0.9,5,2,1,0,direct,3,0
6262.83,30,15.7,720.0,0,0.0,5,0,2,1,reseller,1,0
3089.46,45,8.2,577.0,0,0.0,3,2,4,1,reseller,1,0
6111.89,90,12.4,731.0,2,2.2,2,0,8,0,online,0,0
1023.68,30,10.8,615.0,1,2.1,2,0,6,1,reseller,2,0
10554.18,30,39.7,618.0,0,0.0,4,2,7,1,reseller,6,0
2720.07,30,5.2,760.0,1,11.9,8,0,12,1,direct,4,0
3030.06,15,49.8,590.0,0,0.0,0,1,1,0,direct,1,0
2339.07,15,18.0,760.0,0,0.0,3,0,12,0,direct,3,0
2159.03,15,27.8,689.0,2,8.8,3,3,4,0,direct,6,0
6803.58,60,37.5,532.0,2,15.4,3,3,7,0,online,3,0
4583.95,45,27.8,803.0,1,2.3,1,0,2,1,direct,3,0
6545.76,30,12.1,708.0,1,10.5,2,0,7,0,reseller,4,0
3612.25,30,0.1,715.0,1,4.5,3,0,3,1,online,6,0
5778.39,45,92.8,771.0,2,41.7,4,0,6,0,direct,4,0
2497.48,60,4.7,815.0,0,0.0,0,1,3,1,direct,4,0
27085.63,30,3.2,698.0,3,26.6,2,3,11,1,direct,4,0
887.9,30,25.2,736.0,1,14.8,5,3,8,1,reseller,5,0
11325.86,60,23.5,713.0,2,33.4,6,1,11,1,direct,3,1
12470.44,60,3.8,649.0,1,9.0,2,1,12,1,direct,0,0
1690.97,60,72.2,537.0,0,0.0,4,0,4,1,reseller,4,0
27074.46,30,30.4,699.0,2,7.9,1,0,6,1,direct,3,0
8919.02,15,39.5,804.0,2,5.1,2,2,1,1,direct,1,0
8725.67,30,3.8,732.0,2,2.5,1,1,12,1,direct,4,0
3733.94,30,2.5,584.0,1,11.9,6,1,1,1,direct,5,1
2994.39,60,23.6,779.0,2,18.9,4,1,2,1,reseller,1,0
3015.53,15,4.4,652.0,1,8.5,4,2,11,0,direct,5,0
5174.39,45,7.4,492.0,0,0.0,1,1,5,1,online,3,0
12849.6,60,50.7,772.0,0,0.0,3,1,9,0,direct,6,0
4286.32,90,0.6,595.0,0,0.0,5,0,8,0,reseller,5,0
1603.11,45,40.3,840.0,0,0.0,2,3,3,1,online,6,0
7646.36,60,9.1,783.0,1,16.5,1,1,8,1,direct,6,0
8341.81,15,14.7,659.0,0,0.0,2,2,9,1,direct,3,0
6562.94,30,38.6,721.0,0,0.0,4,1,2,1,reseller,2,1
7122.04,15,32.7,850.0,1,19.4,3,2,5,0,reseller,3,0
2853.11,90,86.7,770.0,1,4.3,3,0,2,1,online,1,0
1577.99,60,91.6,701.0,0,0.0,4,3,8,1,online,2,0
1666.74,15,12.4,850.0,1,1.7,2,0,2,1,direct,6,0
835.54,15,6.6,691.0,2,8.4,2,0,8,1,direct,5,1
4506.4,30,6.1,732.0,0,0.0,4,0,9,1,direct,0,0
3377.52,30,28.5,596.0,1,15.6,5,0,9,1,direct,1,0
2450.41,60,11.1,529.0,2,22.7,1,0,1,1,direct,4,1
254.66,30,13.0,654.0,1,0.6,2,0,4,1,direct,4,0
1184.9,45,26.4,683.0,2,8.7,2,0,11,1,online,0,0
9984.17,30,29.2,710.0,1,4.7,4,0,12,1,reseller,3,0
2001.87,30,13.9,552.0,0,0.0,4,0,2,1,direct,4,0
5036.83,15,30.0,739.0,2,20.0,5,0,11,0,direct,1,0
1041.46,90,17.4,605.0,3,28.3,1,2,2,1,direct,3,0
13290.9,45,6.6,735.0,2,37.5,2,0,1,1,direct,1,0
3198.3,30,8.6,764.0,2,6.4,0,0,2,1,direct,2,1
4726.95,30,31.8,644.0,3,1.5,7,2,9,1,direct,1,0
29531.18,60,2.4,593.0,1,1.0,3,0,12,0,direct,6,0
14254.05,60,35.8,819.0,0,0.0,1,3,7,1,reseller,5,0
2763.05,60,8.4,759.0,3,18.6,4,3,3,1,reseller,0,0
2134.74,45,2.3,694.0,2,13.6,1,0,7,1,direct,5,0
2716.26,60,73.7,812.0,4,14.2,1,2,6,0,reseller,4,0
5761.24,30,23.5,687.0,2,8.9,0,1,2,1,reseller,1,0
3311.97,45,0.1,624.0,1,6.4,1,1,5,1,direct,0,0
2551.1,30,3.1,590.0,3,25.7,1,3,7,1,direct,6,1
13635.92,30,18.2,670.0,0,0.0,1,3,10,1,reseller,2,0
3285.29,90,1.0,749.0,0,0.0,4,0,9,1,direct,1,0
28843.22,90,8.0,805.0,0,0.0,1,0,3,1,direct,1,0
3950.78,30,13.2,682.0,2,7.0,5,0,1,1,direct,0,1
18156.55,30,41.0,789.0,2,18.1,2,0,12,0,direct,3,0
5022.02,60,8.6,661.0,2,16.8,6,3,6,1,online,6,1
8661.68,90,18.9,610.0,1,15.4,2,2,5,1,direct,3,0
1896.66,45,26.1,562.0,3,14.8,2,0,8,1,direct,6,0
1688.54,15,3.8,634.0,2,19.4,2,1,3,1,reseller,6,0
5506.78,30,19.2,566.0,1,19.4,0,3,2,1,direct,1,0
8863.51,60,15.5,850.0,1,9.8,2,0,7,1,online,3,0
3775.28,45,16.7,720.0,1,7.9,2,0,12,1,online,1,0
1143.95,45,3.8,671.0,2,12.8,5,1,5,1,reseller,4,0
1070.38,45,16.7,835.0,2,23.3,1,1,9,1,direct,2,0
1007.85,30,3.2,563.0,2,4.8,4,2,6,1,online,0,0
741.84,30,14.5,668.0,3,8.4,3,2,9,1,direct,0,0
4017.99,60,79.1,850.0,2,6.2,1,0,9,1,direct,3,0
10022.02,30,5.6,667.0,0,0.0,9,3,6,1,reseller,2,0
3597.25,45,37.7,850.0,0,0.0,5,0,6,0,reseller,5,0
476.1,45,6.6,751.0,3,2.7,4,0,2,1,direct,5,0
3066.57,60,23.0,798.0,1,2.3,2,0,10,1,reseller,6,0
3144.72,30,14.7,800.0,2,30.5,4,0,11,0,online,0,1
24014.16,45,52.8,680.0,1,3.6,7,0,1,1,online,5,0
981.0,15,7.8,636.0,2,15.3,1,0,1,0,direct,2,0
2561.61,15,70.9,670.0,2,37.4,4,0,8,0,direct,4,0
16903.36,30,7.2,591.0,1,21.9,1,0,10,0,online,2,0
5458.78,15,35.9,674.0,2,14.9,3,0,7,0,direct,5,0
6044.97,60,20.9,680.0,1,16.9,5,0,3,1,online,6,0
4036.47,60,7.8,832.0,0,0.0,4,0,9,0,direct,1,0
4899.8,15,32.8,733.0,3,22.3,3,0,9,0,direct,5,0
7330.86,60,161.8,850.0,0,0.0,0,1,7,1,direct,0,0
1757.17,30,19.0,486.0,1,7.3,0,1,6,1,direct,2,0
8024.48,45,38.5,570.0,2,2.2,3,0,7,1,online,4,1
1058.17,60,5.4,648.0,1,18.9,7,2,6,0,direct,1,1
4892.85,30,20.3,814.0,1,45.0,4,2,10,1,online,5,0
4276.4,15,45.0,670.0,3,4.0,3,3,12,1,reseller,6,0
2090.87,15,99.2,548.0,1,0.5,5,0,9,1,direct,5,0
3567.37,30,5.6,658.0,0,0.0,4,0,12,1,reseller,1,0
2079.15,60,29.5,572.0,1,5.9,3,0,11,0,reseller,6,0
1387.79,30,6.2,555.0,0,0.0,4,3,1,0,direct,4,1
2648.49,30,0.5,850.0,0,0.0,1,1,6,1,reseller,5,0
1348.04,15,9.9,648.0,1,8.2,1,0,11,1,direct,4,0
4868.39,60,54.2,696.0,1,3.7,3,0,6,0,direct,0,0
1293.26,30,6.8,672.0,0,0.0,2,3,1,1,reseller,5,0
6910.38,45,5.5,657.0,1,9.0,3,0,1,1,direct,6,0
1257.23,45,18.9,604.0,1,16.2,2,2,8,1,direct,4,1
2187.11,30,16.0,652.0,1,2.8,4,0,11,1,reseller,2,0
2075.29,15,8.3,710.0,2,40.1,3,0,10,0,online,2,0
11999.64,30,0.3,808.0,1,14.1,4,0,11,1,reseller,5,0
4901.33,30,9.4,765.0,2,6.3,3,3,4,1,direct,1,1
3009.23,45,16.3,570.0,1,24.8,2,0,12,1,reseller,5,1
5703.57,60,11.8,769.0,2,19.4,4,0,9,0,direct,1,0
546.5,30,2.6,723.0,2,15.6,1,2,3,0,reseller,3,0
3502.32,30,2.7,624.0,1,11.1,2,2,8,1,direct,4,0
21977.24,15,1.8,696.0,1,6.4,2,3,1,0,reseller,6,0
4101.52,30,3.3,732.0,2,13.1,2,2,6,1,online,3,0
3870.43,45,9.2,684.0,2,11.1,1,0,3,1,reseller,4,0
5962.92,45,2.8,723.0,0,0.0,5,0,11,1,reseller,2,0
8152.21,45,37.0,602.0,1,14.7,1,0,2,1,direct,5,0
603.22,15,5.6,850.0,1,7.5,3,0,9,1,direct,3,0
801.04,30,2.9,506.0,1,7.4,3,2,7,0,direct,1,1
4399.57,30,35.9,732.0,1,4.9,5,0,10,1,direct,6,0
1913.35,90,7.6,713.0,5,11.6,2,0,4,0,direct,6,0
11858.77,45,9.2,738.0,0,0.0,5,0,1,1,direct,0,0
2741.73,60,3.5,616.0,0,0.0,1,1,8,0,direct,2,1
638.37,15,12.6,785.0,0,0.0,1,3,3,0,online,0,0
1163.03,30,23.0,670.0,4,6.2,0,0,9,0,direct,3,0
306.52,45,6.1,573.0,1,7.9,6,0,8,0,reseller,0,1
2949.19,30,2.6,581.0,2,27.5,0,0,6,0,online,1,0
3073.14,45,3.9,691.0,0,0.0,1,1,10,1,direct,2,1
2484.89,30,91.1,536.0,4,14.6,1,2,3,1,direct,0,0
9614.15,90,7.5,842.0,5,11.5,4,1,10,1,reseller,1,0
10707.16,30,55.0,774.0,2,31.8,3,3,8,0,reseller,4,0
3123.32,60,5.5,844.0,2,8.1,2,1,6,0,online,1,0
533.14,30,99.7,835.0,1,5.0,2,0,7,1,reseller,3,0
6345.83,30,11.7,648.0,0,0.0,6,0,10,1,direct,0,1
6001.86,30,20.6,602.0,1,14.6,2,0,5,1,direct,6,0
4810.0,30,2.0,439.0,2,4.1,2,0,11,1,reseller,2,0
8807.26,90,13.2,643.0,0,0.0,1,1,12,1,direct,0,0
1276.22,60,14.6,839.0,3,2.2,1,3,8,0,direct,2,0
22200.72,90,92.7,605.0,0,0.0,5,0,6,1,online,2,0
1535.35,90,47.9,661.0,1,11.9,5,0,2,1,reseller,6,0
7145.95,45,17.6,630.0,1,13.2,6,0,5,1,direct,1,1
797.42,30,46.6,714.0,1,13.9,4,0,8,0,direct,3,0
1576.18,60,1.0,796.0,2,14.4,1,0,4,0,online,1,1
14253.13,15,85.2,541.0,2,9.4,4,3,4,1,reseller,5,0
2878.98,60,21.3,559.0,0,0.0,1,0,1,0,reseller,5,0
7753.74,30,48.9,814.0,2,6.6,2,3,5,1,reseller,4,0
4506.43,45,17.8,746.0,0,0.0,2,2,4,0,direct,3,0
3312.76,30,67.9,657.0,0,0.0,1,1,11,1,online,3,0
12424.99,30,36.0,834.0,1,10.7,2,0,1,1,direct,6,0
2942.48,15,64.4,557.0,1,2.8,4,3,12,1,reseller,6,1
733.14,30,32.7,764.0,2,5.7,3,2,8,1,direct,4,1
1767.08,30,22.2,674.0,1,8.7,2,3,9,1,online,5,1
5979.38,30,32.5,735.0,1,3.6,4,0,9,1,reseller,4,1
5197.63,30,35.1,465.0,2,1.6,2,0,4,1,direct,0,1
888.6,30,33.5,657.0,2,11.5,4,0,9,1,reseller,3,0
1897.12,30,60.4,746.0,2,4.0,3,0,4,1,direct,1,0
2156.95,60,48.3,674.0,0,0.0,4,0,4,1,reseller,4,0
2620.39,15,61.1,793.0,1,13.0,2,1,1,1,direct,6,0
1055.4,30,9.1,790.0,3,17.7,2,0,12,1,direct,2,1
2068.27,30,81.4,594.0,1,6.8,1,2,1,1,reseller,5,0
1889.85,30,15.8,754.0,1,20.6,3,0,5,0,direct,6,0
7290.88,30,5.7,591.0,1,24.3,4,2,1,0,reseller,2,0
7541.75,45,5.1,685.0,3,9.0,5,2,12,0,online,5,0
3193.17,30,14.8,739.0,0,0.0,3,0,9,1,direct,4,0
2558.47,30,5.1,605.0,0,0.0,3,2,7,1,direct,1,0
4129.58,30,11.3,751.0,1,10.9,3,0,3,1,reseller,5,0
1746.0,30,55.7,635.0,1,17.7,4,3,11,1,direct,2,0
1297.05,30,4.5,628.0,0,0.0,10,0,1,0,direct,2,0
1562.12,45,23.1,744.0,0,0.0,2,2,6,1,direct,0,0
2056.31,30,18.8,605.0,1,9.5,3,3,12,1,online,0,1
1277.77,45,1.9,600.0,0,0.0,4,1,5,1,reseller,1,0
4212.68,30,10.4,774.0,1,1.7,2,1,9,1,online,4,0
7021.58,30,28.7,690.0,2,0.2,0,0,1,1,online,6,0
872.72,30,39.5,549.0,0,0.0,3,0,8,1,reseller,0,0
3724.23,15,18.7,757.0,0,0.0,5,1,8,1,direct,2,0
2987.1,30,20.5,643.0,0,0.0,3,2,7,0,direct,1,0
4951.06,60,53.8,554.0,2,4.5,2,0,7,1,reseller,3,1
3598.8,45,45.9,454.0,1,4.5,3,1,12,1,reseller,3,0
984.13,30,5.4,761.0,1,12.8,3,0,9,1,direct,6,0
1168.94,30,9.6,603.0,2,0.8,2,0,8,1,reseller,5,1
3738.66,60,25.3,568.0,1,12.1,3,0,2,0,direct,3,1
9190.29,15,17.6,738.0,0,0.0,4,3,1,1,reseller,1,0
496.33,30,25.3,753.0,0,0.0,5,2,1,1,direct,4,1
4969.89,60,17.2,609.0,0,0.0,3,0,8,1,reseller,1,0
10621.76,30,24.9,762.0,0,0.0,2,1,7,1,reseller,6,1
3172.5,15,17.9,850.0,1,4.9,3,2,6,1,online,2,0
5974.06,30,8.1,801.0,1,13.9,0,0,9,1,direct,2,0
1933.79,45,62.3,787.0,0,0.0,4,0,12,1,direct,0,0
3270.08,30,2.3,708.0,0,0.0,4,0,4,1,direct,4,0
846.56,45,12.2,640.0,0,0.0,1,1,6,1,reseller,1,0
441.46,30,21.0,675.0,1,16.5,3,0,1,1,direct,2,1
8505.68,30,50.3,720.0,0,0.0,3,3,10,1,online,2,0
1500.43,30,17.0,567.0,2,6.6,3,0,1,1,direct,1,1
2416.38,60,0.4,611.0,2,15.7,3,1,10,0,direct,5,0
1045.45,30,47.2,552.0,3,5.8,1,0,10,0,direct,6,0
1023.54,45,34.4,701.0,2,15.9,2,1,1,1,direct,4,0
3113.63,30,16.6,687.0,3,3.1,3,2,12,1,reseller,6,0
1888.2,15,18.1,621.0,3,9.2,2,1,12,1,online,2,0
5116.23,30,10.5,754.0,0,0.0,2,0,5,0,reseller,6,0
5471.37,30,62.5,586.0,3,2.0,1,2,7,1,online,6,0
4859.86,30,3.4,618.0,0,0.0,5,1,10,1,direct,0,0
4513.11,60,27.3,750.0,0,0.0,3,2,10,1,direct,1,1
15062.92,60,18.5,764.0,0,0.0,5,1,1,0,online,3,0
1392.93,45,23.1,608.0,3,11.6,3,2,8,1,direct,3,0
3465.31,30,25.9,701.0,3,2.6,3,1,2,0,reseller,4,0
10091.22,30,45.8,610.0,1,33.1,8,2,6,1,online,4,0
11362.64,45,1.6,662.0,0,0.0,2,0,12,0,reseller,0,0
1012.74,30,45.4,693.0,2,11.0,3,0,4,1,direct,6,0
2748.69,60,11.6,730.0,3,39.6,3,0,7,1,direct,0,1
12361.09,60,44.4,709.0,0,0.0,1,0,3,0,online,5,0
5751.82,30,11.3,705.0,2,7.4,3,0,12,1,direct,3,1
4340.46,60,28.9,583.0,0,0.0,0,0,9,1,direct,2,0
2993.16,60,6.0,715.0,0,0.0,2,0,3,1,direct,3,0
2577.51,30,65.9,730.0,0,0.0,3,1,1,1,direct,3,0
4719.21,60,30.8,742.0,2,19.8,2,1,10,1,direct,0,0
2901.15,15,0.4,615.0,2,4.1,3,2,3,1,reseller,3,0
3504.07,15,1.7,762.0,0,0.0,2,2,10,1,direct,6,0
3907.84,30,7.2,561.0,2,18.1,1,1,7,1,reseller,2,1
1977.79,30,20.6,641.0,0,0.0,2,0,11,0,online,2,0
5877.67,30,10.6,655.0,1,9.1,4,0,3,0,direct,3,0
50152.33,60,3.9,566.0,2,1.8,0,1,4,0,reseller,6,1
735.62,30,24.5,654.0,2,7.3,3,1,7,1,direct,0,0
4873.71,30,20.4,700.0,0,0.0,4,3,11,1,direct,2,0
1836.89,45,45.0,516.0,2,11.3,2,0,5,0,direct,0,1
6122.11,15,8.8,644.0,2,14.4,3,3,8,1,reseller,0,0
3796.75,45,22.3,523.0,0,0.0,1,1,4,1,online,0,0
7227.65,30,58.2,850.0,0,0.0,1,0,9,1,reseller,2,0
10487.67,90,55.4,699.0,2,19.5,8,1,9,1,direct,0,0
4329.38,45,2.9,691.0,0,0.0,3,2,2,0,online,5,1
10085.43,15,41.8,701.0,2,11.5,0,1,3,1,direct,1,0
441.48,15,4.7,734.0,1,9.3,3,0,7,0,reseller,3,1
15235.86,15,4.3,768.0,0,0.0,3,3,3,1,direct,4,0
5102.86,90,0.2,539.0,0,0.0,2,0,3,1,online,2,0
9605.19,45,61.5,798.0,2,5.1,4,1,3,1,online,5,0
1214.53,30,8.9,792.0,5,15.3,3,1,9,1,reseller,4,0
1723.84,30,15.5,674.0,0,0.0,2,1,3,1,direct,5,0
4152.0,60,26.8,669.0,1,13.7,2,0,12,1,direct,4,1
3585.55,30,0.3,401.0,1,23.7,2,2,1,0,direct,2,0
4697.39,45,18.2,568.0,2,5.4,1,2,4,0,direct,4,1
9663.04,45,5.6,727.0,2,4.9,1,3,9,1,reseller,0,0
743.45,30,13.6,788.0,2,12.5,2,3,6,1,direct,1,0
8746.75,30,16.3,746.0,1,5.9,4,2,7,1,reseller,0,0
3668.19,30,2.4,673.0,0,0.0,5,0,1,0,direct,0,0
3030.84,30,46.7,850.0,2,3.5,2,0,1,1,reseller,5,0
968.74,90,75.0,770.0,1,39.8,3,3,3,1,reseller,1,0
5725.84,45,5.4,645.0,1,10.9,1,0,6,1,direct,6,0
414.6,60,33.7,850.0,1,15.6,4,0,7,1,reseller,6,0
6526.03,30,12.2,581.0,4,8.5,1,0,11,0,direct,6,1
950.61,30,3.9,548.0,0,0.0,1,0,2,0,direct,4,0
3820.41,45,38.0,642.0,0,0.0,5,0,6,1,reseller,6,0
3270.66,30,29.1,612.0,1,29.6,3,3,5,1,direct,0,0
10431.49,30,86.3,647.0,1,10.7,3,2,12,0,direct,5,1
3100.16,30,3.0,752.0,0,0.0,4,0,12,1,direct,0,1
1949.4,45,8.9,677.0,1,26.7,4,0,2,1,direct,2,1
2307.82,45,27.9,679.0,1,14.9,1,3,8,1,direct,2,0
11448.28,30,9.9,685.0,0,0.0,2,0,8,1,reseller,3,0
5899.76,60,31.6,472.0,0,0.0,3,2,1,1,reseller,4,0
2573.27,30,6.7,544.0,1,9.7,2,0,7,1,direct,5,1
2943.04,30,7.2,645.0,2,11.7,2,1,9,1,direct,4,0
888.51,30,30.7,604.0,0,0.0,2,0,8,0,online,6,0
5164.83,60,8.4,659.0,1,5.2,6,0,8,0,online,4,0
747.08,30,17.0,806.0,2,5.3,1,0,7,1,direct,2,0
7162.52,30,4.6,673.0,0,0.0,4,0,12,1,online,3,0
4087.79,30,8.9,561.0,2,5.7,4,2,7,1,online,4,0
31202.6,45,5.1,609.0,1,16.8,6,3,9,1,direct,3,0
1352.73,45,28.1,834.0,2,34.2,4,0,11,1,direct,1,0
3319.62,30,43.1,818.0,0,0.0,3,2,7,1,direct,2,0
18369.72,60,7.0,734.0,2,13.2,1,0,5,0,direct,0,0
10638.67,15,7.7,539.0,1,3.2,5,0,9,1,reseller,4,0
1945.76,15,31.8,708.0,0,0.0,2,2,8,1,reseller,2,0
4454.06,30,44.4,715.0,0,0.0,4,0,10,1,direct,5,0
3647.51,45,17.5,682.0,2,0.6,2,3,3,1,reseller,6,0
4692.69,30,9.2,629.0,0,0.0,2,0,1,0,direct,6,0
1941.44,30,10.8,647.0,1,15.5,1,0,5,1,direct,4,0
3359.72,30,62.2,622.0,2,21.6,4,0,10,0,direct,6,0
864.16,30,6.2,577.0,2,13.8,4,0,7,0,direct,6,1
4111.78,45,6.0,803.0,2,2.4,3,0,1,0,reseller,6,0
5458.99,90,42.5,759.0,0,0.0,2,0,9,1,direct,2,0
2967.05,30,11.6,654.0,1,6.6,2,2,8,0,online,2,0
851.04,45,69.2,712.0,2,23.8,3,0,11,1,online,0,0
8863.34,30,77.6,715.0,1,20.2,2,0,5,0,direct,3,0
5054.69,30,5.6,850.0,0,0.0,3,0,9,1,online,2,0
1894.27,30,33.6,759.0,0,0.0,4,0,11,1,reseller,5,0
2828.38,90,3.2,755.0,1,27.5,1,2,9,1,direct,3,0
943.31,30,27.8,683.0,1,15.0,3,0,11,1,direct,1,1
1446.83,45,46.6,641.0,0,0.0,5,0,6,1,reseller,4,0
2243.9,15,16.3,804.0,0,0.0,2,0,1,1,online,1,0
10999.21,60,6.7,739.0,2,17.7,6,0,3,1,direct,6,0
2047.65,30,3.8,605.0,2,4.5,2,2,2,1,online,3,0
6478.16,90,14.4,721.0,0,0.0,1,1,9,0,reseller,2,0
2242.88,45,5.1,755.0,2,5.9,1,0,8,1,direct,4,0
4551.23,15,21.1,491.0,1,7.2,2,3,5,1,direct,5,0
3205.89,45,15.5,597.0,4,30.0,4,0,6,1,direct,2,0
7988.44,45,37.7,713.0,1,10.5,9,0,11,0,reseller,6,0
2249.96,30,30.2,507.0,0,0.0,1,0,5,1,direct,0,1
884.24,30,22.8,521.0,0,0.0,1,0,11,1,direct,1,0
1049.69,45,10.2,656.0,3,11.6,2,0,3,1,direct,1,0
2255.91,45,62.8,724.0,0,0.0,6,0,1,0,online,5,0
1183.04,30,45.6,728.0,1,18.7,0,3,4,1,direct,2,0
5266.87,60,49.1,822.0,1,6.7,4,3,1,0,direct,6,0
2394.21,30,3.5,687.0,4,3.8,0,0,1,1,direct,1,0
30857.83,15,0.7,646.0,0,0.0,4,3,6,1,reseller,5,0
762.08,30,32.3,562.0,1,7.2,1,0,5,1,direct,4,1
4373.29,15,10.1,645.0,1,19.9,3,2,3,0,reseller,2,1
1319.28,30,10.3,744.0,2,7.4,3,0,2,1,direct,6,0
2335.4,30,3.0,748.0,2,27.3,2,0,3,1,online,4,0
4135.14,30,29.8,704.0,2,28.1,7,1,9,0,reseller,3,1
449.06,30,55.6,729.0,2,25.7,4,0,5,1,online,5,0
4505.9,45,114.9,795.0,1,16.4,4,0,7,0,direct,6,0
20183.42,30,100.7,687.0,2,6.1,2,0,10,0,direct,5,0
2420.93,60,53.8,803.0,2,8.2,6,0,10,0,reseller,1,0
4600.07,30,5.4,615.0,4,16.2,3,0,2,1,reseller,4,0
9158.43,30,8.4,673.0,0,0.0,2,0,8,1,online,3,0
3141.46,30,2.1,637.0,0,0.0,2,0,12,1,direct,6,0
2158.43,45,16.3,751.0,1,26.6,5,0,6,1,reseller,6,0
469.58,30,42.8,589.0,2,3.0,5,0,8,1,reseller,6,0
6482.7,30,1.1,651.0,1,16.9,5,2,11,1,online,0,1
3288.37,60,106.0,513.0,0,0.0,4,3,10,1,online,1,0
1463.5,45,3.7,733.0,1,12.1,2,0,5,0,direct,6,0
4080.35,45,6.3,792.0,0,0.0,5,2,2,1,direct,6,0
2153.15,15,27.3,762.0,3,8.3,2,1,9,1,reseller,5,0
2262.93,15,17.9,753.0,0,0.0,2,0,2,1,reseller,4,0
6283.37,30,52.4,756.0,0,0.0,3,0,5,0,online,3,0
1091.66,45,31.2,743.0,0,0.0,4,0,4,1,direct,6,0
9344.88,30,1.3,735.0,1,11.0,6,0,2,0,reseller,0,1
1034.92,15,49.9,741.0,1,10.3,4,3,11,0,online,3,0
2005.34,30,34.8,621.0,1,17.7,2,0,11,1,direct,0,0
20550.73,30,24.5,662.0,0,0.0,1,2,11,1,direct,6,1
10042.88,45,1.1,686.0,0,0.0,1,1,4,1,direct,2,0
3975.25,15,33.2,650.0,3,3.5,4,0,4,0,direct,6,0
1561.69,15,17.5,539.0,2,33.0,1,0,6,1,direct,0,1
2261.21,30,27.7,569.0,4,12.9,8,3,5,1,reseller,5,0
3889.16,15,46.4,701.0,0,0.0,1,1,5,1,reseller,1,0
3766.01,30,38.8,762.0,0,0.0,2,0,6,0,direct,5,0
3355.03,15,33.2,681.0,0,0.0,4,0,9,1,direct,5,1
3541.31,45,24.7,850.0,0,0.0,1,2,4,1,direct,1,0
3002.09,45,13.0,597.0,1,0.6,1,0,10,0,reseller,2,0
994.48,90,36.2,720.0,3,6.0,3,1,12,1,direct,0,0
2287.33,60,14.8,796.0,0,0.0,4,1,8,1,direct,4,0
8292.96,30,34.6,776.0,2,6.5,1,2,9,1,direct,5,0
1062.63,15,39.4,739.0,1,1.9,2,3,7,1,direct,0,1
3069.9,30,11.4,776.0,2,5.0,3,0,6,1,online,4,0
1741.01,45,21.9,685.0,1,6.3,4,3,1,1,direct,1,0
4024.74,15,15.4,830.0,1,10.3,0,1,1,1,direct,4,0
2566.32,30,18.1,795.0,3,2.4,4,0,6,0,direct,6,0
13761.83,30,3.6,603.0,0,0.0,0,0,1,1,online,3,0
5744.08,30,65.6,709.0,1,6.1,6,2,4,1,reseller,4,0
1118.09,45,31.9,541.0,1,13.5,3,0,7,1,reseller,0,1
6661.53,45,1.5,817.0,2,5.9,5,1,1,0,reseller,0,0
1813.14,30,14.3,700.0,1,10.8,5,0,10,0,reseller,3,0
2166.14,60,21.5,801.0,0,0.0,4,2,7,0,online,4,1
4829.2,15,19.7,670.0,1,24.6,3,1,8,1,direct,3,0
2338.88,15,57.7,513.0,0,0.0,3,0,3,1,direct,4,1
8132.07,30,60.5,850.0,0,0.0,4,0,10,1,reseller,5,0
1813.37,45,59.4,692.0,2,4.1,3,1,8,1,reseller,6,0
2085.88,30,66.6,590.0,4,1.9,7,0,10,1,online,0,1
2016.8,15,20.6,783.0,0,0.0,4,1,2,0,reseller,2,1
2188.4,90,8.6,850.0,4,13.1,1,0,10,1,reseller,2,0
9791.52,30,8.0,662.0,1,12.0,3,2,7,1,direct,3,0
6411.94,30,41.6,671.0,2,20.4,4,1,8,1,online,2,0
16965.71,45,6.7,701.0,2,10.2,5,3,1,1,direct,5,0
28025.77,60,17.8,580.0,0,0.0,6,0,11,0,reseller,3,0
1439.94,45,15.7,618.0,0,0.0,2,0,1,0,direct,2,0
3879.17,90,66.5,840.0,1,8.9,2,0,5,1,reseller,0,0
1263.22,30,7.9,668.0,1,2.8,0,1,4,1,direct,2,0
1808.32,45,26.6,605.0,1,21.9,0,0,2,1,direct,4,1
2065.08,60,13.1,639.0,1,5.9,3,2,11,1,direct,6,0
1406.08,30,19.6,777.0,1,9.4,2,0,10,1,reseller,1,0
1412.76,30,19.6,502.0,0,0.0,3,0,8,1,reseller,5,1
3197.56,90,22.5,703.0,2,24.4,4,3,4,1,reseller,6,0
1217.99,15,15.4,850.0,1,6.6,3,3,10,1,direct,3,0
7769.14,30,27.7,850.0,0,0.0,2,0,3,1,direct,4,0
1594.03,60,11.9,732.0,4,5.4,3,1,5,1,online,1,0
45643.3,60,2.2,798.0,0,0.0,8,2,7,1,direct,5,0
2425.41,90,40.6,798.0,2,9.1,2,1,8,1,direct,4,0
3884.76,60,5.6,669.0,1,2.3,2,3,7,0,direct,3,0
1134.78,15,14.8,763.0,1,26.4,6,3,3,1,direct,4,0
16906.99,60,5.4,841.0,0,0.0,6,0,1,0,online,2,0
9972.14,30,75.2,566.0,1,7.6,1,0,6,1,online,1,1
4756.3,45,120.8,732.0,3,12.7,3,2,8,1,direct,1,0
1083.42,30,64.3,713.0,0,0.0,2,3,1,0,direct,0,0
4401.06,60,27.6,689.0,1,5.8,4,0,3,1,reseller,2,0
1327.05,30,4.6,681.0,2,8.5,1,0,6,1,online,3,0
13576.83,60,78.0,701.0,2,2.1,2,3,2,1,reseller,6,0
7542.25,30,6.3,708.0,2,11.8,3,0,11,1,direct,2,0
3967.51,30,32.8,781.0,0,0.0,4,0,12,1,direct,6,0
406.37,30,12.7,723.0,2,16.7,6,0,7,1,online,0,1
1502.56,15,2.3,664.0,1,22.1,2,0,4,1,direct,6,0
6761.4,45,19.4,604.0,2,17.5,2,1,11,1,direct,2,0
10846.47,30,13.5,637.0,0,0.0,3,0,5,1,online,5,0
9879.85,30,0.0,704.0,5,8.2,2,0,7,1,reseller,1,0
868.87,15,16.8,616.0,0,0.0,5,3,2,1,reseller,1,0
4776.18,30,28.9,765.0,2,21.4,2,0,4,1,direct,3,0
9081.22,45,17.8,719.0,1,5.9,5,0,12,0,reseller,5,0
818.52,30,6.0,783.0,1,9.8,3,1,8,0,reseller,1,0
3615.14,30,21.7,623.0,1,4.5,1,3,1,0,direct,2,0
4658.54,30,14.3,605.0,0,0.0,3,2,6,1,reseller,2,0
2777.51,30,14.9,782.0,1,12.4,1,3,1,0,online,2,0
687.49,45,37.9,692.0,0,0.0,1,0,6,1,online,6,0
2715.88,30,11.1,662.0,3,2.2,4,3,5,1,direct,3,1
2711.96,30,8.3,743.0,0,0.0,8,0,7,1,direct,5,0
3186.68,45,17.3,740.0,3,33.5,3,0,2,1,reseller,1,0
2192.67,30,12.9,567.0,2,15.3,2,3,3,1,reseller,4,0
2443.75,30,1.6,805.0,3,5.6,3,1,3,0,online,1,0
3513.14,30,11.7,643.0,2,7.4,4,0,10,0,reseller,5,0
5421.94,60,64.4,833.0,1,10.5,5,0,4,1,reseller,0,0
2768.38,30,50.0,560.0,0,0.0,6,0,9,1,reseller,2,0
2518.24,30,90.4,709.0,2,25.3,3,0,6,1,direct,3,0
3956.51,60,28.0,663.0,0,0.0,1,2,5,1,direct,6,0
646.24,45,84.2,502.0,0,0.0,4,0,11,1,reseller,4,0
5593.34,45,13.0,739.0,0,0.0,3,3,7,1,reseller,1,0
3639.11,60,23.6,507.0,0,0.0,4,3,6,1,direct,6,1
3773.37,15,60.2,654.0,0,0.0,7,1,1,1,direct,5,1
8644.35,60,34.4,779.0,1,24.5,3,0,10,1,direct,0,0
627.95,45,13.0,632.0,1,16.7,4,0,7,1,direct,0,0
616.19,30,28.4,599.0,1,3.6,3,3,12,0,direct,0,0
4658.38,30,6.9,752.0,0,0.0,2,0,10,1,reseller,1,0
3617.7,15,16.0,658.0,1,1.6,2,0,11,0,reseller,5,0
4243.57,60,8.5,644.0,1,14.2,2,0,10,1,online,1,0
2402.07,15,23.7,795.0,2,11.3,1,2,11,1,direct,5,0
6620.45,30,8.0,575.0,0,0.0,1,1,10,1,online,2,0
8428.51,45,28.7,639.0,2,18.9,3,2,10,1,direct,0,0
5628.42,45,42.3,758.0,1,9.1,3,2,9,1,reseller,3,0
2879.16,30,8.9,569.0,1,14.8,3,0,2,1,direct,5,1
546.25,60,42.1,840.0,2,3.2,3,1,4,0,direct,2,0
7275.83,30,26.8,660.0,2,21.3,0,1,3,0,direct,3,0
10933.16,60,35.4,759.0,0,0.0,1,3,12,0,direct,5,0
6503.54,15,90.9,759.0,1,10.3,1,0,4,1,direct,2,0
1649.66,15,39.6,666.0,3,4.7,4,0,4,0,direct,2,0
6676.94,45,19.8,637.0,1,22.3,0,0,9,1,online,4,1
7898.88,30,27.9,676.0,1,1.8,3,0,2,0,online,6,1
14808.17,30,12.7,744.0,1,10.7,4,1,6,1,direct,2,0
1654.91,15,54.3,591.0,1,8.1,2,0,8,1,direct,1,1
2969.62,45,22.0,572.0,1,13.9,5,2,7,0,direct,3,0
7133.41,60,34.3,814.0,3,8.0,2,0,1,0,online,0,0
3834.02,60,168.5,614.0,1,19.3,2,2,10,1,reseller,3,0
1331.96,90,11.6,712.0,2,3.6,3,3,6,1,online,2,0
5287.78,60,32.9,662.0,1,22.5,3,3,1,1,direct,2,0
6129.05,30,36.8,666.0,1,9.3,2,0,1,1,reseller,1,0
3940.91,30,22.9,809.0,1,6.7,2,2,11,0,direct,2,0
4436.52,60,31.5,672.0,3,13.6,2,2,12,1,direct,2,0
2884.67,60,48.5,648.0,2,18.5,6,0,7,0,reseller,6,0
13772.8,90,83.5,656.0,1,8.7,1,0,9,0,reseller,1,1
1618.7,45,7.3,635.0,1,9.3,3,3,8,0,online,2,0
2146.11,30,14.3,620.0,1,5.2,3,2,7,1,reseller,2,0
3677.13,60,1.2,635.0,0,0.0,2,3,4,1,direct,1,0
8030.95,60,8.0,830.0,2,6.4,2,3,3,1,reseller,1,0
946.12,45,20.3,744.0,2,10.4,4,0,2,0,direct,3,1
1119.61,60,32.9,649.0,0,0.0,2,0,1,1,reseller,3,1
581.75,30,26.5,768.0,2,7.7,0,3,7,1,direct,0,0
3749.68,60,2.8,537.0,0,0.0,4,0,8,1,direct,6,1
1330.79,15,0.8,804.0,0,0.0,5,3,11,0,direct,3,1
2575.77,60,57.7,797.0,4,3.5,2,1,12,1,reseller,5,0
6602.74,15,14.1,850.0,3,10.6,3,2,10,1,reseller,5,0
2043.89,30,11.6,771.0,0,0.0,0,2,9,1,direct,1,0
4483.48,15,8.6,719.0,2,11.0,8,2,10,1,direct,3,1
2781.08,30,10.0,796.0,1,14.6,2,0,7,1,direct,5,1
6666.85,30,9.4,624.0,3,4.1,0,0,5,0,online,0,1
5583.75,90,31.6,644.0,2,10.0,1,0,6,0,online,1,0
1953.27,30,10.4,674.0,1,6.8,6,0,8,1,direct,6,0
3128.2,60,28.0,803.0,2,8.8,6,0,8,1,online,4,1
9314.89,30,13.3,603.0,2,2.3,2,0,7,0,direct,5,0
5187.67,15,27.1,593.0,2,3.4,0,1,11,1,direct,3,0
1035.6,45,33.9,701.0,2,10.4,1,0,2,1,reseller,6,0
6568.6,45,45.3,745.0,1,5.2,2,2,8,1,online,4,0
1371.76,30,73.9,617.0,2,5.5,7,2,7,0,direct,5,0
12981.26,60,38.9,740.0,2,8.2,2,3,1,1,reseller,3,0
9151.65,60,55.0,803.0,1,14.2,2,0,1,1,direct,6,1
4726.3,30,5.3,788.0,2,18.2,3,0,1,1,direct,4,0
4194.42,90,9.5,712.0,3,1.8,2,0,9,0,reseller,6,0
3016.56,45,2.4,672.0,1,6.5,2,2,12,0,direct,0,1
6705.42,45,2.6,836.0,1,11.4,2,0,11,1,reseller,1,0
2607.9,30,24.0,681.0,1,13.8,8,0,1,1,direct,2,0
4500.81,15,4.4,765.0,2,17.1,1,0,11,1,reseller,6,1
7980.38,30,14.1,850.0,0,0.0,3,0,8,1,reseller,1,0
2195.96,45,27.5,755.0,2,5.6,1,3,4,1,direct,1,0
2091.06,45,26.1,590.0,2,11.2,0,2,3,0,direct,4,0
1242.74,30,1.8,568.0,1,10.2,3,3,8,1,direct,6,1
1396.85,45,0.5,653.0,1,3.3,3,1,3,1,direct,6,0
702.36,30,8.4,744.0,1,5.1,3,0,9,0,direct,5,0
7022.3,30,69.5,720.0,0,0.0,5,2,3,1,reseller,5,0
18546.25,60,0.8,850.0,1,17.1,1,1,8,1,direct,5,0
13131.85,30,2.4,719.0,1,6.2,2,1,12,1,online,2,0
842.63,30,12.7,651.0,1,33.5,4,1,1,1,online,1,0
6990.93,30,5.6,578.0,1,0.5,2,0,2,0,reseller,4,1
13093.82,30,7.1,786.0,2,9.5,1,1,7,1,online,2,1
2413.59,45,13.8,679.0,1,10.4,6,3,7,1,online,6,0
3989.03,90,85.7,544.0,1,19.5,2,0,7,1,reseller,1,0
597.58,30,30.4,682.0,4,5.5,5,0,3,1,direct,5,0
4628.84,30,0.1,590.0,0,0.0,2,0,10,1,online,2,1
1398.0,30,12.1,642.0,0,0.0,3,1,4,1,direct,4,0
4357.58,30,22.0,681.0,1,18.8,4,0,10,1,direct,6,0
893.3,30,8.0,599.0,2,21.2,4,1,11,1,reseller,1,0
5934.7,15,69.6,636.0,0,0.0,1,2,8,0,direct,3,0
9155.05,60,28.6,613.0,1,4.5,8,0,10,1,direct,3,0
1799.27,30,4.4,615.0,1,4.6,2,0,2,1,reseller,6,0
1308.67,30,1.0,589.0,2,2.8,3,0,4,1,direct,0,0
523.0,15,11.1,637.0,0,0.0,0,1,7,0,online,4,0
2864.73,60,40.0,599.0,1,9.7,2,0,6,1,online,6,0
2157.2,30,22.1,733.0,4,18.1,2,1,11,1,reseller,0,0
901.52,30,3.4,698.0,2,7.9,3,1,12,1,direct,2,0
5473.74,60,68.9,788.0,2,36.9,4,1,2,0,direct,2,0
2428.49,30,1.6,850.0,1,16.1,6,3,12,1,reseller,0,0
1382.76,60,18.8,741.0,1,12.3,3,2,11,0,direct,2,0
2210.3,30,21.5,720.0,1,14.2,2,0,4,0,direct,3,0
9548.83,45,70.3,747.0,4,4.2,4,0,1,1,direct,2,0
6264.43,90,7.5,722.0,1,6.5,4,0,5,1,reseller,3,0
3238.86,30,24.4,685.0,2,18.0,3,2,12,0,online,4,0
6356.25,45,8.7,677.0,0,0.0,6,0,1,1,online,3,0
1280.72,30,20.1,588.0,1,14.8,6,0,12,0,direct,1,1
3748.58,45,1.1,756.0,2,7.7,4,2,3,1,direct,6,0
4157.17,60,25.1,677.0,2,8.9,3,0,12,1,reseller,2,0
2385.46,45,1.0,810.0,0,0.0,2,3,7,1,direct,6,0
5387.91,60,13.1,762.0,0,0.0,3,2,5,1,direct,6,0
1803.73,30,5.0,624.0,2,11.5,3,0,8,0,reseller,4,1
5760.84,30,43.2,792.0,1,9.2,1,2,11,0,direct,2,0
5982.97,30,4.8,450.0,0,0.0,1,1,4,1,direct,6,0
263.63,45,7.6,850.0,0,0.0,5,2,5,1,direct,3,1
10628.3,60,20.5,560.0,2,10.0,4,2,9,1,direct,2,1
234.42,45,18.7,725.0,0,0.0,2,0,2,0,direct,3,0
2091.33,30,22.2,718.0,2,10.0,0,2,9,1,online,4,0
9161.94,30,6.1,781.0,0,0.0,4,2,6,0,online,1,1
2736.52,45,36.6,650.0,1,4.6,0,2,4,1,reseller,1,0
973.05,60,40.1,487.0,0,0.0,3,0,10,1,direct,3,0
1360.54,30,13.3,651.0,2,1.6,3,0,8,1,direct,4,0
9174.79,15,20.4,660.0,0,0.0,2,0,1,1,reseller,1,0
645.9,30,63.8,496.0,0,0.0,3,0,12,1,direct,0,1
10057.68,15,24.3,684.0,2,6.6,3,0,6,1,direct,0,0
3464.79,90,15.9,583.0,1,19.5,3,2,1,1,reseller,0,1
1244.94,30,10.1,738.0,2,1.7,4,2,8,1,direct,5,0
2154.25,30,24.2,658.0,1,21.3,0,0,5,1,online,4,0
1457.53,30,22.9,850.0,1,1.5,6,0,10,0,direct,5,0
7939.48,30,61.9,657.0,1,7.4,3,2,9,1,direct,3,0
7038.74,90,3.9,719.0,1,7.7,3,0,3,1,reseller,1,0
774.92,30,7.1,661.0,1,26.0,3,1,11,0,reseller,2,0
2532.01,15,9.3,534.0,0,0.0,4,0,2,1,reseller,0,0
1674.27,30,1.8,662.0,1,31.9,3,1,5,1,direct,2,0
11662.79,90,76.3,748.0,1,35.2,4,0,3,1,reseller,6,0
1080.21,90,48.0,734.0,1,19.4,4,0,3,1,reseller,6,0
15425.95,30,52.9,654.0,0,0.0,4,0,8,1,online,6,0
3533.47,45,26.0,549.0,0,0.0,7,1,10,1,direct,5,0
1279.54,15,24.6,738.0,1,10.5,2,2,8,1,direct,2,0
1979.21,30,32.4,718.0,3,6.2,0,3,1,0,direct,5,0
1769.66,15,12.1,756.0,1,18.7,2,0,5,1,reseller,4,0
1156.14,60,6.3,655.0,1,2.7,1,2,7,0,direct,5,0
3965.33,60,25.7,528.0,3,4.6,4,1,7,1,online,2,1
1205.77,30,21.2,728.0,2,1.7,2,0,6,1,direct,5,1
511.67,30,58.2,679.0,3,4.1,1,0,5,1,direct,2,0
2587.1,15,8.5,805.0,0,0.0,1,0,2,0,direct,4,0
718.69,30,3.0,683.0,0,0.0,1,0,2,1,direct,3,0
1850.21,15,58.7,676.0,0,0.0,0,0,1,1,online,1,0
1606.49,30,11.7,718.0,1,6.5,2,0,2,1,reseller,1,0
1662.21,90,39.0,626.0,2,20.0,5,1,10,0,direct,3,0
22045.57,15,21.6,622.0,1,34.7,6,0,7,1,online,0,0
3830.58,60,15.4,671.0,0,0.0,3,0,10,1,reseller,0,0
4540.69,15,13.3,597.0,1,4.3,6,3,12,0,reseller,5,0
736.01,30,92.1,659.0,0,0.0,4,1,1,0,direct,6,0
2021.17,30,42.0,850.0,2,20.1,0,0,6,0,online,1,0
4419.46,60,32.4,774.0,1,5.5,2,2,4,1,reseller,0,1
1447.98,30,9.6,708.0,1,10.4,4,2,7,1,direct,2,0
8244.13,30,15.5,820.0,0,0.0,5,0,9,1,direct,5,0
1233.45,45,11.9,606.0,1,16.4,2,0,10,0,direct,6,0
2813.74,45,87.5,850.0,0,0.0,3,1,6,1,direct,2,0
2148.56,45,76.7,639.0,3,3.4,5,0,7,0,direct,4,0
4221.26,15,25.4,850.0,1,7.1,1,2,1,0,direct,6,0
2045.83,30,70.2,850.0,1,21.9,5,0,1,0,online,1,0
2853.2,60,8.5,522.0,2,9.8,2,3,5,1,reseller,1,0
2943.88,45,29.9,812.0,0,0.0,3,0,5,1,reseller,1,0
1880.05,45,29.1,654.0,0,0.0,2,1,6,0,direct,5,0
5634.05,30,17.6,629.0,1,4.8,5,3,1,0,direct,1,0
4512.24,30,9.7,727.0,1,14.9,2,1,3,1,direct,0,0
3361.85,60,49.2,589.0,1,22.7,2,1,12,0,online,6,0
2471.52,45,43.3,725.0,0,0.0,2,3,1,0,reseller,5,0
7456.86,15,13.6,595.0,0,0.0,2,2,12,1,direct,5,1
2944.66,60,5.2,696.0,0,0.0,2,0,9,1,direct,4,0
2762.72,30,10.5,800.0,0,0.0,1,0,3,1,direct,3,0
4000.69,30,49.6,715.0,0,0.0,9,1,10,0,direct,1,0
16762.98,30,33.6,648.0,2,1.8,4,0,7,1,reseller,0,0
1089.72,45,8.7,729.0,3,15.5,2,0,7,1,direct,4,0
7279.89,30,27.2,553.0,4,9.8,5,1,1,1,direct,5,0
662.58,30,2.7,605.0,2,13.2,2,1,8,1,reseller,5,0
4427.3,45,29.6,641.0,0,0.0,4,1,3,1,direct,5,0
15026.56,30,11.5,751.0,2,13.3,1,0,4,1,direct,4,0
5652.21,60,29.6,717.0,0,0.0,3,0,2,1,online,3,0
4245.28,30,28.0,728.0,1,7.3,3,0,10,0,online,3,0
2198.64,30,3.7,678.0,1,4.3,0,1,1,0,online,1,1
3744.12,45,34.7,609.0,0,0.0,1,0,8,0,direct,1,0
2901.97,45,16.6,814.0,3,2.9,6,1,8,1,online,4,0
1794.75,30,101.7,617.0,0,0.0,2,0,6,1,direct,4,0
2804.87,45,25.9,718.0,0,0.0,3,0,6,1,direct,2,0
4352.66,60,17.7,670.0,4,3.1,5,3,5,0,direct,2,0
1825.31,60,7.9,731.0,0,0.0,4,0,9,1,direct,6,0
1762.25,60,19.8,626.0,1,8.5,6,0,9,1,direct,2,0
1070.39,30,6.5,775.0,2,26.1,2,2,12,1,direct,5,0
5175.3,30,26.0,804.0,1,10.4,2,0,1,0,direct,3,0
5947.88,30,36.8,769.0,2,21.2,3,0,11,0,direct,2,0
4485.0,15,25.8,694.0,1,15.8,0,0,6,1,direct,4,1
8678.93,45,52.7,641.0,4,12.1,1,0,1,0,direct,0,0
3940.57,30,2.8,850.0,0,0.0,5,3,12,1,online,2,1
5181.29,30,4.3,591.0,0,0.0,2,2,5,1,direct,6,0
4786.02,30,55.1,759.0,2,4.2,3,0,8,1,online,5,0
3353.01,30,0.6,710.0,1,7.3,3,3,12,1,online,6,1
2258.06,30,4.6,674.0,2,1.5,6,0,8,0,reseller,5,0
26708.51,45,32.6,697.0,2,23.6,5,0,12,1,direct,3,0
2424.17,30,20.2,634.0,1,11.1,1,2,4,1,direct,6,0
1999.62,30,2.7,718.0,1,23.1,5,0,9,1,online,0,0
5380.89,30,1.8,709.0,1,10.8,4,0,2,1,online,1,0
4567.26,60,5.4,850.0,0,0.0,2,0,4,0,reseller,5,0
1028.33,15,7.7,776.0,1,15.1,6,2,3,1,online,1,1
10000.7,30,43.5,726.0,2,9.3,3,0,6,1,reseller,1,0
3345.01,30,25.0,732.0,0,0.0,2,0,2,1,reseller,1,0
1339.65,30,19.6,846.0,2,7.6,1,0,4,0,direct,5,0
10613.75,60,1.1,593.0,0,0.0,4,0,1,1,direct,5,1
6393.95,45,11.4,664.0,1,7.6,4,2,4,0,direct,0,0
1166.67,90,26.6,508.0,2,19.8,1,0,1,0,reseller,1,1
18024.09,60,39.3,730.0,2,7.1,3,3,4,0,direct,4,0
6587.42,30,23.0,756.0,0,0.0,0,1,11,0,reseller,6,1
3607.69,30,13.5,590.0,1,1.7,4,0,9,1,direct,6,0
15232.66,30,57.6,809.0,0,0.0,2,0,1,1,direct,5,0
4202.22,30,1.1,615.0,0,0.0,1,3,9,0,online,3,0
3550.08,30,25.0,649.0,0,0.0,3,0,12,0,direct,0,0
2009.68,30,21.7,691.0,0,0.0,2,0,7,1,direct,6,0
6146.67,30,18.3,823.0,0,0.0,1,1,4,1,reseller,5,0
5591.16,30,11.8,603.0,0,0.0,2,0,12,1,direct,5,0
3689.37,45,15.3,706.0,0,0.0,3,1,12,1,direct,5,0
1788.28,45,12.3,750.0,0,0.0,5,3,10,1,direct,4,0
4092.6,90,9.2,731.0,1,7.1,5,2,5,0,online,5,0
3419.27,30,13.5,734.0,1,9.5,3,0,6,1,reseller,5,1
1096.49,30,43.7,749.0,1,9.5,3,2,4,1,online,5,0
968.13,90,11.8,630.0,0,0.0,0,0,10,1,direct,6,0
6054.99,45,21.6,832.0,1,10.9,5,2,11,0,reseller,1,0
350.13,30,9.4,670.0,2,14.5,4,0,3,1,direct,6,0
4380.29,30,0.6,658.0,0,0.0,1,0,6,1,direct,3,0
2367.82,15,6.7,801.0,0,0.0,5,0,5,0,reseller,6,0
11818.51,60,2.7,623.0,4,8.2,2,0,10,1,online,6,1
2335.26,45,10.5,709.0,0,0.0,3,3,1,0,online,0,0
6591.5,30,1.9,615.0,1,13.3,5,1,5,1,online,6,0
2547.27,30,22.7,850.0,1,5.1,5,0,11,1,online,1,1
4033.43,30,22.7,850.0,0,0.0,6,2,7,1,online,6,0
7066.73,30,12.0,670.0,0,0.0,3,0,4,0,direct,1,0
2401.14,45,0.6,727.0,1,13.8,3,2,12,1,direct,4,0
8927.57,30,40.8,680.0,0,0.0,4,3,2,1,direct,6,1
1488.72,15,29.6,649.0,0,0.0,3,0,6,1,direct,0,1
4746.36,30,10.8,691.0,2,37.6,2,0,10,1,online,6,0
8353.0,60,60.0,676.0,1,9.8,3,1,5,0,direct,5,0
6594.78,30,0.6,543.0,1,8.5,3,3,12,0,direct,5,0
20430.83,30,10.8,704.0,0,0.0,4,1,10,0,direct,6,0
1831.53,45,9.5,676.0,0,0.0,1,0,11,0,reseller,5,1
1052.33,60,0.1,708.0,2,3.6,3,0,6,0,direct,1,0
1487.87,45,18.4,673.0,1,3.3,7,1,4,1,direct,3,1
6597.18,60,26.5,648.0,1,9.0,3,0,9,1,direct,3,0
5699.48,15,43.9,759.0,3,24.6,1,3,12,0,direct,0,0
3991.93,60,34.3,728.0,2,6.9,1,1,7,1,direct,5,0
1325.23,60,16.9,806.0,3,16.1,2,3,4,1,reseller,4,0
7260.33,30,5.2,725.0,0,0.0,6,1,12,0,online,6,0
1209.26,45,2.5,662.0,2,15.9,3,0,3,1,direct,3,1
10332.55,30,39.8,736.0,1,17.2,0,0,2,1,online,0,0
47652.7,30,45.0,502.0,2,3.6,3,2,3,1,direct,2,0
5063.46,30,33.6,850.0,2,8.0,1,0,3,1,online,1,0
6153.63,15,65.4,705.0,1,2.4,4,0,1,0,reseller,2,0
2336.54,90,61.9,850.0,0,0.0,2,2,4,1,online,4,0
713.95,30,40.5,602.0,2,3.3,4,0,7,1,direct,1,0
2116.57,30,34.3,579.0,1,13.9,6,0,11,1,direct,4,0
1361.57,30,54.3,713.0,0,0.0,2,0,9,1,direct,2,0
989.99,30,17.6,713.0,1,3.3,2,0,9,1,direct,5,0
17156.36,30,8.0,710.0,3,9.3,1,1,8,1,reseller,6,0
4654.44,30,8.0,697.0,1,1.6,3,0,10,0,reseller,2,0
5124.14,45,35.5,623.0,0,0.0,6,0,7,0,reseller,1,1
2756.95,90,36.7,546.0,5,7.9,7,1,10,1,online,0,0
3116.34,30,11.9,705.0,1,21.3,6,3,8,1,direct,4,0
8674.09,90,5.6,565.0,3,3.5,4,0,2,1,direct,3,0
3536.51,45,54.5,556.0,2,12.3,4,0,11,1,direct,4,0
5870.09,45,60.4,646.0,1,14.2,3,0,8,1,reseller,1,0
3052.13,30,13.8,719.0,3,4.2,7,0,4,1,direct,2,0
2675.96,15,11.5,850.0,2,16.7,1,0,10,0,direct,6,1
1026.36,60,15.4,768.0,1,5.8,4,2,6,1,reseller,1,0
614.02,30,1.8,809.0,1,6.8,5,1,1,1,direct,3,0
2877.26,30,36.5,739.0,2,4.2,6,1,11,1,online,1,0
3830.87,60,6.6,713.0,2,17.3,2,0,6,1,online,0,0
1144.23,30,31.6,850.0,0,0.0,5,0,4,0,online,2,0
3529.72,45,13.6,561.0,2,11.6,5,1,6,0,direct,0,0
3821.42,30,35.4,643.0,1,11.3,5,1,1,1,reseller,3,0
523.01,60,10.4,650.0,0,0.0,5,3,11,1,direct,0,0
1597.81,30,14.3,760.0,2,5.5,2,0,4,1,online,0,0
5252.91,15,25.8,592.0,2,15.8,3,3,5,0,direct,4,0
5158.25,45,2.2,749.0,0,0.0,2,0,8,0,reseller,6,0
1289.09,30,25.8,732.0,0,0.0,2,0,6,0,direct,6,1
4199.01,60,2.9,753.0,3,8.7,1,3,1,1,reseller,0,0
9137.72,45,13.5,752.0,0,0.0,5,0,6,1,reseller,4,0
7327.32,30,31.6,818.0,0,0.0,3,2,3,1,direct,0,0
3341.73,30,19.9,676.0,0,0.0,5,1,4,1,direct,4,1
2389.46,60,15.4,728.0,1,15.8,2,0,6,1,direct,4,0
2066.46,45,14.8,614.0,0,0.0,5,0,2,1,online,0,0
5547.14,60,18.8,593.0,0,0.0,6,3,5,1,direct,5,0
4339.84,15,24.1,839.0,1,5.8,3,2,3,1,direct,6,0
6415.44,60,4.6,607.0,0,0.0,3,3,12,1,direct,3,0
4099.77,30,40.8,738.0,2,14.1,3,2,6,1,reseller,3,0
7607.48,45,30.2,728.0,3,3.5,2,0,7,0,reseller,2,0
3964.49,30,17.4,786.0,2,17.1,2,3,1,1,online,6,0
7377.72,15,1.7,531.0,1,3.7,1,3,11,1,direct,5,0
7972.4,90,7.5,760.0,2,29.8,3,2,2,1,direct,3,0
1765.04,90,71.7,675.0,0,0.0,3,0,5,1,direct,6,0
715.28,30,16.2,626.0,1,28.1,2,1,8,1,reseller,5,0
14605.36,60,49.8,657.0,2,16.2,7,3,7,1,online,2,0
4587.05,30,7.9,773.0,3,2.9,1,0,7,1,direct,6,0
778.18,30,24.3,746.0,0,0.0,6,1,7,1,reseller,4,0
1915.17,15,12.7,668.0,0,0.0,3,3,5,1,reseller,0,0
7293.12,30,17.0,577.0,1,7.8,3,0,2,1,online,6,0
2830.73,15,39.1,584.0,0,0.0,2,1,12,1,reseller,2,1
2296.51,30,29.5,748.0,2,25.8,0,0,1,1,direct,4,1
12846.08,15,16.3,565.0,1,4.1,2,3,3,1,reseller,5,0
1418.62,45,113.6,669.0,3,3.6,4,0,4,1,direct,0,0
1775.19,60,21.7,850.0,0,0.0,3,1,4,0,online,5,0
4403.91,45,13.1,721.0,1,2.9,2,0,1,0,direct,1,1
5174.04,30,65.1,747.0,0,0.0,1,0,9,1,direct,1,0
5691.38,45,20.1,585.0,3,15.2,3,2,9,0,reseller,5,1
8267.72,30,9.4,570.0,3,10.3,5,3,3,1,reseller,3,1
4353.44,45,73.4,752.0,2,17.8,3,0,11,1,direct,3,0
5655.85,30,7.8,655.0,2,17.4,1,1,4,1,reseller,3,0
2883.36,30,8.4,786.0,1,4.6,4,0,5,0,reseller,1,1
3852.31,15,8.1,693.0,3,3.5,1,0,6,1,direct,6,0
4010.94,60,1.6,850.0,1,9.4,5,1,3,1,reseller,0,0
4418.64,60,3.1,637.0,2,18.1,3,0,10,0,direct,1,0
7297.49,45,3.9,715.0,0,0.0,4,1,2,1,online,0,0
6000.7,90,2.0,609.0,2,3.7,4,2,11,1,online,0,0
3788.76,60,14.2,782.0,3,3.9,1,0,7,1,reseller,3,1
1757.74,30,34.8,729.0,1,7.0,3,2,3,1,reseller,0,0
3869.59,45,3.5,602.0,1,0.5,5,0,6,0,reseller,5,1
3550.29,30,6.7,660.0,0,0.0,3,0,10,1,online,6,1
4332.34,30,58.8,812.0,1,13.6,2,2,12,1,direct,2,0
26525.79,30,12.9,802.0,2,18.1,0,0,5,0,direct,1,0
2272.43,90,2.6,562.0,1,35.5,4,0,11,1,direct,2,0
5324.43,45,11.7,647.0,1,9.1,4,2,7,0,direct,2,0
9524.43,30,71.4,850.0,4,6.2,6,0,12,0,direct,0,0
3976.68,30,20.7,674.0,2,30.7,3,3,6,0,online,4,0
29853.6,30,0.1,706.0,0,0.0,0,3,8,0,direct,2,0
2590.91,45,110.2,781.0,0,0.0,1,3,9,1,direct,5,0
4874.05,60,69.1,569.0,4,22.5,3,0,11,1,reseller,1,0
1774.15,30,42.5,604.0,1,2.2,2,0,6,1,direct,0,0
2653.48,30,0.1,660.0,1,10.5,3,3,10,1,direct,2,0
4555.27,30,24.4,797.0,0,0.0,2,2,3,0,online,3,0
7798.4,30,119.6,781.0,2,1.6,1,0,4,0,direct,0,0
4852.19,30,1.5,754.0,0,0.0,1,0,1,0,direct,3,0
11307.29,15,70.2,676.0,1,27.0,4,3,8,0,reseller,3,0
3342.69,30,37.4,791.0,2,2.2,7,0,6,0,direct,6,0
2700.11,30,9.2,675.0,1,7.0,3,0,7,0,direct,4,0
41505.72,60,41.9,741.0,0,0.0,4,2,6,0,reseller,1,0
5191.69,30,1.5,771.0,1,4.9,3,2,7,1,direct,5,0
1905.44,30,8.4,842.0,0,0.0,3,0,8,0,online,6,0
1949.18,45,1.2,684.0,4,9.7,6,3,6,1,direct,1,1
1558.67,60,10.4,656.0,1,2.0,4,0,11,0,direct,2,0
8458.38,30,27.4,806.0,3,4.6,4,0,3,1,reseller,4,0
2622.96,15,47.8,812.0,1,2.2,7,0,7,0,online,0,1
4083.16,45,58.3,640.0,0,0.0,2,0,10,0,direct,5,0
3438.68,30,38.8,590.0,2,7.7,2,0,9,1,reseller,5,0
7032.82,45,63.8,799.0,1,17.2,4,0,2,1,reseller,6,0
1699.23,30,63.5,541.0,1,40.0,3,3,8,1,online,5,0
1382.96,15,20.4,537.0,1,8.0,3,2,4,1,direct,1,1
4455.38,30,8.9,665.0,2,15.3,3,0,6,1,online,5,0
6253.29,45,103.2,689.0,2,8.9,1,1,10,1,direct,4,0
4911.23,30,3.7,585.0,1,4.3,5,0,6,1,online,1,1
1757.23,30,13.6,700.0,3,5.7,6,3,11,1,direct,1,1
6699.15,30,16.9,704.0,2,25.4,2,0,7,0,reseller,6,1
1864.08,45,18.6,637.0,2,6.6,4,0,12,1,direct,1,0
2277.0,15,14.7,850.0,0,0.0,1,2,8,1,direct,1,0
1556.88,45,50.9,719.0,0,0.0,2,0,12,1,direct,5,0
11743.35,45,17.5,782.0,0,0.0,2,0,4,1,reseller,5,0
6438.68,30,34.6,549.0,0,0.0,2,0,2,0,direct,5,0
6276.04,90,3.5,548.0,2,11.6,2,0,12,1,online,3,0
11186.81,60,110.0,721.0,0,0.0,5,0,7,1,direct,2,0
45770.01,30,11.7,847.0,1,5.2,3,2,11,1,direct,4,0
781.88,15,3.5,589.0,0,0.0,2,0,3,0,direct,5,0
1873.31,30,23.3,693.0,1,11.9,5,0,11,1,online,1,0
2091.09,30,11.6,569.0,1,11.7,5,0,6,1,reseller,4,0
1693.01,30,49.4,615.0,1,9.1,0,0,2,0,reseller,1,1
1380.46,60,12.8,697.0,1,10.6,3,0,9,1,online,2,0
2780.29,60,2.2,636.0,2,23.4,3,2,7,1,direct,6,0
1218.11,30,78.9,563.0,1,7.2,3,0,12,0,direct,1,0
4922.33,30,7.6,560.0,2,9.1,1,0,8,1,direct,5,1
3814.36,15,10.3,510.0,0,0.0,2,1,12,1,direct,5,0
5613.48,30,17.4,723.0,3,19.2,4,0,11,0,direct,1,0
5750.0,15,11.2,734.0,1,3.5,3,2,7,1,direct,5,0
6264.83,60,8.6,733.0,5,1.3,3,0,8,1,online,4,0
2601.73,60,5.6,598.0,1,16.4,4,3,5,1,reseller,0,0
24563.8,30,5.8,771.0,1,13.2,3,1,11,1,online,5,0
4496.2,45,17.8,744.0,0,0.0,6,0,5,0,reseller,3,0
681.14,30,40.1,681.0,1,17.5,1,2,11,1,reseller,3,0
1477.14,60,5.8,666.0,0,0.0,3,1,7,1,reseller,1,0
760.17,30,13.3,622.0,1,12.8,1,3,12,1,reseller,1,0
3698.2,30,20.7,697.0,2,6.7,1,1,2,1,direct,0,0
3262.91,45,56.6,826.0,2,5.1,2,2,4,1,reseller,0,0
2388.49,15,8.9,782.0,1,8.1,4,3,5,0,online,1,0
22244.13,30,53.0,657.0,0,0.0,6,2,9,1,reseller,1,1
5967.51,30,22.7,728.0,1,4.7,3,2,2,1,reseller,5,0
6998.76,45,26.1,581.0,1,9.5,3,0,4,1,online,1,0
1575.04,60,27.7,746.0,1,13.1,3,0,1,1,direct,4,0
1481.44,15,56.7,605.0,2,21.6,2,0,4,0,direct,4,0
3763.58,30,11.6,742.0,0,0.0,3,0,12,0,reseller,6,0
4254.39,45,0.0,850.0,1,4.9,3,0,11,0,direct,6,0
684.93,30,0.9,629.0,0,0.0,5,1,4,0,reseller,2,1
3095.56,30,59.7,850.0,2,20.5,4,0,9,1,reseller,1,0
3687.36,45,1.2,724.0,1,11.0,3,2,6,1,direct,6,0
2999.99,30,12.6,613.0,1,8.8,3,3,4,1,reseller,2,0
1751.01,60,133.4,608.0,1,11.2,2,0,9,1,direct,0,0
2240.42,30,36.0,850.0,1,17.7,3,3,5,1,direct,6,0
3105.18,45,28.0,724.0,2,26.1,5,1,7,1,direct,6,0
3950.98,15,10.9,629.0,0,0.0,1,0,1,1,direct,5,0
6274.9,15,22.2,662.0,2,8.2,2,0,11,1,online,0,0
9631.27,15,20.7,719.0,0,0.0,3,2,11,1,reseller,1,0
2793.6,60,40.9,679.0,3,3.0,2,3,11,0,direct,1,0
2415.01,60,34.2,711.0,1,32.7,2,2,5,1,online,3,0
5398.57,60,8.1,840.0,1,8.1,1,3,4,1,direct,5,0
6309.18,30,13.8,578.0,2,35.8,3,0,7,1,reseller,5,1
2463.21,30,4.0,738.0,1,2.6,4,3,6,1,reseller,6,0
7415.7,45,2.8,673.0,1,20.0,6,3,4,0,online,3,0
8792.26,45,40.8,635.0,0,0.0,4,3,3,1,reseller,4,0
11643.67,15,19.4,776.0,1,10.0,3,0,5,1,reseller,5,0
18042.56,60,18.9,548.0,1,15.3,5,3,12,1,direct,6,0
1669.41,30,47.1,467.0,2,18.9,0,1,9,1,direct,6,0
3686.78,30,38.8,700.0,0,0.0,7,0,1,1,direct,0,0
3678.09,60,20.7,668.0,1,9.6,3,2,3,1,reseller,0,0
3333.35,30,2.3,558.0,1,11.1,3,1,10,0,online,6,0
2029.74,30,1.9,526.0,2,49.5,2,0,4,1,direct,5,1
956.23,30,8.3,850.0,0,0.0,1,0,10,1,online,1,0
3957.67,90,17.5,722.0,4,4.3,7,2,9,1,direct,6,0
1823.44,15,57.5,682.0,1,10.9,3,0,11,1,online,6,1
3933.93,45,39.5,850.0,2,14.2,3,1,12,1,direct,6,0
1781.77,30,41.0,772.0,1,0.8,2,0,8,0,direct,2,0
1353.31,15,3.1,839.0,1,22.8,5,0,10,0,reseller,4,0
4495.66,30,1.3,574.0,1,4.7,7,2,7,1,online,5,0
4170.66,30,22.8,570.0,2,6.1,7,0,11,1,direct,1,0
6132.48,30,49.7,736.0,1,3.5,1,0,8,1,reseller,4,0
26037.09,30,8.4,717.0,2,20.1,4,0,2,1,online,1,0
4673.02,45,11.5,792.0,3,15.9,3,3,3,0,direct,0,0
5633.99,30,35.2,533.0,2,20.9,2,3,6,1,direct,6,0
1380.49,45,72.6,743.0,0,0.0,1,3,3,1,reseller,1,0
1143.42,60,4.8,769.0,1,12.0,2,0,3,0,direct,3,0
15131.69,30,151.8,764.0,5,6.8,2,3,10,1,direct,3,0
1585.84,30,5.2,643.0,3,12.2,3,3,1,1,reseller,4,0
1422.9,30,11.1,727.0,0,0.0,1,0,7,0,direct,1,1
3515.06,30,27.4,610.0,0,0.0,4,0,10,0,direct,2,1
3357.08,15,16.9,654.0,5,23.4,6,2,12,0,online,5,0
1616.06,30,8.1,586.0,1,5.0,4,0,5,1,direct,5,0
2767.01,30,16.7,612.0,0,0.0,2,0,4,1,direct,5,0
11008.67,30,9.0,658.0,2,9.4,0,3,9,0,reseller,3,0
1762.71,90,16.5,636.0,2,10.0,3,0,4,1,reseller,0,0
1038.67,30,51.1,612.0,1,19.9,0,2,2,1,reseller,6,0
8504.36,30,26.5,563.0,1,14.4,3,2,7,1,online,4,0
5670.7,30,25.2,850.0,1,8.3,6,0,4,1,direct,2,0
2082.94,45,7.7,635.0,2,9.1,6,0,1,0,direct,6,0
876.6,30,65.0,710.0,3,11.0,0,0,8,1,direct,6,0
1862.81,30,77.0,522.0,0,0.0,3,3,9,0,direct,3,1
3466.03,45,17.2,802.0,2,11.0,1,0,12,1,direct,4,0
10395.26,15,10.6,695.0,2,17.6,4,3,3,1,direct,5,1
1432.36,30,12.6,640.0,2,3.5,2,1,10,1,direct,0,0
3374.26,30,59.5,641.0,0,0.0,3,1,7,1,online,0,0
6685.06,45,13.6,758.0,0,0.0,2,1,3,1,direct,1,1
427.03,90,0.2,414.0,1,34.4,2,0,2,1,direct,5,1
9231.78,45,2.6,606.0,0,0.0,1,3,2,0,direct,4,1
1256.13,30,1.5,669.0,0,0.0,3,3,5,1,direct,1,0
4908.85,30,23.1,668.0,2,19.8,2,1,9,1,direct,4,1
4546.05,30,46.9,850.0,4,14.1,2,2,7,1,online,1,0
9663.66,60,10.8,650.0,1,1.4,0,2,3,0,direct,4,1
5977.94,60,20.0,769.0,2,1.7,3,0,7,1,direct,3,0
428.56,60,1.6,843.0,0,0.0,1,0,5,1,direct,3,0
1796.69,30,24.3,740.0,3,10.4,3,0,12,0,reseller,6,1
4123.2,45,68.9,619.0,1,13.1,6,0,11,1,reseller,5,0
3054.95,60,37.6,564.0,3,3.2,4,0,9,1,direct,4,1
5596.24,45,66.0,747.0,1,16.0,3,1,9,0,direct,5,0
7408.85,45,12.5,828.0,0,0.0,4,3,7,1,direct,6,0
6295.6,30,14.6,729.0,2,14.0,2,2,8,1,direct,2,0
3002.36,45,25.9,791.0,1,4.3,6,3,8,1,direct,5,0
691.11,30,4.9,850.0,0,0.0,3,2,11,0,direct,4,0
2416.48,15,78.9,755.0,1,19.8,6,1,9,1,direct,5,0
5296.13,60,31.4,581.0,5,5.3,3,1,10,0,direct,6,0
1364.57,60,3.9,685.0,2,13.8,1,0,12,1,direct,5,0
6426.26,60,10.7,803.0,1,11.7,3,2,3,1,direct,3,0
8246.58,30,10.1,658.0,3,5.1,7,1,2,0,direct,2,1
4081.34,15,54.4,816.0,0,0.0,4,2,11,0,direct,1,0
231.04,30,60.0,674.0,1,16.2,1,0,9,1,online,5,0
1152.54,60,9.8,710.0,2,31.3,4,2,2,1,direct,3,0
19882.0,45,45.0,648.0,1,8.2,1,0,1,1,reseller,5,0
2226.34,90,8.1,694.0,0,0.0,2,3,5,0,direct,3,0
610.5,30,22.1,699.0,1,0.8,3,3,1,0,online,5,0
11067.0,30,3.2,535.0,1,10.9,4,0,9,1,reseller,1,1
3684.98,45,55.8,640.0,1,2.3,8,3,9,1,online,4,0
9842.32,30,10.2,569.0,1,1.9,4,2,6,1,direct,1,0
4671.63,90,51.7,643.0,1,5.0,4,0,7,1,reseller,1,0
5501.1,30,29.5,608.0,2,15.9,4,1,9,0,direct,5,1
5047.8,15,9.8,771.0,0,0.0,5,3,10,1,direct,6,0
6820.85,15,39.5,772.0,4,16.6,6,1,11,1,online,3,0
28273.7,60,5.0,730.0,2,6.7,4,0,5,0,direct,1,0
8724.63,45,26.1,566.0,2,7.1,7,1,5,1,reseller,6,0
878.04,45,47.2,671.0,1,20.8,4,0,2,1,reseller,2,0
5442.51,45,25.2,559.0,1,7.9,4,0,4,1,direct,4,0
10171.38,30,22.6,667.0,1,3.0,2,1,8,1,direct,0,0
10747.52,45,6.7,738.0,1,5.2,2,1,10,1,online,5,0
2480.1,60,23.9,769.0,0,0.0,2,1,7,1,reseller,0,0
10388.45,30,50.1,723.0,1,13.6,5,0,3,1,online,5,1
8391.45,45,25.7,793.0,0,0.0,3,2,4,1,reseller,1,0
36874.14,30,8.7,703.0,4,2.2,5,0,6,1,direct,6,0
1853.81,30,1.5,659.0,1,13.5,10,0,6,1,direct,4,0
2306.16,30,6.7,759.0,2,7.6,2,0,12,0,direct,3,0
2764.16,60,59.1,762.0,0,0.0,4,0,7,0,online,2,0
2342.09,15,15.7,633.0,2,16.6,4,0,10,1,direct,1,0
1634.32,30,1.8,714.0,1,7.9,5,2,3,0,direct,6,1
302.96,45,22.4,654.0,2,10.6,1,2,3,1,online,2,1
2462.1,15,5.6,499.0,2,22.9,4,1,9,0,direct,0,0
5076.73,45,88.5,720.0,0,0.0,0,0,5,1,reseller,0,0
2335.78,60,46.0,563.0,4,15.7,1,0,8,1,reseller,1,0
20782.01,15,85.8,710.0,1,10.0,2,0,5,1,direct,6,0
3685.05,30,32.6,542.0,0,0.0,5,1,1,1,direct,0,0
11636.78,90,5.6,615.0,5,3.7,2,1,5,1,online,5,0
4606.75,30,1.9,641.0,1,2.2,5,1,7,1,direct,0,0
7659.99,15,23.2,788.0,4,3.3,3,0,7,1,reseller,0,0
4681.24,90,1.7,632.0,1,7.1,2,1,4,0,reseller,1,0
12480.29,60,121.7,583.0,1,15.7,2,0,6,1,direct,0,0
3828.95,45,12.3,713.0,2,6.4,2,1,11,1,reseller,6,0
5690.25,30,35.0,660.0,1,15.4,1,2,7,1,reseller,6,0
5062.92,60,17.0,751.0,3,11.0,2,0,6,1,direct,5,0
2808.89,45,24.2,589.0,1,34.9,0,0,4,1,online,3,1
5242.13,45,25.5,699.0,0,0.0,4,0,2,1,online,2,0
27199.33,60,73.6,850.0,0,0.0,5,3,12,0,reseller,6,0
2854.47,45,44.1,658.0,1,14.3,2,0,8,0,direct,0,0
5310.91,30,4.2,697.0,1,10.4,6,2,2,1,direct,2,0
11293.71,30,58.7,531.0,0,0.0,2,0,4,1,online,4,0
10160.14,30,2.8,603.0,1,8.7,2,1,11,1,direct,2,1
3679.55,30,6.3,721.0,0,0.0,3,1,12,1,direct,4,0
426.22,30,15.4,650.0,0,0.0,7,2,7,1,direct,6,1
5796.63,30,0.3,735.0,1,3.9,4,3,1,1,online,6,0
493.97,60,3.6,718.0,2,31.6,7,2,10,1,direct,0,0
13669.79,30,0.3,561.0,0,0.0,1,2,2,1,direct,6,0
4240.88,15,11.3,771.0,1,23.2,5,1,8,1,reseller,6,0
8952.67,30,5.8,568.0,0,0.0,0,1,12,1,online,1,0
1616.63,30,21.9,611.0,0,0.0,0,2,1,1,reseller,0,0
900.31,45,45.3,701.0,2,28.3,2,1,12,1,online,6,0
4603.99,30,11.6,821.0,0,0.0,3,1,1,1,direct,6,0
3532.49,30,18.7,590.0,1,4.5,1,3,1,1,online,3,0
2339.31,60,0.8,693.0,2,8.3,3,0,7,1,direct,1,0
3929.22,15,16.8,694.0,1,5.1,1,3,5,1,direct,6,0
43944.92,30,5.1,739.0,2,9.1,6,2,3,0,online,5,0
7716.17,60,15.3,787.0,1,14.8,1,3,12,1,direct,4,0
9363.26,30,22.6,644.0,1,3.1,5,0,5,0,direct,3,1
7781.8,45,137.1,771.0,1,11.7,0,0,4,1,reseller,3,0
13787.48,60,86.4,800.0,1,15.9,3,0,10,1,reseller,6,0
3068.47,60,17.4,841.0,3,3.4,2,1,11,1,direct,4,0
572.9,15,35.3,725.0,0,0.0,4,3,8,1,online,2,0
3072.58,45,4.6,694.0,4,8.5,2,2,7,1,reseller,1,0
7559.51,45,20.3,637.0,3,4.1,1,0,6,0,online,3,0
1521.09,30,23.6,549.0,1,4.4,5,0,10,0,online,3,1
3106.56,60,15.3,655.0,0,0.0,3,1,8,1,reseller,5,0
1953.56,30,10.5,690.0,1,6.6,2,0,8,1,reseller,1,0
14070.37,60,30.1,670.0,0,0.0,4,0,12,0,direct,5,0
7147.45,45,3.1,734.0,4,23.8,3,0,10,1,reseller,3,0
6544.54,30,24.5,549.0,3,12.3,2,1,10,1,online,4,0
6370.55,30,0.9,664.0,3,12.5,3,0,5,1,direct,2,0
3520.91,60,0.8,850.0,2,10.6,3,0,10,0,direct,3,0
4349.43,30,5.7,770.0,0,0.0,3,0,12,0,reseller,3,0
1253.05,15,44.7,735.0,0,0.0,2,0,9,1,direct,4,0
508.87,15,11.3,715.0,1,3.6,3,0,5,1,direct,6,0
4167.51,45,31.9,647.0,1,8.8,4,1,1,1,online,3,0
4873.61,30,23.6,522.0,0,0.0,5,0,1,1,direct,3,0
10811.2,30,49.7,721.0,3,18.7,5,0,4,1,reseller,4,0
14975.97,45,2.0,460.0,0,0.0,3,0,10,0,direct,0,0
14957.96,30,68.8,651.0,0,0.0,3,0,2,1,direct,4,0
1482.94,30,15.4,680.0,0,0.0,4,3,3,0,direct,4,0
2651.71,30,15.0,640.0,0,0.0,6,0,5,1,online,1,1
5609.97,60,24.1,850.0,1,10.9,4,0,2,1,direct,4,1
35550.67,60,50.2,844.0,2,9.6,3,0,8,1,direct,0,0
13795.38,30,75.3,773.0,2,15.6,1,1,9,1,reseller,0,0
9971.21,30,12.6,597.0,2,4.9,3,0,1,0,online,1,1
2568.28,30,15.1,850.0,2,12.4,3,0,10,1,reseller,2,0
1644.38,90,5.1,736.0,4,1.7,7,0,2,1,reseller,5,0
7405.79,30,18.6,595.0,1,5.9,1,0,8,1,direct,1,0
1352.09,30,3.9,683.0,0,0.0,2,3,1,0,reseller,3,1
2937.77,60,8.0,766.0,1,2.7,2,0,3,0,direct,3,0
3283.61,30,4.3,626.0,3,10.9,2,0,8,1,direct,0,1
15269.63,30,15.0,693.0,1,5.2,7,3,3,0,reseller,2,1
2645.92,15,21.5,708.0,1,21.3,8,3,9,1,online,5,0
405.32,45,23.2,581.0,2,8.0,3,1,4,1,online,5,1
5733.03,30,32.4,656.0,1,14.8,1,2,11,0,direct,3,0
1940.85,90,58.8,588.0,2,19.0,3,0,9,1,online,2,0
3783.36,30,11.1,758.0,0,0.0,1,1,5,0,direct,1,0
3367.63,15,31.1,598.0,1,7.1,3,3,1,0,direct,0,0
2845.99,60,10.4,706.0,1,9.6,4,0,10,1,reseller,0,1
7415.34,60,10.6,555.0,2,2.7,3,1,11,1,reseller,1,1
916.37,45,57.0,578.0,2,15.0,3,0,6,1,direct,4,0
2286.29,45,15.6,574.0,1,35.8,4,0,12,1,reseller,0,0
6738.78,30,0.6,654.0,3,17.9,1,1,5,1,direct,3,1
2095.03,45,9.5,696.0,2,6.8,2,0,11,0,online,2,1
855.83,15,29.6,713.0,1,7.4,1,0,2,1,reseller,2,0
6645.53,30,11.9,520.0,0,0.0,2,0,6,1,online,5,1
10004.45,60,23.7,665.0,2,3.1,3,0,9,1,reseller,2,0
3496.45,45,4.8,612.0,0,0.0,3,1,7,0,online,3,0
623.43,30,20.2,728.0,1,5.8,3,0,7,1,online,3,0
6873.12,15,93.7,656.0,2,1.6,2,0,7,1,direct,2,0
817.38,60,12.1,673.0,1,12.9,4,3,2,1,direct,4,0
4807.44,15,7.1,613.0,1,6.9,1,0,8,1,direct,6,0
1638.08,30,26.2,835.0,0,0.0,3,0,1,1,direct,3,0
1281.96,30,18.4,564.0,0,0.0,6,1,11,0,direct,3,0
2446.18,15,109.4,644.0,1,2.3,4,1,5,0,online,6,0
3087.24,30,49.6,690.0,2,8.9,2,0,11,1,reseller,5,1
2039.0,90,12.7,657.0,1,2.2,2,1,5,0,reseller,3,0
6184.69,30,33.9,611.0,1,12.9,3,2,4,0,direct,1,0
2437.04,30,22.4,517.0,1,20.1,4,1,8,0,online,5,1
8797.05,45,26.9,618.0,4,14.9,4,3,2,1,direct,2,0
4689.38,30,15.4,594.0,1,5.9,3,2,7,1,reseller,4,1
1943.41,45,6.4,831.0,0,0.0,4,0,7,0,online,3,0
1670.13,45,0.5,850.0,2,7.7,3,1,4,1,direct,3,0
826.54,45,13.6,675.0,3,10.1,5,0,1,1,online,3,0
4729.9,45,17.5,554.0,1,13.2,0,0,11,0,reseller,4,0
2646.18,45,3.2,746.0,0,0.0,1,0,9,1,reseller,5,0
430.53,45,38.8,592.0,2,1.8,2,2,10,1,direct,5,0
2248.14,45,9.2,631.0,0,0.0,2,0,9,1,reseller,4,1
1618.2,15,17.3,623.0,0,0.0,4,2,12,1,online,1,1
15034.61,45,43.1,635.0,1,9.1,2,3,9,1,direct,6,0
786.43,45,15.0,648.0,2,10.3,2,0,2,1,direct,3,1
995.04,30,30.3,562.0,2,5.9,0,0,4,1,direct,6,0
9886.97,60,41.7,617.0,3,7.2,2,2,8,1,online,6,0
12345.99,30,18.4,772.0,1,3.9,4,0,9,1,reseller,3,0
1862.2,30,6.7,677.0,2,11.3,5,2,10,0,reseller,2,0
2061.36,60,0.6,691.0,1,16.2,2,2,4,1,direct,4,0
6339.86,30,19.1,479.0,1,2.3,2,2,5,1,direct,1,0
448.37,30,33.9,765.0,2,15.6,3,1,6,1,reseller,5,0
681.93,30,32.5,618.0,1,12.4,2,0,12,1,direct,5,0
2828.04,60,82.0,781.0,1,14.8,1,0,9,1,reseller,2,0
14689.7,30,29.2,694.0,1,20.4,4,1,9,0,direct,2,0
2459.82,45,19.9,629.0,2,6.0,1,0,4,1,reseller,1,1
3987.19,45,1.4,529.0,0,0.0,3,0,4,0,direct,1,1
10101.21,45,32.5,850.0,3,20.7,2,0,11,1,online,6,0
24250.59,60,36.8,752.0,1,2.6,0,0,7,0,online,6,0
2166.43,60,13.6,758.0,1,10.4,4,0,4,1,direct,4,0
3586.19,30,3.7,844.0,0,0.0,2,0,5,0,direct,2,0
18766.9,90,27.2,700.0,0,0.0,5,0,11,1,direct,1,0
925.21,30,27.9,802.0,0,0.0,4,0,1,0,reseller,0,0
9180.37,15,16.8,637.0,0,0.0,4,0,12,0,reseller,4,0
1456.1,30,11.0,746.0,1,32.1,2,2,7,1,reseller,3,0
3992.71,45,8.9,623.0,3,5.1,2,0,5,1,reseller,1,0
2926.74,30,4.4,635.0,1,14.0,0,0,4,1,direct,0,1
1537.31,30,19.2,689.0,2,9.0,5,3,1,1,reseller,3,0
1502.98,30,0.9,566.0,2,13.1,3,0,11,0,online,1,0
4669.34,30,5.3,710.0,0,0.0,2,0,4,1,direct,4,0
8919.41,15,2.8,652.0,4,16.9,2,0,2,1,direct,0,0
3239.7,60,10.1,501.0,0,0.0,5,2,10,1,direct,5,0
3878.1,30,4.1,639.0,3,8.4,4,3,8,1,reseller,3,1
6087.89,15,6.7,649.0,1,16.0,2,0,2,1,online,2,0
1518.6,30,40.3,757.0,1,11.8,4,0,6,1,direct,5,1
7084.92,30,1.4,706.0,0,0.0,1,0,11,1,direct,0,0
7611.45,45,16.5,810.0,0,0.0,6,1,3,1,online,0,0
37921.13,30,6.8,727.0,2,19.3,7,3,8,1,reseller,5,0
2595.43,15,41.7,630.0,1,4.3,5,0,8,1,direct,2,0
2410.83,60,2.2,675.0,5,9.3,1,1,10,1,reseller,4,0
7274.06,30,31.2,649.0,1,3.0,4,3,3,0,direct,5,0
7609.81,15,23.4,724.0,3,20.5,3,0,10,1,reseller,4,1
2249.41,45,10.3,685.0,1,43.7,5,1,1,1,direct,1,0
2532.98,45,62.4,623.0,1,24.2,1,2,10,1,reseller,2,0
5925.48,45,34.6,681.0,0,0.0,5,0,1,1,direct,1,0
1728.79,30,48.9,722.0,1,6.3,0,1,1,1,direct,0,0
2516.24,30,28.6,589.0,0,0.0,3,3,2,1,reseller,6,0
3946.69,30,48.4,709.0,1,18.1,1,2,9,1,online,4,0
8922.62,15,34.1,538.0,1,26.6,2,1,10,1,reseller,1,0
2112.99,30,69.3,780.0,0,0.0,1,0,9,0,direct,5,0
693.57,90,14.2,727.0,1,3.7,7,0,12,1,direct,0,0
648.76,45,30.7,827.0,1,9.8,1,0,8,1,direct,2,0
1172.07,30,62.9,580.0,1,8.7,3,2,12,0,reseller,2,0
1116.72,30,37.1,782.0,0,0.0,5,3,11,1,direct,4,0
3167.98,45,37.0,764.0,3,15.3,3,1,9,1,direct,4,0
1248.89,30,1.0,664.0,1,1.8,5,0,7,0,online,0,1
1934.34,30,49.6,646.0,3,15.7,3,3,7,1,reseller,1,0
1814.06,30,10.6,582.0,0,0.0,5,1,7,0,direct,5,1
2449.26,45,39.8,559.0,2,18.5,4,2,4,1,reseller,6,0
11971.14,45,46.0,612.0,2,17.8,3,1,7,1,direct,5,1
6606.13,15,2.9,567.0,1,11.6,1,3,1,1,reseller,3,1
3694.19,15,68.4,824.0,0,0.0,2,1,9,0,online,2,0
2404.45,45,8.7,545.0,0,0.0,4,0,12,1,reseller,2,1
2465.35,30,22.6,693.0,1,27.8,2,2,12,1,reseller,0,1
4890.12,45,8.9,719.0,3,14.3,3,0,9,1,direct,4,0
6159.51,30,0.2,712.0,0,0.0,4,0,8,1,direct,3,0
1608.64,45,14.2,720.0,2,10.7,3,0,6,0,direct,1,0
3762.48,60,1.0,765.0,0,0.0,3,3,5,1,direct,4,0
584.96,45,11.9,640.0,3,10.6,6,3,3,1,online,5,0
4405.21,30,9.2,688.0,1,22.7,3,0,7,1,reseller,0,0
7229.57,45,39.9,654.0,1,15.7,2,0,9,1,direct,2,0
2829.73,30,19.6,797.0,0,0.0,5,0,12,1,direct,1,0
18673.75,15,5.0,850.0,1,19.1,1,3,7,1,direct,5,0
1647.29,30,8.1,573.0,1,13.5,5,3,3,0,reseller,0,0
4427.97,60,28.3,497.0,2,8.8,2,1,7,1,direct,0,1
3525.43,30,3.4,731.0,1,7.4,4,1,11,1,reseller,5,1
3326.69,60,6.8,776.0,1,26.5,4,0,6,1,direct,3,0
3284.96,30,0.8,850.0,1,14.7,3,0,10,0,reseller,2,0
4009.39,30,19.6,746.0,0,0.0,2,3,10,0,direct,5,0
7810.02,15,26.1,806.0,0,0.0,2,3,5,1,direct,3,0
12581.25,45,1.8,829.0,1,8.0,2,1,9,1,direct,4,1
3633.58,15,13.7,812.0,0,0.0,1,0,11,1,reseller,4,1
7583.91,30,146.3,759.0,1,5.9,1,0,2,1,reseller,1,0
1936.06,30,4.0,565.0,0,0.0,2,0,9,0,direct,1,0
7254.37,30,87.7,679.0,2,16.2,3,0,6,1,direct,5,0
1833.91,30,29.9,707.0,0,0.0,2,3,12,1,direct,5,0
9716.63,15,4.0,671.0,2,16.5,2,1,11,0,direct,5,1
26624.22,30,11.4,677.0,2,18.2,1,2,7,1,reseller,1,0
3262.09,90,40.8,821.0,2,8.1,3,2,8,0,direct,2,0
506.09,15,5.5,612.0,3,10.1,2,0,9,1,direct,6,1
2223.27,30,5.3,752.0,1,15.7,3,2,4,1,direct,2,0
11033.46,30,10.2,708.0,1,5.3,4,3,5,1,reseller,3,0
5989.54,30,8.5,603.0,0,0.0,1,0,9,1,reseller,6,1
4555.19,45,8.4,583.0,1,2.3,1,2,5,1,direct,3,0
9025.43,30,72.7,527.0,1,6.7,8,1,2,1,reseller,6,0
5630.81,30,40.2,724.0,2,8.2,4,3,3,1,reseller,3,0
10893.84,45,7.2,674.0,1,12.9,5,2,4,1,direct,6,1
8328.86,30,28.4,606.0,2,20.9,3,1,7,0,reseller,2,1
14321.69,60,31.1,511.0,0,0.0,2,2,8,1,direct,6,0
5028.7,90,9.2,719.0,1,6.3,2,0,1,0,direct,3,0
8223.35,15,131.1,664.0,1,3.5,4,3,4,1,online,1,0
2761.66,30,11.3,616.0,0,0.0,2,3,12,1,reseller,0,0
2118.97,30,11.0,593.0,1,5.6,1,2,3,1,direct,5,0
16917.28,30,15.4,659.0,3,11.1,4,2,4,1,reseller,5,0
4423.05,30,31.5,722.0,4,5.6,2,0,8,0,direct,2,0
7513.02,30,132.5,650.0,0,0.0,7,1,8,0,direct,6,0
4069.87,30,19.7,573.0,1,7.2,1,0,12,1,reseller,0,0
2147.66,30,8.3,675.0,1,10.3,3,0,12,0,direct,2,1
3677.12,30,8.5,774.0,3,15.1,3,0,5,1,direct,6,0
13258.51,90,17.1,684.0,0,0.0,4,3,6,1,direct,5,0
6001.21,60,3.5,686.0,0,0.0,2,1,4,0,online,4,0
780.3,15,11.4,651.0,1,6.5,6,1,1,1,direct,4,0
2999.74,45,16.6,600.0,1,17.1,5,3,10,1,reseller,2,0
18107.19,30,94.6,597.0,3,20.0,4,0,5,1,direct,2,1
3003.65,45,154.5,530.0,2,3.1,0,0,9,1,reseller,6,0
720.23,30,53.9,786.0,2,2.7,4,0,12,1,reseller,1,0
20005.13,60,25.0,722.0,1,27.1,4,0,7,1,online,2,0
6728.81,15,50.6,687.0,2,3.6,1,3,12,1,online,3,0
3418.61,30,1.5,707.0,1,5.3,1,0,6,1,direct,5,0
2606.4,90,4.5,711.0,1,8.0,3,1,9,0,online,1,0
9644.25,30,3.8,614.0,0,0.0,3,0,8,1,direct,1,0
2235.49,15,16.6,651.0,1,5.4,1,2,9,1,direct,4,0
10233.59,45,13.1,637.0,0,0.0,1,3,12,1,reseller,0,0
5931.16,45,11.2,850.0,0,0.0,2,1,6,1,reseller,1,0
4537.87,45,5.8,772.0,0,0.0,5,0,7,0,reseller,3,0
4150.41,45,22.9,695.0,2,17.1,4,1,7,1,direct,5,1
3110.47,45,3.1,803.0,2,2.7,1,0,10,0,reseller,3,0
9330.8,15,0.8,792.0,0,0.0,3,2,7,1,direct,6,0
1671.02,45,9.3,556.0,0,0.0,1,0,3,0,direct,3,0
845.79,45,6.5,660.0,2,6.3,2,0,5,0,reseller,3,1
6329.62,60,10.9,679.0,0,0.0,7,1,1,1,reseller,4,0
6426.04,30,6.5,735.0,0,0.0,3,0,10,1,direct,4,0
5609.5,15,11.6,660.0,1,9.4,3,3,7,1,reseller,2,0
5255.11,45,62.0,671.0,2,1.7,2,3,11,0,online,2,0
2728.52,30,3.6,638.0,0,0.0,3,3,7,1,direct,4,0
7396.29,15,6.3,774.0,1,14.6,5,0,11,1,direct,6,0
3494.68,60,12.7,550.0,2,10.9,5,0,11,0,direct,5,0
2348.65,30,152.9,642.0,0,0.0,1,0,4,0,direct,6,0
2749.84,30,0.1,514.0,3,10.1,2,2,8,1,direct,6,1
22439.45,15,10.2,587.0,2,14.8,4,0,3,1,direct,4,1
763.96,15,38.0,709.0,0,0.0,2,2,5,1,direct,0,0
5709.06,45,22.3,710.0,5,16.8,5,3,12,1,direct,0,0
803.36,30,14.8,652.0,1,9.4,4,3,6,0,online,5,1
3303.01,15,3.7,781.0,0,0.0,4,0,2,1,direct,3,0
2464.48,30,1.6,802.0,0,0.0,5,0,12,0,reseller,1,1
557.51,30,57.6,674.0,0,0.0,1,1,5,1,reseller,4,0
5167.45,15,29.8,703.0,0,0.0,3,0,9,1,online,0,0
2586.25,30,4.3,639.0,6,9.1,2,0,1,0,direct,6,1
550.44,30,10.7,736.0,0,0.0,3,0,2,0,online,6,0
7751.26,30,41.7,573.0,2,4.8,4,0,3,0,reseller,6,0
13246.72,30,24.2,842.0,1,35.8,5,0,12,0,direct,2,0
13920.42,30,32.0,783.0,0,0.0,5,0,6,0,online,5,0
5029.42,30,22.3,572.0,2,18.5,4,0,11,0,online,2,0
3795.05,15,16.6,609.0,1,14.8,6,3,1,1,online,0,0
12032.19,15,1.6,718.0,2,33.8,4,0,9,1,direct,2,0
16550.06,15,1.9,650.0,5,5.5,2,0,7,0,online,2,0
10099.2,30,64.2,729.0,2,17.6,2,0,4,1,reseller,2,0
1560.27,45,37.9,648.0,0,0.0,4,0,6,0,direct,6,1
4364.29,15,1.8,817.0,0,0.0,4,0,4,1,direct,2,1
5407.62,45,29.0,681.0,0,0.0,5,0,6,1,direct,2,1
714.33,45,11.2,850.0,1,18.8,1,0,7,1,reseller,6,1
5554.84,15,3.9,734.0,1,12.9,1,1,10,1,online,4,1
28160.98,15,7.6,559.0,0,0.0,3,0,11,1,direct,6,0
6476.55,30,55.1,850.0,2,4.6,4,0,5,1,direct,5,0
13712.62,15,27.0,779.0,1,2.7,3,1,11,0,reseller,0,0
4292.49,30,0.2,714.0,1,8.7,2,1,1,1,direct,1,0
3408.76,15,30.8,738.0,1,2.7,2,1,5,1,reseller,3,0
5131.45,60,0.1,573.0,0,0.0,3,1,9,1,direct,1,0
1747.18,30,53.2,518.0,2,5.6,5,0,11,1,direct,3,1
1529.36,45,23.4,676.0,2,22.0,2,1,9,0,direct,6,0
11380.7,45,24.6,804.0,1,6.1,2,3,6,1,reseller,4,0
12520.32,30,0.4,716.0,2,35.1,2,0,7,1,direct,5,0
1492.2,60,1.7,834.0,0,0.0,1,2,5,1,direct,0,0
8701.05,90,17.3,799.0,0,0.0,4,2,1,0,direct,3,0
3366.86,30,8.3,682.0,1,11.5,5,0,10,1,online,2,1
4943.49,15,16.8,787.0,1,10.3,3,0,12,1,reseller,6,0
5509.32,30,13.8,817.0,1,17.7,4,1,6,1,direct,5,0
8909.87,30,43.1,673.0,1,9.2,4,3,4,1,reseller,3,0
3922.35,30,3.5,661.0,2,5.7,4,2,10,1,reseller,6,0
12953.82,30,10.9,693.0,2,15.8,6,2,4,0,online,1,0
4810.09,30,9.4,463.0,3,3.9,1,0,10,1,online,1,1
6385.38,45,49.6,705.0,0,0.0,3,0,3,1,reseller,2,0
1719.97,30,23.0,745.0,3,17.7,4,1,1,1,direct,6,0
25407.33,30,6.3,693.0,1,8.5,2,1,8,1,reseller,5,0
5557.16,30,11.1,711.0,1,13.2,4,1,11,0,direct,0,0
6916.73,45,6.4,676.0,2,11.7,4,3,8,0,reseller,3,0
856.31,45,13.5,500.0,1,6.0,4,2,6,1,direct,4,0
1736.4,15,16.0,830.0,2,8.7,2,0,11,1,reseller,0,0
11093.29,45,28.3,647.0,1,3.8,3,2,8,1,direct,1,0
4713.58,30,16.8,624.0,0,0.0,2,0,8,0,direct,3,0
650.41,45,58.7,802.0,1,7.3,2,0,1,0,reseller,2,0
9269.28,30,20.9,768.0,4,20.8,5,0,4,0,online,0,0
2231.87,30,5.3,705.0,1,8.1,3,0,2,1,reseller,5,0
12967.29,45,26.4,749.0,1,14.0,4,0,10,0,online,1,0
3364.21,60,20.8,576.0,2,3.8,3,0,2,1,online,4,0
4377.51,45,2.9,673.0,2,18.7,4,2,4,1,direct,4,0
10520.27,30,1.3,797.0,3,8.4,4,0,5,1,reseller,3,0
1623.36,45,5.6,619.0,0,0.0,5,3,11,0,online,4,0
1489.86,30,11.5,590.0,0,0.0,5,2,7,1,direct,1,0
3050.78,45,2.4,687.0,2,48.1,3,0,2,1,reseller,3,0
7665.27,60,1.8,689.0,0,0.0,4,0,3,0,direct,6,0
1099.06,15,18.3,738.0,1,34.4,2,3,6,1,direct,4,0
811.41,30,2.7,556.0,1,27.5,4,3,6,1,direct,0,0
7641.5,30,73.4,451.0,2,2.6,3,0,12,1,direct,2,1
2116.08,30,18.7,763.0,1,9.1,0,2,10,1,online,4,1
2558.04,30,4.2,583.0,2,8.4,1,3,10,1,direct,0,0
684.62,30,92.9,625.0,2,9.3,0,3,12,1,direct,4,1
1976.18,30,20.4,484.0,2,11.7,4,0,5,1,online,4,0
3616.24,15,54.1,772.0,1,21.1,3,1,7,0,direct,3,1
8411.37,30,16.7,712.0,1,3.3,3,3,9,1,reseller,5,0
1818.73,45,14.3,708.0,2,8.5,3,1,11,1,online,6,0
16181.74,30,69.5,707.0,1,6.4,2,3,1,1,online,3,0
1966.28,30,30.5,495.0,1,5.9,1,0,5,1,online,6,1
1968.87,45,21.2,591.0,1,9.6,2,0,1,1,online,4,1
14524.93,90,13.4,639.0,1,7.8,2,3,2,1,direct,5,0
4404.2,30,19.0,613.0,1,0.7,3,0,5,1,online,1,0
2215.38,15,27.6,656.0,2,11.8,2,3,6,1,reseller,6,0
3166.49,15,25.6,702.0,0,0.0,1,0,12,1,direct,1,1
12305.06,90,14.9,771.0,0,0.0,5,0,5,1,online,0,0
13623.92,45,7.3,547.0,0,0.0,4,0,7,1,direct,3,0
1745.66,45,5.5,679.0,1,7.3,3,0,10,1,direct,6,0
3504.52,45,8.6,744.0,0,0.0,5,3,2,0,direct,2,0
3948.7,30,6.8,597.0,0,0.0,2,0,9,0,direct,0,0
1498.75,30,0.1,663.0,2,9.1,3,2,7,1,direct,1,0
3462.98,45,20.8,722.0,1,9.6,2,0,10,1,direct,4,0
3658.43,60,31.5,681.0,1,10.6,1,1,11,0,online,5,0
10159.74,30,57.5,741.0,1,14.8,3,2,6,1,online,6,0
10793.32,30,98.9,689.0,3,11.8,5,1,7,1,direct,4,0
2707.31,30,37.0,652.0,1,26.1,1,1,2,0,reseller,4,0
3003.23,90,14.6,574.0,2,14.8,3,0,4,1,online,0,0
6620.08,30,9.3,702.0,0,0.0,6,2,5,1,direct,5,0
2150.23,45,26.3,689.0,1,9.9,0,2,12,1,direct,5,0
6184.34,30,46.8,591.0,2,4.2,4,0,7,1,direct,1,0
3363.99,45,14.6,732.0,1,2.2,5,0,12,1,direct,3,0
1521.64,45,9.9,794.0,2,0.5,1,0,4,0,direct,5,0
1538.94,30,41.8,621.0,2,14.2,5,2,6,0,online,5,0
13391.2,60,0.7,615.0,0,0.0,3,0,4,0,direct,3,0
3162.82,60,40.2,611.0,0,0.0,5,1,11,0,direct,3,0
15935.72,60,4.4,529.0,0,0.0,3,0,8,1,direct,2,0
2293.25,30,2.8,850.0,2,8.5,2,2,4,1,direct,3,0
4731.91,45,21.8,640.0,1,2.7,1,0,2,0,direct,2,0
31363.78,30,51.4,603.0,0,0.0,4,0,3,0,direct,4,0
1405.79,30,14.1,579.0,2,7.9,8,2,12,1,reseller,5,0
659.82,30,22.1,645.0,4,5.7,2,1,6,0,direct,3,1
11590.38,45,67.2,617.0,2,5.3,5,3,10,0,direct,1,0
1729.99,15,5.3,809.0,0,0.0,5,0,11,1,online,4,0
3573.73,30,19.9,568.0,2,13.9,6,0,8,1,online,1,0
2148.82,30,36.0,542.0,2,21.4,3,0,10,1,reseller,3,0
4634.79,30,33.8,730.0,0,0.0,5,0,4,1,direct,1,1
1547.69,15,24.9,670.0,2,3.5,3,2,12,1,online,5,1
3096.58,30,5.7,660.0,1,10.8,2,1,7,1,direct,3,0
5457.98,45,10.5,730.0,0,0.0,4,0,10,1,direct,5,0
1469.27,30,1.9,692.0,0,0.0,1,3,7,1,reseller,4,0
1938.99,15,31.4,676.0,0,0.0,6,0,10,1,reseller,4,0
2663.39,45,2.7,553.0,1,10.5,1,2,12,0,direct,2,0
1006.33,60,0.2,530.0,0,0.0,4,3,11,1,reseller,6,0
2489.15,60,6.8,617.0,1,8.9,2,0,4,1,online,3,0
4051.8,60,14.6,582.0,2,9.0,4,0,1,1,direct,6,0
2541.24,90,5.3,704.0,3,7.7,1,0,6,1,reseller,4,0
2851.96,30,26.5,518.0,0,0.0,0,0,9,0,direct,0,0
3576.32,90,8.5,640.0,2,2.0,6,0,11,0,reseller,1,0
2017.94,60,13.9,664.0,1,10.6,6,0,1,1,direct,4,0
6781.52,30,31.6,676.0,1,18.6,1,2,7,1,direct,0,0
13258.32,60,11.4,716.0,1,5.4,2,0,6,1,direct,4,1
2397.2,45,16.7,651.0,6,20.2,7,3,8,1,reseller,5,0
5634.58,45,8.1,620.0,1,24.2,3,0,6,0,direct,0,1
2934.65,60,16.2,792.0,0,0.0,1,0,11,1,direct,0,0
5059.07,30,4.4,651.0,1,1.5,2,0,10,1,direct,2,0
14901.27,30,2.9,808.0,1,7.7,4,0,3,1,direct,6,0
5754.82,45,80.7,651.0,0,0.0,0,0,12,1,direct,1,1
737.99,45,27.2,679.0,0,0.0,2,0,8,0,reseller,2,0
5478.55,60,28.1,668.0,0,0.0,2,0,3,1,online,2,0
11043.28,60,9.0,701.0,0,0.0,3,0,7,1,direct,1,0
2982.64,45,10.2,642.0,1,13.2,2,0,12,1,reseller,5,0
8920.18,90,29.5,689.0,2,19.5,3,0,3,1,direct,4,0
1956.47,30,36.1,818.0,1,10.0,4,2,9,1,direct,2,0
956.25,90,1.8,774.0,0,0.0,4,0,10,1,reseller,3,0
4134.21,15,4.3,775.0,2,12.5,0,0,8,1,reseller,6,0
749.32,30,6.2,559.0,1,28.0,8,1,7,1,online,6,0
2934.25,15,25.4,574.0,0,0.0,5,0,9,1,direct,6,0
11593.01,30,62.6,700.0,0,0.0,2,3,6,1,direct,3,0
652.76,30,36.8,749.0,1,10.9,4,1,3,1,online,4,0
1151.08,15,29.1,633.0,1,3.9,2,0,1,0,online,1,0
1438.23,45,1.7,617.0,0,0.0,1,0,1,1,direct,6,0
3439.26,45,7.6,805.0,0,0.0,1,0,8,1,direct,4,0
2619.8,30,61.9,742.0,3,10.9,6,1,3,0,reseller,0,0
12825.91,45,1.2,775.0,0,0.0,4,0,4,1,direct,6,0
8594.81,30,40.4,640.0,0,0.0,3,0,5,1,reseller,2,0
5685.91,15,4.5,633.0,3,16.1,2,2,8,0,direct,1,0
4150.85,15,16.9,765.0,2,6.0,2,3,6,1,direct,1,0
5186.98,30,0.9,656.0,1,11.3,1,2,10,1,direct,1,0
1676.08,45,44.1,625.0,2,6.4,5,0,2,1,reseller,0,0
7875.32,30,8.8,598.0,3,7.0,3,0,2,1,reseller,2,0
1338.31,60,50.7,634.0,0,0.0,2,0,10,1,online,5,1
7722.08,30,22.8,759.0,3,10.6,0,1,5,0,direct,3,0
10588.55,45,80.4,544.0,2,14.2,4,0,7,0,direct,3,1
4401.84,90,41.6,737.0,0,0.0,2,0,8,0,online,3,0
3106.99,30,0.3,616.0,0,0.0,3,0,8,1,reseller,6,0
5220.14,15,14.0,661.0,1,3.6,4,2,9,0,online,5,0
277.17,15,32.6,667.0,1,24.4,3,0,2,1,online,2,0
4779.22,30,20.3,660.0,2,22.6,4,0,4,1,direct,6,0
3287.82,30,58.1,654.0,0,0.0,4,1,7,0,direct,6,1
3478.77,30,14.8,640.0,2,4.8,3,1,2,0,direct,6,0
6876.6,60,29.5,629.0,1,1.9,5,2,11,1,reseller,4,0
3404.01,90,5.7,799.0,3,37.4,0,0,4,0,reseller,3,0
1304.81,30,34.5,682.0,0,0.0,2,1,11,0,direct,2,0
3205.87,30,13.3,669.0,0,0.0,1,0,6,1,reseller,4,0
3869.19,30,7.2,622.0,2,6.0,2,0,9,1,direct,4,0
4037.74,30,34.5,643.0,2,4.8,3,1,12,1,direct,0,0
4212.15,60,77.7,622.0,0,0.0,3,0,8,0,direct,6,0
9278.29,30,8.5,749.0,2,34.5,3,3,4,1,direct,1,0
1370.0,15,1.5,612.0,0,0.0,3,0,12,1,direct,0,0
4264.71,30,7.0,478.0,0,0.0,3,2,2,0,reseller,5,0
11625.27,15,4.2,685.0,1,14.9,7,3,2,1,online,3,1
764.22,30,50.6,655.0,1,17.5,3,3,1,1,online,5,0
4279.89,30,35.8,627.0,2,10.2,3,0,1,1,direct,0,0
2149.86,45,4.8,762.0,2,4.4,2,0,4,1,online,6,0
2608.06,30,59.2,434.0,2,15.0,4,3,9,1,direct,4,0
1612.71,60,31.2,822.0,1,27.9,1,2,9,1,reseller,0,0
3125.67,15,70.8,775.0,1,5.7,3,3,5,1,reseller,0,0
19094.01,45,8.2,623.0,1,12.5,1,0,11,1,direct,3,0
1166.79,15,24.4,639.0,1,15.5,3,0,2,1,direct,3,1
1270.74,30,18.8,725.0,1,6.8,1,2,5,1,direct,1,0
1128.06,60,12.3,728.0,0,0.0,2,3,12,0,direct,1,0
17234.64,45,3.4,623.0,0,0.0,4,3,11,1,online,0,0
2401.61,30,19.4,534.0,2,12.5,5,3,1,1,online,1,0
3557.9,30,6.1,850.0,3,17.0,0,3,5,0,direct,2,0
2533.85,45,34.3,766.0,3,8.5,4,1,10,1,reseller,5,0
1556.23,60,91.5,694.0,1,3.2,1,0,12,1,online,4,1
2946.47,45,31.3,696.0,3,4.2,4,3,5,1,direct,1,0
33270.26,15,0.9,736.0,3,31.5,1,0,4,0,reseller,2,0
12744.61,30,11.9,747.0,0,0.0,1,0,5,0,direct,0,0
1689.78,30,9.3,492.0,5,4.0,2,2,7,0,direct,6,1
6521.22,15,26.3,648.0,0,0.0,5,1,5,0,reseller,2,0
1722.67,30,59.4,639.0,0,0.0,4,1,10,1,direct,5,0
736.03,45,76.7,665.0,3,49.0,2,0,5,1,online,3,0
9113.93,15,25.9,749.0,2,10.5,5,0,10,0,online,1,0
10343.19,45,13.5,519.0,2,5.0,2,3,2,1,direct,2,0
9334.26,45,17.8,559.0,2,18.2,2,2,12,1,direct,6,1
2385.4,45,10.6,619.0,2,23.7,2,1,9,1,direct,3,1
3133.49,30,9.1,694.0,2,15.3,4,0,9,1,direct,4,0
7149.44,30,11.6,755.0,1,13.8,3,0,7,1,direct,2,0
5178.89,15,0.8,827.0,0,0.0,3,1,1,1,reseller,0,0
2554.79,30,22.9,654.0,0,0.0,4,2,5,0,direct,2,0
847.96,30,59.6,755.0,2,15.5,1,2,7,1,direct,4,0
4033.89,30,74.9,744.0,1,7.5,7,2,7,0,reseller,3,0
9615.28,30,14.0,729.0,3,2.9,3,1,3,1,direct,5,0
1239.14,30,6.0,678.0,2,6.9,3,3,6,1,reseller,0,0
6469.69,60,8.6,644.0,1,9.9,6,1,8,0,online,2,0
4906.85,45,20.2,584.0,2,16.2,4,0,3,1,direct,0,1
7151.9,30,16.3,578.0,0,0.0,1,0,11,0,reseller,1,0
7980.67,60,5.0,711.0,2,9.1,2,2,2,0,online,6,1
1948.82,30,12.4,675.0,0,0.0,3,3,2,1,direct,2,0
849.58,30,31.9,643.0,2,20.6,4,1,10,0,reseller,4,1
2252.58,60,5.4,740.0,1,12.8,6,3,7,0,direct,0,0
8104.82,30,6.8,662.0,0,0.0,3,2,9,1,direct,2,0
2235.45,30,20.5,598.0,2,7.5,3,2,8,0,reseller,2,0
1949.56,30,48.3,656.0,1,20.3,1,1,3,1,online,2,0
706.83,30,14.0,754.0,1,6.0,5,2,3,0,online,4,0
17630.45,45,3.8,588.0,1,34.4,2,0,2,1,online,2,1
7655.21,30,3.8,699.0,2,3.5,2,3,4,1,online,0,0
7280.15,30,13.1,675.0,2,10.4,1,0,7,1,direct,6,0
8698.91,30,87.6,612.0,3,3.2,6,0,7,1,reseller,4,0
6118.29,30,68.9,654.0,0,0.0,3,0,8,1,reseller,6,0
2922.24,30,25.0,539.0,0,0.0,2,0,5,1,direct,5,0
3141.99,60,30.7,690.0,3,15.4,1,1,8,1,direct,2,0
2477.96,45,15.0,557.0,0,0.0,3,2,2,1,direct,6,0
38998.04,30,41.0,777.0,0,0.0,1,0,4,1,reseller,4,0
6004.84,45,2.9,672.0,1,7.1,2,0,10,0,reseller,2,1
2398.45,15,57.8,629.0,1,15.7,4,3,9,1,online,1,0
5535.55,30,8.5,784.0,0,0.0,4,1,10,1,direct,0,0
1465.89,30,43.4,587.0,0,0.0,3,0,3,1,reseller,5,0
14101.78,30,29.6,613.0,1,8.4,1,0,8,1,direct,0,0
2008.29,45,11.4,515.0,2,3.3,3,0,7,1,online,6,0
5715.73,90,16.1,798.0,1,12.4,0,0,7,1,direct,1,0
9503.16,30,21.6,849.0,4,9.1,7,3,3,1,direct,0,0
5147.63,30,18.8,529.0,1,8.1,4,1,3,1,direct,6,0
3964.06,45,65.8,607.0,1,37.2,6,0,5,1,direct,0,1
3676.52,30,28.1,686.0,0,0.0,4,3,5,0,direct,2,0
3460.62,15,6.1,634.0,2,0.7,7,0,6,1,direct,5,0
2166.72,90,69.1,677.0,2,33.9,1,0,10,1,direct,2,0
2429.56,60,15.8,669.0,4,10.3,6,0,7,0,reseller,3,1
13789.07,90,3.8,717.0,2,7.5,3,0,11,1,direct,5,0
3302.11,30,3.7,594.0,1,11.8,3,1,2,1,reseller,3,0
1795.04,15,9.8,697.0,2,3.7,3,2,10,0,direct,1,0
2287.77,30,0.1,580.0,1,8.9,6,0,5,1,direct,2,1
9801.92,60,17.1,643.0,1,19.9,5,2,9,0,reseller,2,0
6687.84,15,0.2,524.0,2,7.9,3,3,7,1,online,0,0
6028.76,15,9.6,644.0,1,6.4,1,1,1,0,direct,5,0
2887.74,15,13.2,628.0,0,0.0,2,1,10,0,direct,2,1
6099.89,45,12.7,765.0,0,0.0,4,0,4,0,direct,2,0
2040.18,45,48.7,675.0,2,12.6,4,0,4,1,direct,1,0
2882.31,45,0.8,691.0,1,34.0,3,3,3,0,direct,3,0
8715.2,15,25.4,678.0,1,30.5,1,1,10,0,reseller,2,1
7997.23,45,1.5,488.0,3,8.3,3,0,8,1,direct,1,1
1504.6,30,42.0,500.0,0,0.0,2,3,12,1,direct,1,0
1685.85,30,3.8,651.0,0,0.0,0,1,2,0,direct,6,0
4015.16,30,17.4,705.0,2,6.4,3,3,8,1,reseller,5,0
17214.7,30,34.2,659.0,0,0.0,4,0,3,1,online,4,0
649.36,30,43.2,602.0,0,0.0,5,0,9,0,direct,1,0
4677.41,90,39.4,658.0,2,20.0,3,3,3,1,reseller,0,0
1055.28,30,15.8,651.0,2,6.3,3,3,10,1,direct,4,0
2057.2,30,54.7,750.0,0,0.0,5,0,5,0,direct,0,0
2622.84,45,42.1,745.0,0,0.0,4,0,11,0,direct,6,0
2493.75,45,69.1,630.0,0,0.0,3,0,5,1,direct,4,0
2252.02,15,24.5,676.0,2,10.8,2,0,2,1,online,6,0
3664.64,45,29.8,705.0,1,22.4,5,0,3,1,reseller,4,0
2249.07,30,10.5,718.0,1,6.2,2,1,4,1,reseller,4,0
976.32,30,8.2,829.0,1,5.5,7,2,3,1,direct,3,0
7345.79,45,0.7,677.0,2,0.3,6,2,7,0,online,2,0
7169.46,30,14.3,785.0,1,15.3,6,1,10,1,direct,0,0
7776.46,30,18.2,576.0,0,0.0,2,0,5,1,direct,3,0
909.9,30,5.1,623.0,1,21.0,3,0,1,1,online,6,0
4764.87,30,2.3,488.0,1,8.2,4,1,3,1,reseller,3,0
6690.08,30,16.2,694.0,0,0.0,5,0,6,1,reseller,5,0
1439.31,60,22.7,738.0,2,19.4,6,0,11,0,online,6,0
3671.13,30,122.1,450.0,1,7.1,3,0,7,0,direct,2,1
3279.22,60,35.8,697.0,0,0.0,2,0,10,0,direct,5,0
19109.4,30,1.1,734.0,1,22.1,4,0,3,1,direct,3,1
20579.41,60,15.8,729.0,2,14.7,1,3,3,1,direct,6,0
814.1,15,1.2,572.0,1,8.0,1,3,2,1,online,4,0
34356.08,30,7.6,750.0,1,19.1,1,0,3,1,direct,0,0
1597.66,15,9.8,681.0,1,9.5,3,3,12,1,direct,0,1
8800.87,15,26.2,733.0,0,0.0,3,2,8,0,reseller,6,0
8720.64,60,41.8,669.0,0,0.0,3,0,7,0,online,2,1
1486.05,45,14.6,714.0,1,6.8,1,0,6,0,reseller,4,0
5675.65,45,12.7,780.0,1,4.0,0,3,2,1,direct,6,0
3305.09,30,20.2,662.0,1,17.2,0,0,4,0,direct,6,0
5996.29,30,6.7,706.0,0,0.0,2,3,3,1,reseller,5,0
4481.02,45,9.5,792.0,1,24.2,4,0,11,1,reseller,5,0
10686.17,60,23.1,668.0,0,0.0,5,2,4,1,direct,5,0
3896.6,30,7.5,579.0,1,8.8,5,2,12,1,online,4,0
3130.39,45,1.5,741.0,3,12.2,1,2,3,1,reseller,6,0
9764.0,30,10.2,809.0,1,10.7,3,0,5,1,reseller,0,0
6138.63,90,8.6,796.0,1,8.6,0,3,2,1,direct,1,0
7034.85,15,6.5,744.0,0,0.0,6,1,8,0,direct,1,0
2001.94,30,0.9,469.0,0,0.0,5,3,2,1,reseller,5,0
1421.21,60,84.2,623.0,1,17.6,2,0,5,1,direct,1,0
2184.3,30,5.9,627.0,1,5.3,1,0,12,1,direct,1,0
2082.37,15,24.7,684.0,1,8.2,4,0,12,1,direct,3,0
7387.76,30,9.6,832.0,0,0.0,6,2,2,1,online,1,0
8763.81,30,60.0,583.0,1,2.5,1,2,5,1,online,5,1
3166.5,60,2.6,850.0,2,5.4,1,0,7,1,direct,2,0
13198.09,60,53.9,646.0,0,0.0,3,1,3,1,direct,1,0
12476.75,30,1.4,611.0,0,0.0,2,1,1,1,reseller,4,0
4532.64,90,48.2,756.0,1,11.7,2,3,5,1,reseller,6,0
1737.66,45,34.8,763.0,1,6.0,3,0,6,1,direct,5,0
15030.53,60,17.4,738.0,1,25.8,3,2,4,1,direct,4,0
3446.4,30,28.0,611.0,2,8.1,4,1,11,1,online,4,0
4078.76,30,3.0,725.0,0,0.0,2,0,7,1,direct,5,0
2682.1,15,21.7,587.0,1,13.5,3,0,5,1,online,4,1
1634.66,15,46.3,608.0,2,20.1,1,0,2,1,direct,6,0
970.9,45,101.2,671.0,0,0.0,8,0,12,0,direct,1,0
6435.48,15,1.8,606.0,4,1.7,1,1,8,1,reseller,3,1
1798.92,30,27.0,775.0,1,3.9,5,2,11,0,online,5,0
57158.2,45,7.4,628.0,0,0.0,4,0,10,0,online,1,0
1369.96,15,8.8,660.0,3,5.4,1,3,8,0,reseller,3,0
1174.22,30,11.3,601.0,3,14.1,2,0,4,0,reseller,2,1
5762.49,45,19.0,773.0,1,15.0,3,0,4,1,direct,2,0
14420.15,60,72.0,620.0,4,7.1,3,1,4,0,direct,3,0
3858.87,30,3.9,783.0,2,6.5,5,2,9,1,online,4,0
6093.75,90,27.6,776.0,3,19.1,3,1,5,1,reseller,6,0
692.85,60,0.7,640.0,1,6.6,8,3,2,0,direct,3,0
1978.79,45,19.6,683.0,5,21.5,2,0,7,1,reseller,0,0
1385.4,30,3.5,637.0,1,11.9,2,0,1,1,direct,6,0
661.47,45,19.9,729.0,1,12.0,6,2,2,1,online,2,1
4045.18,60,27.4,662.0,2,4.5,6,0,11,1,direct,2,1
483.7,30,14.3,642.0,3,16.4,5,0,7,0,direct,5,1
1107.68,90,11.1,684.0,1,3.8,3,2,3,1,direct,2,0
2245.15,60,16.6,538.0,3,16.4,3,2,8,1,online,4,0
1723.04,30,11.2,673.0,1,14.9,0,0,5,1,direct,0,0
5201.84,45,40.2,738.0,1,15.2,4,0,12,1,online,5,0
4793.53,30,28.2,692.0,0,0.0,1,0,11,0,direct,3,0
8138.97,45,18.1,766.0,0,0.0,3,2,12,1,direct,6,0
7166.3,60,20.5,646.0,3,13.8,2,0,4,1,online,4,1
10165.26,15,12.1,639.0,2,1.8,3,0,4,1,direct,3,0
3634.67,15,3.7,579.0,2,12.8,2,0,8,1,reseller,3,0
4784.42,30,5.6,643.0,1,5.0,4,0,8,1,reseller,5,0
5769.62,60,15.7,850.0,0,0.0,3,3,2,1,reseller,1,0
4136.03,30,2.1,705.0,1,4.3,4,0,9,0,reseller,6,1
2546.63,60,56.7,627.0,1,6.1,4,3,5,1,reseller,2,0
2699.45,30,33.9,589.0,0,0.0,2,3,10,1,reseller,0,0
1744.45,30,30.0,536.0,1,8.2,3,1,6,1,direct,1,0
5321.21,60,30.1,605.0,0,0.0,1,3,2,0,reseller,4,0
3345.55,30,2.2,748.0,1,5.6,2,2,7,1,direct,6,0
2004.49,30,14.2,642.0,1,8.4,3,0,2,1,direct,3,0
2006.16,15,53.9,594.0,1,5.9,2,0,9,0,direct,1,0
1224.93,15,22.8,604.0,2,1.2,3,1,4,0,online,5,0
8786.37,15,27.2,738.0,1,10.4,5,2,7,1,reseller,2,0
3907.9,30,185.9,673.0,2,45.0,2,3,4,1,direct,1,0
1674.85,45,1.8,624.0,0,0.0,5,0,2,0,online,4,0
7537.86,30,5.4,652.0,3,16.5,4,0,10,1,direct,6,1
2198.64,15,6.4,850.0,3,19.1,1,1,3,0,direct,6,0
1026.75,30,17.5,790.0,1,10.8,3,1,10,0,direct,3,0
9127.98,30,89.4,812.0,1,3.3,3,3,8,1,reseller,6,0
2245.34,90,11.0,522.0,0,0.0,1,0,6,1,direct,2,0
2519.94,30,71.9,666.0,0,0.0,5,0,6,1,reseller,3,0
3778.42,15,0.5,622.0,1,27.4,2,0,6,0,online,5,1
10181.53,30,29.7,729.0,2,2.1,2,0,6,0,direct,6,0
3707.21,60,44.9,775.0,2,6.3,1,0,7,0,online,2,0
1237.43,45,6.3,709.0,0,0.0,2,0,1,0,direct,1,0
5940.15,60,7.0,601.0,0,0.0,1,3,1,1,reseller,6,0
2353.15,60,40.8,621.0,1,2.1,6,2,8,0,online,0,0
19913.07,45,13.2,736.0,1,9.1,6,2,5,1,reseller,6,0
3637.28,90,15.8,745.0,1,8.3,1,0,10,1,reseller,3,0
487.1,15,23.2,693.0,2,1.5,5,1,2,1,reseller,0,1
5022.23,60,13.2,692.0,3,15.7,2,0,2,1,direct,5,0
20955.11,60,24.7,685.0,0,0.0,7,1,2,0,online,1,0
15037.89,60,5.4,704.0,3,6.0,1,0,11,1,direct,3,0
18917.81,30,65.7,744.0,2,27.3,0,0,9,1,reseller,5,0
1454.21,45,57.0,737.0,1,1.9,2,0,6,0,direct,3,0
8274.53,30,12.7,682.0,1,1.0,4,2,7,0,direct,3,0
1901.13,45,3.3,676.0,3,11.1,4,0,4,1,reseller,1,0
4455.35,30,11.6,672.0,0,0.0,1,2,6,1,reseller,0,0
1157.88,30,7.7,610.0,1,9.4,2,0,4,1,reseller,1,0
2038.54,45,3.9,609.0,1,22.5,3,0,10,1,direct,2,1
1981.04,30,19.9,729.0,1,2.9,1,2,10,1,direct,2,0
8173.89,30,11.9,616.0,1,20.7,1,0,7,1,reseller,0,0
7484.93,30,22.1,753.0,1,3.1,3,0,3,0,direct,3,0
4671.04,45,12.8,675.0,4,7.0,1,0,4,0,direct,1,0
1079.9,45,91.0,754.0,1,23.8,3,0,5,1,direct,5,0
2750.46,45,1.5,737.0,1,15.9,1,2,8,1,reseller,1,0
1860.3,15,38.9,756.0,2,4.6,3,0,11,0,direct,4,0
7964.17,60,12.4,637.0,0,0.0,4,2,4,1,direct,5,0
10512.98,45,1.9,717.0,0,0.0,5,1,10,1,reseller,3,0
9421.48,15,30.9,746.0,3,7.3,2,0,2,0,direct,5,0
1845.13,30,13.4,540.0,0,0.0,3,2,2,0,reseller,5,0
309.33,30,33.0,833.0,0,0.0,1,0,12,1,direct,5,0
742.29,30,22.0,850.0,1,10.6,3,0,4,1,direct,2,0
13088.17,15,45.5,765.0,3,8.6,4,2,11,1,direct,0,0
2537.34,30,13.8,753.0,0,0.0,4,0,5,0,online,5,1
1852.6,15,71.6,733.0,1,11.7,4,0,7,1,direct,5,0
15968.83,15,12.6,651.0,0,0.0,3,2,1,0,direct,6,1
11368.98,30,0.8,670.0,1,6.3,3,2,2,1,reseller,4,1
3721.95,60,127.4,767.0,0,0.0,4,2,12,1,reseller,3,0
2795.98,30,12.9,592.0,2,13.6,1,2,6,1,direct,4,0
3232.82,30,9.1,585.0,1,12.2,4,0,10,1,online,5,1
4466.88,45,5.9,644.0,2,18.7,3,3,7,1,reseller,0,0
15368.0,30,11.0,739.0,1,5.9,2,0,9,1,direct,4,0
5325.28,15,17.3,602.0,0,0.0,5,0,4,0,reseller,1,0
6998.33,30,10.6,660.0,1,25.1,3,3,12,0,direct,3,0
10428.97,30,18.8,670.0,0,0.0,3,1,3,1,reseller,1,0
1270.66,30,11.8,589.0,1,7.9,3,1,9,0,direct,3,0
7182.31,30,20.7,460.0,1,1.2,4,2,7,1,direct,1,0
2793.05,30,2.5,588.0,4,3.1,1,2,7,0,online,6,0
378.23,30,4.8,703.0,5,7.0,3,0,11,0,reseller,4,0
536.28,90,8.3,724.0,2,6.7,0,0,1,0,reseller,0,0
1456.36,30,10.4,724.0,0,0.0,3,2,4,0,direct,2,0
5872.88,30,10.2,735.0,1,29.2,1,2,10,1,direct,0,0
4033.62,30,21.1,624.0,0,0.0,3,0,11,1,reseller,3,0
4298.11,45,115.1,604.0,1,9.7,2,0,12,0,online,1,0
21075.13,45,10.2,714.0,0,0.0,2,1,5,0,direct,5,0
1161.91,45,64.6,661.0,2,32.5,1,0,5,0,online,6,0
3552.16,30,40.1,762.0,1,17.5,2,2,4,1,direct,3,0
4788.59,30,45.9,714.0,3,6.6,4,0,5,0,direct,0,0
1876.86,60,11.5,796.0,5,24.6,3,3,11,1,reseller,3,0
3734.97,30,24.1,638.0,0,0.0,2,0,5,1,online,6,0
862.68,90,32.7,776.0,0,0.0,5,3,2,1,direct,6,0
12950.84,30,4.6,850.0,0,0.0,2,0,12,0,online,3,0
1971.49,30,51.0,685.0,0,0.0,3,3,10,1,direct,4,0
22657.82,30,10.0,725.0,0,0.0,2,2,2,1,online,2,0
3536.08,30,6.3,596.0,2,1.5,4,2,6,0,reseller,4,0
9184.28,60,42.0,760.0,2,10.9,0,0,10,1,direct,6,0
3470.41,30,38.2,782.0,0,0.0,1,1,1,1,reseller,1,0
3541.59,30,28.7,635.0,3,51.2,2,0,3,0,online,6,0
2152.47,45,0.0,733.0,2,22.8,4,2,9,1,reseller,4,0
4053.0,60,18.3,705.0,2,10.0,6,0,10,0,online,0,1
4847.41,45,5.1,715.0,1,3.6,0,2,5,1,direct,3,1
1797.53,90,4.8,753.0,2,8.8,2,0,1,1,direct,1,0
3253.41,60,50.7,727.0,1,29.0,3,2,10,1,direct,6,0
2102.56,30,8.1,667.0,0,0.0,2,0,9,1,direct,6,1
28845.16,60,22.1,755.0,0,0.0,2,0,7,0,online,5,0
3358.48,90,9.8,780.0,2,8.1,6,3,4,1,reseller,1,0
14628.24,30,9.0,630.0,3,25.8,0,2,10,0,online,5,0
3053.18,45,17.0,680.0,1,24.7,1,0,9,1,direct,6,0
4597.92,30,5.5,521.0,1,6.3,3,0,1,1,reseller,4,0
1108.51,45,70.8,733.0,2,16.4,3,2,10,1,online,3,0
2434.84,15,9.9,790.0,3,6.7,4,0,6,1,direct,2,1
4400.53,45,49.7,657.0,1,21.3,1,0,9,1,direct,3,0
15174.98,30,10.4,692.0,1,10.0,4,2,7,1,direct,4,0
4446.11,30,16.8,660.0,1,7.5,1,0,2,1,reseller,1,0
12649.19,15,0.8,645.0,2,17.5,2,1,11,1,direct,6,1
6481.17,45,27.6,701.0,3,10.5,2,3,11,1,reseller,4,1
15751.03,30,53.8,609.0,1,17.2,1,0,11,0,direct,2,0
3452.53,45,47.7,659.0,2,4.1,3,3,7,1,direct,0,0
31294.59,30,23.2,599.0,0,0.0,2,0,6,0,reseller,1,0
2352.29,15,3.7,733.0,0,0.0,3,2,3,1,direct,5,1
1826.55,30,23.3,702.0,3,5.3,4,0,4,0,direct,2,1
1225.31,60,9.5,641.0,0,0.0,1,0,2,0,reseller,1,0
29670.9,30,11.2,683.0,0,0.0,3,1,6,0,direct,5,1
7612.16,45,53.9,660.0,1,5.9,1,0,8,1,direct,5,1
2695.37,15,26.8,783.0,3,28.3,5,0,9,1,direct,0,1
11205.06,45,14.8,640.0,1,5.0,3,0,5,1,direct,2,1
6760.98,30,88.5,737.0,1,9.1,5,2,1,1,reseller,6,0
21365.11,30,5.2,617.0,0,0.0,1,0,11,0,online,0,0
904.11,30,14.5,753.0,1,10.9,1,0,12,1,online,5,0
2867.44,15,3.9,773.0,0,0.0,5,0,9,1,direct,2,0
2401.22,30,43.3,778.0,2,18.6,5,1,8,0,reseller,4,0
616.27,30,2.9,812.0,1,19.4,6,0,11,1,online,4,0
9454.96,30,55.9,706.0,1,6.1,4,0,6,0,direct,1,0
2854.47,90,11.8,791.0,0,0.0,6,1,7,1,online,4,0
7084.52,30,2.2,826.0,2,5.8,1,0,8,0,direct,3,0
30448.58,60,5.2,579.0,0,0.0,4,0,7,0,online,2,0
2649.38,30,27.9,626.0,0,0.0,3,0,11,0,reseller,0,1
2492.3,15,5.4,545.0,1,5.6,6,1,3,1,reseller,6,0
4051.32,30,10.5,776.0,1,2.5,4,1,5,1,reseller,3,0
8853.1,30,6.9,544.0,0,0.0,2,1,12,1,online,2,0
2186.28,30,40.2,520.0,0,0.0,6,3,3,1,direct,2,1
2063.45,60,21.9,581.0,0,0.0,4,0,8,1,direct,2,0
9428.29,45,41.2,524.0,1,6.7,0,2,9,1,reseller,3,0
5119.31,30,2.2,704.0,1,16.8,2,2,11,1,online,6,1
578.1,30,9.4,582.0,1,16.1,8,2,1,1,online,2,0
1208.51,30,2.0,528.0,0,0.0,4,3,7,1,direct,5,0
14060.32,45,13.0,676.0,0,0.0,4,2,5,1,direct,3,0
5227.75,15,8.3,682.0,0,0.0,0,3,6,1,online,3,0
1833.58,30,0.2,512.0,0,0.0,4,0,3,1,reseller,3,0
3123.26,30,5.7,616.0,1,46.3,2,2,4,1,reseller,6,0
3684.58,30,6.4,673.0,1,11.6,5,1,10,1,reseller,6,1
7059.72,45,22.2,648.0,1,6.5,5,0,12,1,direct,4,0
1072.3,15,0.7,650.0,1,12.3,4,2,11,1,direct,6,0
1708.12,30,105.5,786.0,1,3.7,3,3,9,1,direct,3,0
4654.83,60,26.6,850.0,0,0.0,1,1,10,0,reseller,4,0
3328.07,90,31.5,652.0,1,27.0,2,2,9,1,reseller,6,0
6091.64,30,6.9,561.0,0,0.0,4,3,2,1,reseller,0,0
1204.05,30,14.0,659.0,2,4.9,0,0,8,1,reseller,5,0
5021.16,45,67.6,697.0,0,0.0,2,1,2,0,reseller,0,0
9724.71,15,19.0,675.0,0,0.0,2,3,5,1,direct,0,0
5642.81,30,86.9,735.0,0,0.0,0,1,12,1,reseller,6,0
4126.56,15,3.0,850.0,1,21.6,1,0,11,0,reseller,0,0
3339.93,30,225.2,526.0,3,16.0,0,0,8,0,direct,4,0
1717.52,90,15.3,634.0,3,6.2,3,0,9,0,reseller,4,0
3412.5,45,2.3,819.0,2,31.1,5,0,4,0,direct,4,0
11313.31,90,61.4,633.0,2,6.8,3,0,10,1,reseller,0,0
3271.08,45,6.1,751.0,1,8.1,5,0,8,0,online,0,1
1634.64,45,16.3,737.0,2,5.2,3,0,7,1,direct,0,0
2337.83,45,2.7,791.0,2,15.1,3,0,9,1,direct,6,1
4362.35,45,13.9,850.0,1,3.7,0,0,12,1,online,5,0
2601.48,30,2.6,710.0,1,6.4,0,2,9,1,direct,1,0
5635.12,30,8.9,523.0,2,5.7,4,0,6,0,direct,3,1
5828.76,30,11.1,617.0,0,0.0,4,0,5,1,online,3,1
8103.77,30,41.5,850.0,0,0.0,4,0,4,1,direct,2,0
13110.96,30,9.2,553.0,0,0.0,2,0,8,1,direct,2,1
8921.98,15,8.9,725.0,0,0.0,2,0,5,1,direct,0,0
1570.56,30,16.6,454.0,0,0.0,7,1,2,0,online,2,1
1614.56,30,3.1,558.0,3,15.7,5,2,7,1,direct,0,0
3400.93,30,14.0,760.0,2,18.0,4,3,11,1,direct,2,0
2425.86,30,13.7,683.0,3,8.3,8,0,1,1,direct,4,1
1307.02,30,26.7,646.0,2,1.1,3,0,10,0,online,1,0
2446.66,90,2.7,607.0,0,0.0,3,0,11,0,direct,6,1
2375.44,30,6.4,500.0,1,21.1,2,1,11,1,online,1,0
1988.9,30,41.1,742.0,0,0.0,1,2,2,1,direct,6,0
2740.21,15,12.8,655.0,0,0.0,6,0,4,1,direct,0,0
10515.5,60,13.8,543.0,5,1.8,2,3,10,0,reseller,3,0
4356.02,45,12.7,683.0,1,15.1,2,3,3,0,direct,0,0
33678.95,30,4.4,732.0,0,0.0,4,3,12,1,direct,3,0
4244.83,30,41.9,662.0,1,13.5,2,0,7,0,online,2,1
2804.39,45,45.6,690.0,1,16.9,3,0,5,0,direct,0,1
3654.52,60,14.4,683.0,0,0.0,3,1,5,1,online,0,0
4586.36,30,14.5,616.0,1,6.6,3,3,6,1,online,4,1
5386.92,15,26.6,685.0,2,4.2,1,0,3,1,reseller,2,0
23600.9,15,65.9,746.0,1,10.3,6,0,5,1,direct,1,0
1701.41,15,153.1,773.0,0,0.0,2,2,10,0,direct,1,0
7888.34,45,4.1,751.0,1,7.2,5,3,1,0,online,3,0
4389.52,90,8.7,619.0,2,5.6,3,0,2,0,direct,3,0
885.38,90,10.4,737.0,2,19.2,2,3,5,1,direct,5,1
7285.41,45,24.3,722.0,1,25.5,0,3,1,1,reseller,4,1
11394.22,30,33.4,616.0,1,14.3,2,1,6,0,direct,4,0
1683.35,90,17.2,638.0,0,0.0,4,0,10,1,direct,2,0
3611.79,30,2.5,741.0,2,10.4,2,3,7,0,reseller,6,0
770.61,30,9.2,804.0,1,9.8,6,2,3,1,reseller,3,0
1172.71,45,38.2,517.0,1,2.3,1,0,1,1,direct,5,1
9350.89,15,31.9,828.0,2,12.5,6,0,11,1,direct,6,0
2392.81,60,1.5,785.0,1,16.7,2,1,10,1,direct,5,0
1342.22,90,25.1,698.0,3,7.8,2,0,7,1,reseller,3,0
4476.13,45,26.0,658.0,3,8.1,4,0,4,1,direct,6,0
2275.21,45,60.6,715.0,2,1.2,6,1,8,0,reseller,2,0
2383.35,30,100.7,622.0,1,8.3,6,3,10,1,direct,0,0
7082.58,15,0.1,664.0,3,19.3,1,0,1,1,direct,3,1
1279.78,45,30.4,547.0,1,12.0,2,2,9,0,direct,3,1
1611.9,30,24.1,523.0,0,0.0,2,0,6,1,direct,0,0
4182.53,60,0.2,850.0,0,0.0,5,2,5,1,direct,6,0
8712.11,15,6.6,686.0,1,6.4,1,0,11,1,direct,3,0
11096.05,30,20.7,698.0,0,0.0,2,1,10,1,online,5,0
2001.08,30,46.3,677.0,0,0.0,2,0,9,1,direct,0,0
8464.53,45,78.0,606.0,0,0.0,5,0,9,1,direct,1,0
1797.72,45,8.0,652.0,0,0.0,3,1,4,0,reseller,1,0
18837.19,90,15.4,688.0,2,18.0,3,0,12,1,online,5,0
1312.39,30,29.8,662.0,1,9.1,5,0,1,1,direct,5,0
12035.68,30,16.2,612.0,0,0.0,5,3,5,1,direct,0,0
2016.59,15,29.7,723.0,3,6.5,3,3,2,1,reseller,1,0
22290.63,30,37.3,697.0,1,21.2,1,1,3,1,direct,1,0
6199.28,30,46.4,715.0,0,0.0,4,0,10,0,direct,3,0
1459.11,30,29.8,743.0,1,6.1,2,0,3,1,direct,5,0
2275.57,30,27.7,665.0,1,8.6,4,3,6,1,online,4,1
7354.47,30,9.8,665.0,2,7.0,2,2,9,1,direct,0,0
9389.81,45,6.8,813.0,1,5.8,1,0,6,1,reseller,6,0
3416.45,60,56.7,595.0,4,14.8,5,0,4,1,online,6,0
3790.27,30,26.4,511.0,2,16.0,0,2,11,0,direct,4,0
7204.91,30,26.7,730.0,2,5.4,3,0,4,1,reseller,6,0
4099.49,45,2.4,623.0,0,0.0,3,2,6,1,reseller,6,0
1136.66,45,30.7,583.0,0,0.0,5,2,3,1,reseller,6,0
1751.67,60,0.0,760.0,2,9.1,0,0,6,1,direct,1,0
4498.99,30,9.2,667.0,1,2.2,7,2,1,1,online,4,1
10871.87,30,10.5,566.0,0,0.0,4,0,1,1,online,0,0
15589.99,60,35.2,850.0,0,0.0,3,3,1,1,direct,0,0
7343.54,30,9.5,535.0,0,0.0,4,0,10,1,direct,3,0
4715.27,30,23.2,672.0,3,10.7,2,0,4,1,reseller,6,0
7143.32,90,25.1,510.0,2,14.9,2,3,6,1,online,3,0
1998.04,15,96.7,704.0,2,4.6,2,1,5,1,online,6,1
3171.92,45,55.5,622.0,1,8.4,6,3,12,1,direct,2,0
1734.17,60,27.9,754.0,0,0.0,7,0,10,0,reseller,4,0
1183.38,30,6.0,678.0,0,0.0,4,0,3,1,direct,5,0
4915.72,45,25.2,802.0,0,0.0,6,3,1,0,direct,0,0
4302.54,30,16.8,641.0,1,3.8,3,0,3,1,direct,3,0
6760.74,60,1.7,536.0,3,9.2,3,0,3,0,direct,5,0
5952.11,60,33.8,701.0,0,0.0,2,0,1,1,direct,4,0
4529.56,60,9.0,657.0,1,6.5,2,3,9,1,reseller,6,1
6008.65,15,18.8,516.0,1,8.3,3,0,9,1,reseller,6,1
3503.74,45,30.8,585.0,1,9.7,2,0,7,1,online,6,0
5279.58,60,50.1,614.0,0,0.0,6,0,7,0,reseller,1,0
1894.05,45,24.2,820.0,3,20.6,6,3,4,1,direct,4,0
5078.32,45,66.3,744.0,1,11.2,4,1,4,1,reseller,2,0
6644.71,15,1.0,649.0,1,14.0,2,3,2,0,direct,1,1
1992.78,60,8.1,722.0,1,8.5,2,2,4,1,direct,5,0
3814.82,15,41.2,496.0,3,0.1,4,0,5,0,online,6,1
2077.16,30,22.0,629.0,2,3.0,0,0,4,1,direct,3,1
2266.84,60,12.1,716.0,1,2.6,1,0,11,0,direct,2,0
1322.88,60,11.0,695.0,1,7.6,3,1,5,1,online,6,1
11375.28,90,34.1,631.0,1,23.7,5,0,10,1,reseller,0,0
9500.66,30,6.1,677.0,1,10.8,2,0,4,0,direct,1,0
5905.8,30,56.9,710.0,1,17.3,3,3,11,1,direct,4,0
21482.12,30,12.3,679.0,1,4.2,3,1,6,1,direct,3,0
3070.76,15,2.0,757.0,1,9.7,2,2,10,0,online,0,0
55747.41,60,28.6,709.0,1,20.8,6,0,11,1,online,5,1
2966.75,30,2.6,726.0,1,17.5,4,1,11,0,online,5,0
4581.01,30,37.4,834.0,1,5.7,6,0,7,1,reseller,4,0
2545.29,15,12.0,754.0,1,8.5,1,1,10,1,direct,4,1
5090.3,30,36.9,837.0,1,18.4,4,0,10,1,direct,1,0
7723.74,60,23.8,620.0,2,5.3,0,1,3,1,online,0,0
3286.16,45,10.2,537.0,0,0.0,3,0,7,1,direct,4,0
18016.58,15,21.4,667.0,0,0.0,0,0,7,1,direct,2,0
4515.33,30,31.8,660.0,4,16.4,4,2,4,1,reseller,3,0
4644.49,30,4.1,811.0,3,15.7,2,1,9,1,online,5,0
1606.64,15,22.9,578.0,0,0.0,5,0,12,1,online,6,0
5306.3,60,5.8,673.0,2,8.1,0,0,6,1,direct,0,0
3227.22,45,3.3,716.0,1,19.4,1,0,3,0,direct,4,0
2106.08,15,42.3,689.0,1,3.5,3,3,9,1,direct,6,0
1810.16,45,8.6,665.0,4,11.7,6,1,12,1,online,2,0
40319.36,30,63.2,712.0,0,0.0,3,2,1,0,direct,3,1
2872.31,30,31.7,777.0,0,0.0,2,1,12,1,reseller,3,0
981.14,30,3.6,818.0,1,1.3,4,2,9,1,direct,5,0
1942.25,15,13.8,683.0,0,0.0,3,0,3,1,reseller,0,0
3475.83,30,27.0,607.0,2,5.2,1,0,5,1,reseller,2,0
5955.08,60,45.6,818.0,3,9.5,1,3,2,1,reseller,5,0
5998.81,60,41.2,583.0,3,9.6,6,0,7,1,direct,3,0
6693.91,30,22.7,841.0,1,1.8,2,1,4,1,reseller,6,0
2037.8,45,63.4,801.0,0,0.0,1,2,8,1,direct,1,0
4946.31,30,11.0,814.0,1,14.7,1,2,8,1,direct,4,0
1654.98,30,9.6,742.0,2,9.7,3,0,10,1,online,6,0
2084.58,30,12.3,490.0,3,19.5,4,3,6,1,reseller,3,0
1594.1,30,50.6,586.0,1,13.5,2,0,8,1,online,4,0
1249.44,30,48.7,708.0,1,6.4,5,2,11,1,online,0,0
9488.05,60,2.0,619.0,0,0.0,2,0,6,1,reseller,1,0
6766.58,60,47.5,652.0,1,26.4,2,0,12,1,direct,1,0
8769.18,30,5.6,735.0,3,11.8,6,1,6,1,reseller,5,1
3772.08,45,10.4,665.0,3,4.3,5,2,6,1,reseller,6,1
7325.57,15,0.7,570.0,1,19.0,1,0,8,1,reseller,6,0
746.09,45,6.4,760.0,5,2.8,1,0,1,1,direct,2,0
7917.09,30,6.1,726.0,2,4.6,3,0,7,1,direct,1,0
4270.17,15,16.9,658.0,1,17.3,5,0,12,1,direct,5,0
6402.21,45,11.9,744.0,3,4.1,5,1,8,1,online,2,0
5125.69,30,1.5,689.0,1,22.3,2,0,6,1,reseller,6,0
1497.65,30,51.4,800.0,2,4.3,7,1,6,1,reseller,1,0
945.55,30,43.8,694.0,2,7.3,2,0,7,1,direct,0,0
1918.22,15,53.4,799.0,0,0.0,2,1,2,1,direct,1,0
6053.7,15,11.9,511.0,1,14.7,2,0,8,1,online,6,0
6775.59,45,36.5,721.0,1,14.5,2,3,2,0,direct,2,1
1063.0,45,3.9,644.0,1,6.6,5,1,10,0,reseller,1,1
1505.7,15,29.8,603.0,2,13.3,5,1,2,0,reseller,4,1
1899.01,30,5.8,784.0,2,10.6,1,3,6,1,reseller,5,0
2639.71,45,41.9,760.0,2,15.4,4,0,12,0,direct,3,1
1068.65,45,53.6,499.0,1,13.9,3,2,1,1,direct,1,0
1012.48,60,5.0,744.0,2,4.2,3,0,1,0,online,6,0
1737.75,30,23.1,733.0,1,22.4,2,0,8,1,reseller,5,0
3934.85,30,27.5,615.0,0,0.0,3,0,9,1,online,4,0
1258.23,30,7.2,605.0,0,0.0,1,3,6,1,direct,3,1
3280.58,30,16.3,537.0,2,13.3,0,1,3,0,direct,5,0
9439.87,15,52.5,650.0,0,0.0,1,3,7,1,reseller,3,1
1128.22,15,28.3,664.0,2,8.3,3,0,9,1,direct,4,1
3023.59,60,17.6,752.0,1,7.2,7,0,4,1,reseller,4,1
9157.07,30,27.5,704.0,0,0.0,4,3,2,1,direct,3,0
2498.78,45,77.4,585.0,0,0.0,1,3,1,0,direct,5,0
2172.64,30,1.6,701.0,1,8.4,1,2,12,1,direct,2,0
10374.92,30,4.2,657.0,2,8.4,5,2,2,1,reseller,2,0
2763.96,60,44.0,596.0,4,5.1,1,0,8,1,direct,3,0
9838.37,45,27.6,537.0,1,14.2,3,0,7,1,reseller,6,0
5356.51,15,1.8,736.0,0,0.0,1,2,7,1,direct,3,0
2674.29,45,2.6,720.0,2,29.6,2,0,8,1,direct,5,0
5606.72,30,37.2,730.0,1,4.3,5,3,3,1,online,6,1
4858.11,30,17.1,614.0,1,8.3,4,2,2,1,online,2,0
9125.19,45,33.5,695.0,1,12.2,4,3,7,0,direct,3,0
2222.72,45,55.6,556.0,2,18.0,2,3,6,1,online,0,0
3778.51,30,11.8,591.0,2,7.0,7,1,7,1,direct,2,0
3444.85,90,12.2,683.0,2,5.9,6,0,8,0,direct,1,0
6861.86,45,6.2,704.0,1,10.1,3,0,12,1,direct,0,0
1447.13,45,36.3,533.0,0,0.0,7,3,6,0,reseller,3,1
9093.17,15,0.4,585.0,1,7.7,3,0,9,1,direct,4,1
5539.7,30,74.3,647.0,1,24.2,5,0,9,0,reseller,5,0
1112.95,30,2.1,766.0,0,0.0,3,0,4,0,direct,3,0
10801.46,45,41.2,607.0,2,1.0,4,1,12,1,online,6,0
27192.15,30,1.3,693.0,0,0.0,3,1,11,1,direct,1,0
8970.09,45,2.7,702.0,1,2.6,3,1,4,0,online,2,0
13151.44,30,10.4,658.0,0,0.0,1,0,5,0,direct,6,0
3931.73,45,12.6,704.0,1,5.9,5,0,10,1,direct,0,0
816.19,60,16.7,559.0,3,19.3,3,0,9,1,direct,4,0
692.49,45,25.1,621.0,1,7.5,1,0,3,1,direct,4,1
4580.55,45,28.0,809.0,0,0.0,3,0,3,1,direct,2,0
2137.13,60,8.9,815.0,1,17.7,1,0,7,1,reseller,2,0
1598.6,15,10.4,756.0,1,4.4,2,0,9,0,reseller,3,1
3441.04,45,3.3,779.0,0,0.0,3,0,11,0,online,4,0
6336.15,90,23.3,516.0,0,0.0,2,1,5,1,reseller,0,0
984.88,30,4.6,595.0,1,5.1,4,0,11,1,reseller,2,0
2430.88,30,20.4,652.0,2,12.4,3,1,10,0,direct,5,0
14170.02,90,82.8,850.0,1,15.9,3,2,6,1,reseller,4,0
1383.32,30,4.6,652.0,1,10.8,5,0,10,1,reseller,0,0
7964.78,30,0.6,747.0,1,5.3,2,0,10,0,direct,1,0
2353.7,30,57.4,714.0,1,18.1,1,1,11,1,direct,0,0
5950.4,30,8.4,712.0,0,0.0,3,0,6,1,direct,1,0
9775.11,30,13.6,678.0,0,0.0,3,0,7,1,reseller,0,0
7095.06,30,15.9,572.0,2,14.3,4,0,8,0,reseller,1,0
8252.27,60,70.7,437.0,2,9.3,3,1,4,0,direct,5,0
1291.51,30,43.9,795.0,2,15.7,2,1,7,1,direct,6,0
9919.86,30,0.5,625.0,0,0.0,1,1,7,1,direct,6,0
1690.16,60,37.8,512.0,1,12.0,3,3,7,1,direct,6,0
4598.97,60,29.0,719.0,1,15.7,4,0,5,1,direct,0,0
4593.61,30,14.8,718.0,3,10.4,0,1,1,0,reseller,5,0
5634.2,15,46.4,749.0,2,17.0,3,0,7,0,online,4,0
4930.82,45,26.9,780.0,1,21.7,3,0,11,1,reseller,4,1
1703.72,60,15.4,597.0,2,12.8,6,0,9,1,reseller,0,0
1080.44,30,7.2,601.0,1,16.0,2,0,4,1,direct,2,0
7983.35,30,13.1,651.0,2,9.4,4,1,8,1,direct,2,0
4303.79,45,45.9,754.0,1,21.9,3,2,2,0,reseller,1,0
10243.92,45,116.1,491.0,0,0.0,1,3,8,1,reseller,4,0
3497.28,30,8.5,692.0,1,15.0,6,1,5,0,direct,4,0
1027.98,60,15.6,764.0,0,0.0,1,2,7,1,online,0,0
8686.42,45,54.9,760.0,0,0.0,2,0,1,1,online,2,0
2608.85,45,49.5,744.0,1,10.0,3,0,6,1,online,3,0
4953.27,45,29.9,776.0,1,13.8,4,2,1,0,online,4,0
2033.04,45,4.7,433.0,1,14.8,4,0,10,1,direct,1,0
15992.44,30,25.0,825.0,4,15.8,4,0,5,1,direct,2,1
1654.23,30,1.6,710.0,0,0.0,2,0,12,1,direct,2,0
2687.36,45,45.7,800.0,1,7.9,3,0,6,1,reseller,0,0
4010.63,45,9.9,574.0,1,27.3,2,0,2,1,online,4,1
1362.44,30,14.3,522.0,1,19.4,5,1,11,0,direct,4,1
4902.34,15,57.6,841.0,2,8.5,3,1,6,0,direct,6,0
15532.96,45,66.0,597.0,0,0.0,4,0,5,1,direct,6,0
2341.59,45,12.6,652.0,0,0.0,2,3,9,1,direct,4,0
5195.92,30,8.9,727.0,1,3.6,4,0,10,0,direct,3,0
306.59,30,3.8,750.0,4,4.9,4,1,9,1,direct,0,0
3515.59,30,27.3,777.0,2,8.3,4,2,8,0,direct,1,0
2746.99,90,14.3,700.0,2,21.4,1,1,12,1,online,0,0
1742.98,60,4.9,585.0,1,7.6,2,0,6,1,direct,5,1
9636.42,30,11.3,744.0,0,0.0,2,3,6,1,direct,3,0
2714.55,30,39.0,745.0,0,0.0,5,0,1,1,direct,3,0
3103.45,45,11.5,517.0,1,14.3,6,0,7,0,direct,5,0
2592.88,30,33.2,808.0,0,0.0,3,0,11,0,direct,4,0
648.63,90,14.5,456.0,1,19.7,3,1,4,1,direct,3,1
1314.5,15,20.0,773.0,1,20.6,3,1,8,1,online,6,0
8647.14,15,40.0,623.0,0,0.0,3,0,10,1,reseller,4,0
545.14,30,23.5,743.0,0,0.0,1,3,3,1,direct,1,0
1826.79,30,3.2,726.0,0,0.0,5,2,1,1,direct,5,0
2540.84,45,8.8,677.0,2,8.4,1,1,4,0,direct,1,0
17487.82,45,33.5,721.0,0,0.0,7,2,1,1,direct,0,0
7271.69,15,5.4,672.0,0,0.0,4,3,9,1,direct,3,0
2205.14,30,13.8,744.0,1,5.5,3,1,4,1,direct,5,0
11778.87,45,1.5,850.0,2,14.9,1,3,10,0,online,0,1
1869.7,60,26.4,559.0,2,5.1,2,1,10,1,reseller,5,0
9028.94,30,35.8,393.0,1,11.5,0,3,9,1,direct,0,0
1071.71,30,16.3,643.0,0,0.0,4,0,4,1,online,5,0
9565.63,30,11.6,636.0,1,6.8,1,0,3,1,direct,3,1
2526.22,30,3.3,646.0,0,0.0,1,2,4,1,reseller,3,0
1442.81,45,59.2,597.0,2,26.9,5,1,1,1,direct,2,0
2994.61,30,17.3,759.0,1,11.5,1,0,5,0,reseller,5,0
4673.25,30,31.7,556.0,1,16.1,3,1,6,1,reseller,2,1
2332.57,45,40.9,721.0,2,6.1,3,0,7,1,reseller,3,0
5994.26,30,17.3,737.0,0,0.0,2,0,7,0,online,4,1
2154.48,30,14.3,708.0,1,10.6,2,1,10,0,online,0,1
6363.51,30,13.1,724.0,3,10.1,7,0,7,0,direct,6,0
5420.81,60,30.4,765.0,2,37.3,3,0,10,0,reseller,1,0
3446.69,45,7.8,685.0,1,8.2,4,3,7,1,direct,6,0
2447.34,30,25.3,649.0,0,0.0,0,0,3,0,reseller,4,0
4172.98,45,9.5,724.0,1,13.9,2,0,9,0,direct,2,0
5974.34,30,67.7,734.0,1,5.9,3,0,12,1,reseller,6,0
23286.27,30,17.9,760.0,1,4.8,2,3,7,0,online,4,0
8480.11,30,54.6,526.0,2,12.4,1,0,8,0,reseller,3,1
8763.85,30,24.1,663.0,1,2.4,1,0,3,1,reseller,2,0
58668.66,30,0.7,584.0,3,13.3,5,2,10,1,direct,1,0
5792.75,60,44.4,730.0,1,6.6,2,0,1,1,online,5,0
5631.77,30,1.9,745.0,0,0.0,4,0,9,1,direct,2,0
6861.03,60,71.2,655.0,0,0.0,1,0,6,1,direct,3,0
1468.4,45,13.3,614.0,2,4.8,4,3,12,0,direct,0,0
2441.79,30,106.6,734.0,1,7.8,5,2,3,1,direct,0,0
2308.72,15,28.0,668.0,5,18.6,1,0,6,1,direct,0,0
6521.45,30,11.3,808.0,2,11.5,4,0,5,1,direct,3,0
3112.69,30,55.3,840.0,1,27.2,7,3,10,1,direct,3,0
4123.27,30,8.8,770.0,1,11.8,4,2,3,1,reseller,6,0
9688.64,90,12.7,701.0,1,21.6,3,0,5,0,direct,2,0
7917.54,60,0.1,844.0,0,0.0,3,2,6,1,reseller,1,1
3147.77,15,3.0,702.0,1,4.7,5,0,7,1,reseller,3,1
1992.22,30,28.8,637.0,1,24.9,5,0,3,1,direct,5,0
10114.72,30,1.7,619.0,0,0.0,2,1,5,1,direct,3,0
7306.37,90,32.0,617.0,2,25.1,2,0,4,0,direct,2,0
857.8,30,21.5,679.0,2,5.3,2,3,2,1,direct,2,0
2746.72,30,1.2,722.0,1,2.7,3,1,3,1,direct,5,1
4225.8,45,65.0,553.0,4,8.1,5,0,3,1,reseller,5,0
7338.92,30,0.9,640.0,4,3.3,1,2,8,0,reseller,3,1
8259.27,30,11.0,699.0,0,0.0,3,3,9,0,online,4,0
4700.93,45,36.4,738.0,0,0.0,3,2,9,0,reseller,5,0
6165.49,15,3.0,678.0,2,31.7,2,3,1,1,reseller,0,0
3857.3,15,17.6,702.0,0,0.0,3,1,7,1,direct,5,0
1985.32,15,27.6,569.0,1,15.2,4,0,3,0,direct,2,1
2878.03,30,3.4,598.0,1,16.5,2,2,12,1,online,0,1
3703.72,90,10.3,675.0,0,0.0,2,0,2,1,online,6,0
3529.07,30,1.6,726.0,0,0.0,3,3,6,1,reseller,4,0
667.13,45,2.5,701.0,4,7.3,1,2,7,1,direct,5,1
2545.96,30,0.3,604.0,2,16.5,2,0,3,1,direct,0,0
3829.87,45,25.0,659.0,1,28.0,5,0,1,1,online,3,0
2826.42,90,11.5,816.0,1,7.1,3,0,10,0,online,6,0
2915.68,30,0.1,729.0,1,17.9,2,0,4,1,direct,2,0
5648.77,90,31.4,665.0,2,20.1,2,0,6,1,direct,3,0
1378.76,45,14.8,588.0,0,0.0,5,0,9,1,direct,2,0
841.14,45,23.2,616.0,2,9.3,2,0,5,1,reseller,2,1
2661.51,30,3.5,681.0,1,9.0,3,2,6,0,reseller,6,0
7242.36,45,2.1,705.0,0,0.0,3,0,7,0,direct,4,0
16627.24,30,17.0,731.0,2,5.4,1,0,10,1,direct,3,0
7360.74,90,15.5,715.0,0,0.0,3,3,2,1,direct,4,0
971.23,60,45.6,647.0,0,0.0,0,3,12,0,online,3,0
2953.86,30,26.2,634.0,1,22.9,5,1,11,1,reseller,3,0
4586.95,60,8.1,850.0,1,11.6,7,0,8,1,online,3,0
4271.98,60,25.0,630.0,1,5.8,2,2,10,0,direct,6,0
5915.75,30,1.2,564.0,1,23.8,0,0,9,0,direct,4,1
1595.04,15,33.2,533.0,0,0.0,3,3,12,0,online,6,0
3860.1,30,27.8,648.0,0,0.0,6,0,1,0,direct,6,0
5315.01,15,6.8,765.0,2,11.1,4,0,6,1,reseller,3,1
7654.92,15,12.8,628.0,1,23.1,4,0,12,1,reseller,0,0
1763.14,90,4.4,813.0,0,0.0,4,2,4,1,reseller,4,0
2668.73,30,62.9,679.0,0,0.0,3,3,11,0,online,3,0
319.44,45,5.2,780.0,0,0.0,1,2,2,1,direct,0,0
2081.17,45,14.2,612.0,0,0.0,3,0,1,1,direct,0,1
2271.12,45,23.9,613.0,4,6.9,1,0,8,1,direct,2,0
1454.44,30,0.2,688.0,2,9.2,3,0,12,1,reseller,2,0
4226.17,30,17.5,723.0,2,12.8,4,0,3,0,reseller,5,0
3462.16,45,26.2,664.0,3,9.2,4,0,10,0,reseller,4,0
476.61,30,110.9,706.0,1,20.4,9,0,4,1,reseller,0,0
4420.27,30,2.2,733.0,1,7.0,2,0,12,1,reseller,3,0
1578.94,45,5.9,552.0,0,0.0,8,2,1,0,reseller,0,0
5637.07,15,7.0,649.0,1,11.6,3,0,9,1,direct,3,0
1148.64,30,53.6,633.0,2,11.1,5,3,12,1,reseller,4,0
3740.62,30,20.0,638.0,2,16.2,2,0,7,0,reseller,2,1
2821.86,30,4.4,717.0,1,14.5,2,0,11,1,reseller,2,0
4782.85,60,28.4,635.0,0,0.0,3,1,1,0,online,6,0
4073.38,30,1.1,500.0,1,5.3,3,1,9,1,direct,6,1
2893.88,60,7.0,659.0,1,23.2,5,0,1,0,direct,3,0
913.57,60,22.2,584.0,2,10.6,2,0,10,1,reseller,6,0
963.44,30,37.0,725.0,1,10.7,1,0,3,1,direct,4,0
2152.75,30,37.6,753.0,2,41.7,2,2,10,0,direct,2,1
3613.92,15,31.9,484.0,2,20.5,2,2,7,1,online,0,1
2106.07,60,31.3,610.0,2,8.6,4,0,3,1,online,6,0
6391.29,45,37.1,712.0,0,0.0,1,0,10,1,direct,0,0
2831.89,15,3.4,553.0,2,4.8,4,0,6,1,direct,4,0
1527.65,30,42.5,750.0,1,3.5,2,2,12,1,reseller,4,0
2834.76,15,18.4,774.0,1,8.6,1,3,6,1,reseller,3,0
4461.65,30,21.2,665.0,2,13.8,5,0,6,0,direct,5,0
4877.54,30,17.5,610.0,4,5.1,2,0,1,1,reseller,3,1
19742.74,15,6.3,472.0,1,17.5,1,3,3,1,direct,3,0
1994.17,60,15.6,753.0,0,0.0,4,1,8,1,direct,6,0
3407.96,30,7.6,850.0,1,8.7,2,0,4,0,direct,0,0
5342.83,30,2.0,842.0,1,16.4,3,0,2,1,online,0,0
3565.0,45,15.4,662.0,2,33.1,3,0,3,0,direct,0,0
2320.28,90,21.1,582.0,1,25.4,1,0,7,1,direct,2,0
902.95,30,0.1,755.0,0,0.0,4,0,5,1,direct,5,1
2299.04,60,19.5,669.0,1,10.9,0,2,9,0,direct,2,0
1385.29,30,4.7,723.0,0,0.0,0,2,12,1,direct,1,0
769.74,60,8.4,707.0,1,8.1,1,3,2,0,direct,2,0
1779.15,30,20.9,688.0,3,15.6,1,1,1,1,direct,1,0
1418.87,45,16.6,773.0,2,3.2,1,1,3,1,reseller,4,0
6157.39,15,16.4,776.0,3,12.8,6,0,1,0,reseller,3,0
6254.04,90,60.6,633.0,3,3.2,2,0,11,1,online,1,0
1614.06,90,42.9,597.0,0,0.0,2,2,9,1,online,4,0
2880.72,30,25.2,455.0,3,17.5,3,3,9,0,reseller,4,0
683.74,30,41.9,649.0,0,0.0,2,2,12,0,direct,6,0
2333.43,30,2.8,582.0,2,3.7,0,0,10,1,direct,6,0
5213.9,30,43.4,718.0,1,41.4,3,0,10,1,online,2,0
7649.87,45,14.3,650.0,0,0.0,5,2,2,1,reseller,3,0
1916.5,45,21.4,660.0,0,0.0,3,0,11,1,reseller,5,0
9383.14,30,17.8,753.0,0,0.0,3,3,9,1,reseller,2,0
930.64,15,27.0,716.0,1,13.6,2,0,2,1,direct,4,1
1184.57,60,14.9,669.0,1,9.1,3,3,2,1,online,0,0
6895.99,15,18.8,832.0,2,17.5,2,3,9,1,online,2,0
16383.16,45,16.1,746.0,3,1.8,5,2,6,1,reseller,5,0
5676.49,15,87.3,643.0,1,4.3,6,0,4,0,online,6,1
3511.13,15,6.0,647.0,1,22.2,4,3,1,0,reseller,4,1
504.89,15,12.3,751.0,2,4.2,1,2,5,1,online,0,1
589.81,30,20.3,698.0,2,9.2,1,3,4,1,reseller,4,0
4090.69,45,17.7,579.0,2,8.2,4,1,4,0,direct,1,1
2637.91,30,4.9,761.0,0,0.0,4,3,12,1,direct,6,0
1345.81,45,25.5,793.0,0,0.0,5,0,3,1,direct,3,0
3862.15,45,11.7,786.0,0,0.0,2,0,9,1,reseller,2,0
4038.46,15,1.0,819.0,1,12.7,5,0,8,1,reseller,4,0
8518.32,15,22.8,850.0,4,25.3,2,0,1,0,direct,3,0
4117.26,45,35.4,836.0,3,17.4,4,0,1,1,direct,2,0
10998.95,45,3.1,711.0,0,0.0,1,3,10,1,direct,6,0
3667.24,30,1.5,661.0,1,0.6,2,0,7,1,reseller,4,1
3281.97,30,16.6,515.0,1,15.5,3,0,5,1,direct,5,0
9488.93,60,0.6,681.0,1,15.4,2,0,6,0,reseller,3,0
1509.3,15,28.6,727.0,0,0.0,4,1,4,0,online,4,0
45844.14,45,32.1,684.0,1,11.4,2,3,12,0,direct,6,0
5103.75,15,20.9,510.0,1,10.7,0,2,3,1,online,4,0
5129.41,45,20.2,654.0,2,16.2,4,2,3,1,direct,2,0
5840.59,30,0.3,738.0,5,10.6,2,0,6,1,direct,1,0
19720.67,45,57.2,588.0,0,0.0,1,0,2,1,reseller,6,1
7429.82,15,4.4,695.0,0,0.0,6,0,4,1,online,0,1
858.73,30,20.7,719.0,2,1.4,3,2,8,0,online,5,1
12876.04,15,105.5,781.0,2,10.5,3,0,12,1,direct,0,0
2678.98,45,11.9,834.0,0,0.0,2,0,1,0,direct,0,0
4009.57,15,9.9,646.0,0,0.0,1,0,9,1,online,4,0
1151.33,15,31.3,697.0,0,0.0,0,0,3,1,direct,2,0
5846.4,45,6.8,699.0,1,27.2,3,3,11,1,direct,3,0
2025.89,15,11.4,738.0,1,4.9,1,0,9,1,online,5,0
3984.44,30,7.8,728.0,1,15.6,4,0,1,1,direct,6,0
2819.49,60,41.4,808.0,1,14.0,2,0,9,1,direct,4,0
20588.99,60,24.7,470.0,2,3.6,2,0,1,1,online,0,0
21677.59,60,13.9,718.0,1,13.9,4,2,5,1,reseller,2,0
3796.6,30,185.1,724.0,2,7.9,1,0,8,1,direct,4,0
3856.75,30,21.6,659.0,1,6.0,4,1,11,1,reseller,3,1
2601.65,45,4.5,476.0,1,5.9,1,0,8,1,direct,1,0
9851.76,15,31.3,675.0,2,43.5,3,0,10,0,online,6,1
2708.02,45,65.0,616.0,1,2.1,5,1,9,1,reseller,3,0
2491.89,15,27.5,831.0,2,21.5,4,0,2,1,online,5,0
8784.41,60,23.8,714.0,0,0.0,2,0,7,1,online,5,0
2242.91,45,10.4,608.0,2,4.6,4,2,2,1,direct,2,1
3519.31,30,7.6,495.0,3,7.4,4,0,1,1,direct,2,1
877.27,30,43.4,733.0,1,22.7,6,1,11,0,online,4,0
6862.12,30,7.2,743.0,0,0.0,7,3,9,1,direct,3,0
20884.87,30,0.0,661.0,0,0.0,1,0,1,1,direct,5,0
6968.13,45,8.7,734.0,0,0.0,3,1,10,1,direct,5,0
13570.03,30,3.0,649.0,1,12.9,5,0,11,0,online,1,0
1700.21,30,26.7,776.0,0,0.0,5,0,9,1,reseller,0,0
4503.87,30,7.8,769.0,2,14.6,0,2,6,1,reseller,3,0
1558.0,45,18.0,532.0,1,17.1,4,2,10,1,direct,0,0
2966.12,30,2.2,554.0,2,4.2,4,0,12,1,direct,5,1
7295.33,30,72.5,850.0,0,0.0,4,0,6,1,direct,5,0
3990.37,60,30.7,764.0,1,3.6,1,0,4,0,direct,5,0
1021.09,30,26.6,566.0,0,0.0,3,0,2,0,reseller,2,0
1114.85,30,43.0,539.0,0,0.0,8,0,4,1,direct,2,0
1050.43,90,0.4,699.0,4,18.3,6,0,11,1,online,5,0
5666.39,30,94.0,577.0,0,0.0,2,3,8,1,reseller,6,0
23330.23,60,8.0,651.0,1,7.2,3,2,10,1,reseller,5,0
12409.44,45,54.0,676.0,4,1.8,2,0,2,1,direct,3,0
660.91,45,15.8,672.0,1,22.2,3,0,7,1,direct,5,0
13081.68,30,11.4,781.0,0,0.0,1,3,4,1,direct,0,0
8457.09,15,27.5,845.0,1,23.4,4,1,2,0,reseller,6,0
906.17,30,58.8,637.0,0,0.0,3,0,9,1,reseller,0,0
2771.43,15,30.3,578.0,1,3.8,2,1,3,0,direct,3,1
9759.24,15,7.7,715.0,2,10.2,5,0,11,0,online,6,1
5975.3,30,5.4,827.0,1,5.0,4,0,3,1,direct,1,0
1120.82,45,11.1,644.0,1,8.0,2,0,8,1,reseller,5,0
6308.59,30,27.6,757.0,2,9.9,10,0,2,1,direct,2,0
531.79,45,16.6,605.0,1,17.0,3,2,4,1,direct,2,0
2979.35,60,28.1,682.0,3,32.1,4,0,10,0,online,6,0
10139.17,45,49.9,575.0,1,6.0,4,0,11,1,reseller,6,0
3701.73,45,2.6,681.0,2,10.9,2,3,6,1,direct,4,1
2323.79,45,16.7,670.0,0,0.0,3,0,3,0,direct,1,1
8106.42,30,26.7,735.0,1,15.1,3,2,4,1,online,4,0
8754.09,30,8.3,840.0,1,11.5,1,0,7,1,reseller,3,0
11837.59,60,99.7,645.0,1,1.8,1,0,5,1,reseller,0,0
7997.69,45,26.7,500.0,2,12.0,4,1,10,1,online,4,0
9635.77,45,7.6,662.0,2,4.9,5,2,4,0,direct,4,0
7041.79,90,4.7,707.0,1,7.9,1,0,5,1,online,2,1
4623.82,30,82.8,698.0,1,27.1,2,0,7,0,online,4,0
3946.4,30,29.3,666.0,0,0.0,1,1,4,1,direct,0,0
2940.89,45,11.6,814.0,2,16.0,7,0,6,0,online,5,0
1222.76,15,11.1,692.0,0,0.0,6,0,4,1,online,6,0
1541.05,30,1.1,671.0,2,3.5,2,0,11,0,direct,5,0
2824.78,60,39.3,610.0,1,5.8,1,0,6,1,online,6,0
4524.7,45,15.5,523.0,2,3.2,2,1,3,0,direct,2,0
13316.13,30,35.1,710.0,1,37.3,2,1,3,0,reseller,6,0
3506.53,45,11.4,702.0,0,0.0,2,0,11,1,direct,0,1
8983.35,15,14.7,585.0,3,3.0,3,2,6,1,direct,3,0
9617.93,60,10.6,676.0,1,1.4,4,2,4,1,online,1,0
2956.31,15,0.9,667.0,2,4.7,6,2,5,1,reseller,0,0
6218.11,60,2.8,624.0,3,10.3,4,0,12,1,online,1,0
2924.34,30,5.8,609.0,0,0.0,3,0,5,1,direct,0,0
11967.17,30,17.3,716.0,1,12.3,3,0,9,0,reseller,6,0
6452.73,30,42.0,660.0,0,0.0,0,0,4,1,direct,2,1
1247.09,30,10.3,627.0,0,0.0,2,1,12,1,direct,2,0
4210.65,30,2.7,602.0,0,0.0,0,3,9,0,online,6,0
16047.38,60,12.3,668.0,3,15.0,2,3,11,1,reseller,0,0
3092.99,60,0.1,763.0,0,0.0,1,0,4,1,direct,2,0
5447.67,30,7.3,699.0,2,4.3,3,0,6,1,reseller,6,0
5950.86,45,4.6,659.0,2,10.8,5,2,4,1,reseller,6,0
1432.3,60,47.2,708.0,2,14.6,2,1,6,1,online,5,0
5765.44,60,27.8,803.0,1,7.7,4,2,4,0,direct,2,0
1038.52,30,0.1,724.0,0,0.0,4,0,3,1,direct,2,0
2073.39,15,7.0,703.0,2,12.7,3,1,5,1,reseller,0,0
9586.88,60,5.0,737.0,0,0.0,3,0,5,1,direct,0,0
5019.48,30,4.2,666.0,0,0.0,2,0,7,0,reseller,0,1
2768.25,30,5.5,697.0,0,0.0,3,0,4,1,direct,0,0
5441.53,45,4.9,636.0,1,1.3,5,2,2,1,reseller,4,1
3449.27,30,47.7,540.0,2,1.7,2,0,5,1,direct,3,1
3682.4,60,9.0,711.0,1,3.7,3,3,9,1,direct,2,0
6575.7,15,12.9,711.0,0,0.0,5,2,3,0,online,6,0
1891.96,45,0.7,654.0,0,0.0,7,2,5,1,direct,0,0
3775.56,90,30.0,773.0,1,5.8,2,2,3,0,direct,4,0
2748.91,90,30.0,615.0,0,0.0,2,3,8,1,reseller,1,0
873.89,60,6.1,521.0,2,5.4,2,0,10,1,direct,0,0
1590.16,60,46.8,617.0,0,0.0,4,0,11,1,reseller,3,0
14933.85,30,1.0,541.0,2,6.4,7,1,10,1,reseller,1,0
5147.42,90,31.8,710.0,1,12.9,4,0,1,1,online,3,1
1106.29,60,49.8,612.0,2,8.2,1,0,11,1,direct,5,0
910.22,30,41.0,769.0,0,0.0,5,3,11,1,online,4,0
3291.35,30,41.3,767.0,3,9.9,2,0,3,1,reseller,3,0
14839.8,15,95.0,597.0,3,7.0,4,0,6,1,online,1,0
3077.64,30,18.0,607.0,0,0.0,3,0,12,1,direct,4,0
11805.25,45,10.2,728.0,1,2.5,3,0,8,1,direct,2,0
4997.72,30,6.6,768.0,0,0.0,8,0,4,1,online,6,0
5564.29,30,1.0,499.0,0,0.0,2,2,7,0,direct,5,0
1094.28,30,12.6,705.0,5,10.3,3,0,3,1,reseller,5,0
8465.64,15,0.1,482.0,3,7.4,0,0,6,0,direct,4,0
2693.4,90,25.3,631.0,2,7.6,3,0,2,1,direct,4,0
7917.12,30,20.6,778.0,1,20.9,5,0,10,0,direct,3,0
1749.78,15,34.3,850.0,0,0.0,1,0,2,1,online,5,0
4269.89,15,6.5,659.0,0,0.0,2,0,1,1,reseller,5,1
4998.05,60,43.0,568.0,1,8.6,4,0,4,1,reseller,3,1
3169.63,60,9.2,634.0,1,8.2,4,0,5,1,direct,3,1
5240.07,15,106.2,686.0,0,0.0,5,0,12,0,online,4,0
2864.77,30,27.9,620.0,1,3.9,3,3,8,0,online,3,1
2030.11,30,0.6,597.0,0,0.0,6,1,9,0,direct,5,0
15443.37,30,1.0,642.0,0,0.0,3,0,9,1,reseller,4,0
9358.66,45,6.8,716.0,1,12.9,1,1,7,1,online,6,1
1835.77,15,3.3,665.0,1,0.6,4,0,1,1,online,4,0
6072.95,30,5.8,601.0,0,0.0,3,1,5,0,reseller,2,0
1866.07,30,6.8,620.0,0,0.0,3,1,9,0,reseller,0,0
1253.61,30,45.9,643.0,0,0.0,7,2,8,1,direct,2,0
9231.98,30,1.4,590.0,2,10.0,5,0,5,0,reseller,5,1
785.49,30,21.1,616.0,1,6.6,2,0,6,1,online,1,0
8384.75,30,37.2,738.0,4,9.8,3,1,1,1,direct,0,0
2900.24,15,1.9,659.0,1,4.2,1,1,11,1,direct,6,0
3009.74,15,1.4,522.0,1,11.8,3,0,4,1,online,5,1
5264.68,90,30.1,772.0,0,0.0,1,2,4,0,online,4,0
6143.06,30,12.3,718.0,2,16.3,2,0,4,1,direct,5,0
1730.72,30,21.4,556.0,0,0.0,2,0,3,1,direct,3,1
6946.22,15,29.3,647.0,1,6.5,3,0,6,1,direct,1,0
4032.06,45,3.1,609.0,0,0.0,4,1,4,1,online,1,1
1175.62,60,12.9,741.0,1,14.0,2,0,7,1,direct,2,0
3124.76,45,58.7,647.0,0,0.0,2,1,9,0,direct,2,0
12621.43,45,9.8,673.0,1,10.4,3,0,2,1,online,1,0
16464.06,60,54.5,663.0,0,0.0,5,0,7,0,direct,0,1
6943.86,30,14.9,547.0,2,16.3,1,1,2,1,reseller,0,1
1247.24,60,5.7,806.0,3,7.0,2,1,9,0,direct,2,0
5662.08,45,133.2,740.0,1,27.3,4,3,6,1,reseller,4,0
7830.45,15,27.2,613.0,1,5.0,1,0,6,1,reseller,6,0
6996.3,30,119.5,697.0,0,0.0,7,1,4,1,direct,1,0
7379.48,30,34.4,768.0,1,2.5,4,0,5,1,direct,4,0
5048.96,15,0.7,685.0,1,6.7,3,0,5,1,direct,5,0
3411.23,60,8.3,820.0,2,36.4,2,2,4,1,direct,4,1
2105.84,15,8.2,850.0,3,4.1,4,1,11,1,direct,4,1
659.75,45,18.4,669.0,0,0.0,3,3,10,0,online,4,0
4942.75,90,28.0,628.0,1,10.3,1,1,4,0,direct,5,1
4304.63,30,31.4,591.0,1,4.1,3,2,5,1,online,4,0
6013.84,30,14.5,481.0,2,7.3,3,0,9,1,online,6,0
1092.49,45,53.3,792.0,2,17.5,5,1,1,1,direct,6,0
6506.23,60,10.5,648.0,0,0.0,4,3,3,0,direct,5,0
23134.74,30,5.1,759.0,1,4.2,5,0,4,1,online,6,0
3907.31,30,96.6,777.0,1,6.8,2,0,2,0,reseller,2,0
3444.39,45,16.0,583.0,0,0.0,2,1,2,0,direct,0,0
4808.32,60,15.5,596.0,1,43.8,4,2,7,0,direct,1,1
22676.93,30,0.8,837.0,0,0.0,3,3,7,1,online,1,0
1449.13,30,37.4,674.0,0,0.0,1,1,9,0,reseller,4,0
4371.61,90,18.2,621.0,0,0.0,1,3,6,1,direct,1,0
1772.79,30,9.9,586.0,2,16.5,2,0,4,0,direct,6,0
2225.41,15,134.2,667.0,0,0.0,3,2,6,1,reseller,6,0
3482.02,30,21.7,816.0,0,0.0,3,0,12,0,online,2,0
12241.55,15,12.4,742.0,1,5.1,1,2,4,1,reseller,5,0
18414.46,30,42.5,696.0,0,0.0,3,0,11,0,direct,3,0
5449.77,45,64.3,823.0,1,16.9,4,1,2,0,direct,6,0
2594.28,45,3.1,806.0,2,12.3,4,3,9,0,reseller,2,0
34319.36,30,109.2,710.0,0,0.0,4,0,2,1,direct,0,0
2477.98,30,99.6,850.0,1,20.2,5,0,11,1,direct,0,0
2177.6,30,64.0,658.0,2,14.5,4,1,5,1,direct,4,0
736.97,45,3.5,779.0,2,19.5,7,0,4,1,reseller,4,0
12790.81,60,16.6,645.0,1,4.0,4,0,8,0,direct,0,0
8702.98,45,15.2,761.0,1,2.2,2,0,6,0,online,5,0
32081.18,45,7.5,658.0,2,8.0,5,0,1,1,direct,1,0
1042.55,60,6.1,722.0,3,12.7,2,2,9,0,online,6,0
13525.79,60,2.3,850.0,2,25.5,5,1,1,1,direct,5,0
3878.18,15,13.0,766.0,3,11.5,3,0,10,0,online,4,0
7521.27,90,11.7,723.0,0,0.0,1,3,2,1,direct,4,0
826.34,60,10.5,610.0,3,6.5,3,0,11,0,direct,4,0
13646.98,30,175.6,697.0,1,13.9,1,0,7,1,direct,3,0
7389.87,15,12.9,589.0,1,1.6,5,1,2,0,direct,0,1
3515.65,45,30.8,760.0,0,0.0,2,0,4,1,direct,0,0
6506.79,30,23.0,758.0,0,0.0,6,3,3,1,direct,5,0
1828.14,45,9.0,664.0,0,0.0,1,0,6,0,reseller,1,1
2161.38,30,62.3,830.0,1,3.2,0,0,12,0,reseller,6,0
2399.22,15,0.8,817.0,1,9.5,3,2,4,0,direct,2,1
687.14,30,17.8,693.0,1,6.4,1,2,7,1,online,3,0
7907.62,60,27.1,731.0,2,7.0,3,3,9,1,direct,2,0
10640.62,15,57.3,627.0,1,9.5,1,1,10,1,reseller,3,0
1936.8,45,8.9,656.0,3,3.1,4,2,4,1,direct,0,1
4980.98,30,25.9,583.0,0,0.0,0,2,2,1,direct,0,0
2866.98,30,62.6,637.0,0,0.0,3,0,3,1,reseller,1,0
4892.44,30,0.7,671.0,0,0.0,3,0,8,0,direct,2,0
2069.74,30,68.6,531.0,0,0.0,4,1,10,0,direct,4,1
1644.05,45,1.4,732.0,0,0.0,7,2,8,1,online,6,0
9384.99,45,3.2,772.0,1,7.6,2,0,12,1,direct,4,0
3437.56,15,82.9,679.0,2,7.4,9,1,7,1,online,5,1
22469.14,30,5.8,437.0,2,9.2,1,0,7,1,online,2,0
3795.91,45,34.8,657.0,2,22.4,1,3,1,0,direct,4,0
1582.13,45,84.9,555.0,3,5.6,3,2,1,0,direct,2,0
10984.57,30,54.8,625.0,2,7.6,5,2,12,0,reseller,0,1
6423.51,45,3.4,811.0,1,13.3,2,2,10,0,reseller,5,0
7003.64,15,2.4,461.0,0,0.0,3,0,10,1,online,6,1
10631.12,15,9.7,607.0,2,17.4,4,1,6,1,direct,1,1
2023.3,45,18.0,755.0,4,13.0,2,0,2,1,reseller,3,0
3246.95,45,13.9,617.0,1,7.5,4,2,9,1,direct,0,1
3120.33,60,34.3,610.0,1,10.7,5,0,1,1,direct,1,0
1139.48,30,95.5,850.0,2,20.5,1,0,7,1,direct,2,0
2872.01,30,31.3,714.0,2,3.4,4,2,5,1,online,3,1
12121.57,45,45.5,764.0,1,3.7,4,0,7,1,reseller,1,0
4507.98,30,0.0,725.0,0,0.0,4,2,2,1,reseller,5,0
1084.14,30,54.2,695.0,1,7.8,3,1,5,0,online,1,0
897.62,45,18.2,794.0,1,8.5,3,0,5,1,direct,5,0
16289.87,30,19.5,850.0,1,22.7,1,3,3,0,reseller,2,0
3356.7,30,5.6,528.0,1,6.3,3,3,8,0,direct,3,0
2033.13,30,79.9,677.0,6,2.4,5,3,5,0,direct,1,0
2845.25,60,51.0,676.0,3,20.5,3,3,5,0,reseller,6,0
963.36,30,20.0,641.0,0,0.0,2,3,2,1,direct,2,0
13105.48,15,35.3,768.0,2,15.6,2,0,3,1,online,0,1
2556.14,15,39.0,703.0,1,18.3,2,1,9,0,direct,4,0
12464.77,15,3.9,850.0,3,11.2,1,1,9,1,reseller,2,0
3814.2,30,40.2,779.0,4,9.2,4,3,2,1,direct,3,0
13181.62,45,33.7,803.0,0,0.0,4,0,4,0,direct,5,0
4587.2,15,14.4,572.0,0,0.0,2,1,9,0,reseller,0,1
7847.18,30,25.1,607.0,0,0.0,4,0,3,1,reseller,5,1
6954.77,15,0.0,615.0,0,0.0,2,0,10,0,direct,2,0
6380.25,30,68.9,799.0,0,0.0,5,0,11,1,direct,1,0
4979.78,15,1.7,593.0,0,0.0,1,1,8,0,online,3,0
2952.58,45,25.5,596.0,1,21.4,5,0,6,1,direct,3,0
20412.26,45,55.7,579.0,1,26.8,2,1,10,1,reseller,0,0
1609.63,45,32.1,850.0,0,0.0,5,1,9,1,direct,5,0
3655.09,30,36.6,667.0,3,3.3,4,2,5,1,direct,6,0
3690.06,60,3.1,728.0,2,16.3,3,0,12,1,reseller,2,1
5230.16,45,59.2,577.0,0,0.0,1,0,6,1,direct,1,0
2473.71,15,27.7,766.0,3,8.1,6,0,6,1,reseller,1,1
4833.24,30,11.2,520.0,3,18.0,5,3,7,1,direct,4,0
3127.66,45,34.8,592.0,0,0.0,2,0,11,1,reseller,2,0
876.77,30,1.7,614.0,1,6.1,4,3,8,1,reseller,0,0
3672.39,30,37.2,700.0,0,0.0,5,0,12,1,reseller,6,0
1352.2,45,10.6,609.0,2,19.7,4,2,6,1,online,2,0
764.37,15,0.2,817.0,1,2.9,4,2,5,1,direct,6,1
4118.26,90,19.4,725.0,0,0.0,2,0,1,0,direct,0,0
5648.22,30,24.4,618.0,0,0.0,3,1,10,1,direct,4,0
5849.01,15,18.6,770.0,1,18.5,5,0,7,1,reseller,0,0
6065.99,15,1.1,645.0,1,3.8,5,0,6,0,direct,0,0
639.49,30,33.2,627.0,2,9.0,0,3,1,1,reseller,0,0
1069.65,60,6.4,761.0,1,5.0,3,2,7,0,direct,2,1
21507.76,60,17.6,459.0,3,25.2,4,2,6,1,direct,4,0
1418.72,60,14.7,746.0,1,10.2,1,1,6,0,reseller,5,0
6309.15,30,22.6,616.0,0,0.0,6,0,1,1,reseller,0,1
1962.07,30,7.8,616.0,0,0.0,3,1,7,1,direct,4,0
3911.61,30,0.7,850.0,2,11.1,3,1,6,1,direct,2,0
2059.2,15,6.8,632.0,2,6.3,2,1,10,0,online,0,0
6035.34,60,4.5,766.0,0,0.0,2,0,5,0,reseller,1,0
4117.89,30,31.1,705.0,1,8.6,7,0,2,0,direct,6,1
2432.17,30,32.5,714.0,0,0.0,3,2,7,1,online,4,0
1414.94,30,7.0,657.0,0,0.0,1,0,8,0,online,5,0
4633.17,45,18.9,653.0,1,6.1,2,0,7,1,direct,0,0
1222.38,30,23.1,818.0,4,9.9,6,3,2,1,direct,6,0
5349.36,45,19.1,764.0,1,5.3,2,0,10,1,online,4,0
38709.35,45,97.2,635.0,2,25.0,1,0,7,1,direct,4,0
12272.95,60,30.4,586.0,3,15.9,2,0,12,1,reseller,4,0
6950.11,15,85.7,627.0,2,3.1,1,0,3,1,reseller,4,0
3370.96,30,16.2,768.0,1,15.8,2,0,3,1,reseller,0,0
635.95,30,1.1,786.0,1,11.3,2,3,1,0,direct,6,0
1107.59,60,12.0,730.0,0,0.0,4,3,11,1,direct,4,0
11550.84,90,17.5,534.0,1,20.0,6,1,7,0,direct,1,1
1788.66,30,69.4,748.0,1,4.1,0,2,5,0,reseller,1,0
1940.45,30,26.5,797.0,2,8.9,2,1,2,0,direct,4,0
3136.66,30,16.8,696.0,0,0.0,6,0,2,0,reseller,0,0
1399.9,45,37.7,850.0,1,18.6,4,0,1,1,direct,6,0
1207.02,30,8.3,561.0,1,15.1,8,0,8,1,reseller,0,0
3479.25,30,10.7,742.0,5,8.7,6,2,6,1,direct,5,0
1632.1,60,4.7,588.0,0,0.0,6,1,5,1,direct,6,0
1868.86,30,9.3,775.0,1,8.1,2,0,10,1,direct,2,0
1802.5,30,4.8,735.0,2,7.0,4,3,4,1,reseller,1,0
5826.22,15,11.1,842.0,0,0.0,6,0,5,1,reseller,6,0
2954.51,30,13.1,725.0,1,3.5,8,0,8,1,direct,5,1
3100.4,45,34.6,644.0,2,8.2,1,0,8,1,reseller,1,0
6230.75,30,83.4,636.0,0,0.0,3,1,9,1,online,3,0
3204.03,30,13.6,657.0,1,2.0,5,0,8,1,direct,2,0
2834.36,15,56.8,634.0,2,4.3,3,3,6,0,reseller,5,1
5560.29,15,65.4,801.0,2,26.8,2,1,5,1,direct,5,0
6643.39,45,2.8,795.0,1,2.9,1,0,4,1,online,5,0
3189.55,45,54.6,545.0,0,0.0,4,0,1,1,direct,2,1
3914.91,30,1.0,683.0,2,17.9,4,2,10,1,online,1,0
1801.52,30,9.5,686.0,2,13.1,0,2,8,0,direct,3,0
1678.05,30,16.5,610.0,4,9.0,1,0,8,0,online,3,1
7275.24,30,0.3,719.0,1,16.9,2,3,10,1,online,5,0
5434.09,15,26.4,811.0,1,10.2,5,0,8,0,direct,1,0
5484.98,60,8.7,760.0,1,0.0,1,3,1,0,reseller,4,0
4688.04,15,17.6,801.0,1,5.7,6,3,12,1,direct,2,1
3795.54,30,18.6,615.0,1,39.7,4,0,1,1,direct,6,0
6814.25,15,4.8,683.0,0,0.0,1,3,12,1,reseller,6,0
8447.26,45,12.9,611.0,0,0.0,4,0,3,1,reseller,0,0
8267.65,30,7.0,702.0,0,0.0,4,0,1,0,direct,2,1
3325.25,60,88.8,710.0,2,14.8,4,0,12,0,online,5,0
12686.5,15,9.6,766.0,1,9.3,1,1,4,0,reseller,0,1
4472.11,60,11.9,798.0,1,4.6,4,0,8,0,reseller,1,0
6432.63,45,24.6,742.0,3,3.0,1,2,10,0,reseller,3,0
4693.24,30,16.8,603.0,1,21.7,4,3,5,1,direct,3,0
4547.38,30,34.2,558.0,2,12.6,8,3,2,1,direct,4,0
1877.74,30,9.5,727.0,3,12.7,3,1,4,1,reseller,6,0
6844.6,60,65.6,815.0,1,14.8,2,2,1,1,online,2,0
47134.71,60,43.3,678.0,2,7.2,2,0,5,1,online,2,1
2598.49,30,37.4,543.0,1,18.9,1,2,4,1,direct,3,0
3881.18,30,30.0,850.0,2,10.7,2,1,8,0,reseller,6,0
2436.74,30,11.9,724.0,0,0.0,2,2,10,0,direct,5,0
2346.74,15,2.6,695.0,1,12.8,3,0,11,0,direct,0,0
14617.94,45,1.4,575.0,2,19.4,1,0,5,1,direct,2,0
1986.89,30,16.9,681.0,4,7.5,6,2,5,1,online,6,0
2376.37,30,16.8,742.0,0,0.0,3,0,3,1,reseller,6,0
872.41,60,17.6,725.0,2,2.9,5,0,8,0,direct,5,0
1841.16,45,42.2,619.0,1,14.1,2,3,3,1,online,5,0
782.46,45,31.8,675.0,0,0.0,4,0,11,1,direct,1,0
6429.32,15,6.7,625.0,2,10.9,3,3,7,0,direct,5,0
45239.57,60,30.8,830.0,1,16.3,3,1,11,1,direct,4,0
2617.54,30,24.5,761.0,0,0.0,2,0,5,1,direct,6,0
812.34,30,13.1,633.0,1,1.8,3,1,12,1,direct,0,0
8184.52,15,13.1,575.0,1,3.9,0,2,8,1,online,4,0
1892.71,60,13.6,705.0,2,14.5,2,2,6,1,direct,4,0
11724.22,30,0.1,636.0,1,19.7,3,0,10,0,direct,3,1
2824.75,60,30.5,642.0,2,6.9,2,1,9,1,direct,2,0
2061.86,45,50.4,578.0,1,3.7,5,2,1,0,reseller,6,0
3102.11,45,7.1,589.0,2,14.9,2,0,2,1,direct,6,0
7201.17,45,47.7,695.0,2,5.9,2,0,4,1,reseller,4,0
2967.04,60,13.9,656.0,0,0.0,1,3,6,0,direct,5,0
2328.43,30,136.0,850.0,2,13.7,4,3,7,1,online,2,0
3044.38,30,15.7,733.0,2,14.6,1,0,11,1,direct,1,1
1159.02,45,97.0,576.0,1,22.1,2,2,9,0,direct,1,0
5204.76,30,44.3,542.0,0,0.0,3,1,5,0,online,1,0
729.2,30,3.9,716.0,1,4.4,3,2,4,0,direct,2,0
2441.31,45,14.5,644.0,0,0.0,2,1,3,0,direct,6,0
7211.6,30,24.5,800.0,2,24.1,7,0,6,0,direct,5,1
4782.62,45,70.9,705.0,1,10.5,1,0,12,1,reseller,3,0
6193.7,30,9.5,502.0,2,6.5,2,0,2,0,direct,1,1
3433.92,60,14.3,588.0,3,9.6,4,0,1,1,reseller,6,1
10433.44,15,29.8,619.0,2,31.8,2,1,2,1,online,4,0
8368.49,45,1.5,720.0,3,10.0,4,0,7,1,reseller,6,0
5439.96,60,52.8,585.0,1,15.9,8,0,11,1,direct,2,1
8389.96,30,17.1,694.0,2,7.9,4,3,8,1,direct,3,0
7153.67,30,2.0,560.0,0,0.0,5,0,7,1,reseller,1,1
2451.57,30,5.8,681.0,1,19.3,5,0,9,0,reseller,1,1
1086.25,30,66.2,713.0,1,7.8,7,3,6,1,direct,4,0
5315.2,30,7.2,812.0,2,20.8,3,1,12,1,direct,4,1
5951.99,15,23.5,702.0,2,15.4,4,0,6,1,reseller,6,0
9714.98,60,6.5,606.0,1,12.8,4,0,10,1,direct,6,0
1567.62,30,23.8,814.0,1,25.3,2,0,12,0,online,0,0
1610.36,30,13.2,664.0,2,7.9,2,3,6,1,online,6,1
5507.74,30,18.2,750.0,1,19.0,3,3,6,0,reseller,4,0
3415.06,15,43.7,625.0,1,10.0,1,0,8,1,online,1,0
667.02,15,64.3,688.0,0,0.0,6,2,4,1,online,1,0
5103.07,90,9.3,608.0,1,14.3,0,0,10,1,direct,6,0
687.33,45,1.1,709.0,1,6.7,2,0,2,0,direct,0,0
1555.06,15,40.9,752.0,0,0.0,2,1,9,1,direct,3,0
12289.66,45,76.7,635.0,0,0.0,3,2,10,1,direct,1,0
18814.65,30,21.4,630.0,1,24.4,6,0,4,1,direct,6,0
1219.15,15,10.5,712.0,1,26.2,4,0,12,1,direct,1,0
2706.87,45,32.5,606.0,0,0.0,5,0,12,1,direct,4,0
3783.33,30,25.9,543.0,3,7.1,3,0,12,1,direct,1,0
18089.81,30,3.5,712.0,1,16.7,4,0,1,0,reseller,2,1
2336.52,60,11.1,670.0,2,6.3,4,0,3,1,online,4,0
2370.38,30,26.4,668.0,2,7.0,6,3,7,0,direct,1,0
14674.3,30,34.5,727.0,1,9.7,2,0,8,1,reseller,6,0
2598.5,30,41.2,739.0,3,16.2,4,1,8,1,reseller,3,0
6974.26,45,11.6,666.0,1,12.6,5,3,7,1,reseller,0,0
963.5,45,36.9,579.0,1,26.4,4,0,2,0,direct,3,0
3120.94,60,36.0,623.0,0,0.0,2,3,5,0,online,1,0
817.59,30,1.8,733.0,0,0.0,1,1,6,1,direct,6,0
1408.26,45,0.3,692.0,1,10.0,5,0,10,0,reseller,0,1
7748.71,30,13.6,631.0,2,13.8,2,0,11,1,direct,0,1
3481.04,30,27.1,609.0,0,0.0,7,3,11,1,online,3,1
2732.04,15,9.9,736.0,3,14.4,1,0,12,1,reseller,1,0
1855.9,60,14.2,660.0,3,6.2,6,2,2,0,online,2,0
2985.16,30,16.1,748.0,0,0.0,3,0,11,1,direct,1,1
4774.3,45,1.1,759.0,2,10.5,3,0,1,0,direct,6,0
8818.65,30,25.9,652.0,0,0.0,4,3,1,1,direct,0,0
342.88,15,15.9,765.0,2,22.7,4,0,3,1,direct,0,0
1722.3,90,5.2,692.0,2,13.0,4,0,2,1,direct,6,0
4201.46,60,11.5,704.0,0,0.0,6,0,10,1,direct,3,0
3330.98,30,146.2,483.0,0,0.0,3,0,4,1,direct,6,0
5234.56,45,67.3,593.0,4,3.9,4,0,11,0,direct,5,1
4632.2,30,70.0,597.0,1,12.6,2,2,8,1,direct,2,1
2767.28,45,22.7,651.0,1,12.1,4,0,9,0,reseller,5,0
2266.14,15,11.7,690.0,0,0.0,3,0,2,1,online,1,0
2919.15,30,9.8,694.0,1,15.4,2,0,1,1,direct,4,0
10238.07,30,0.3,706.0,0,0.0,5,2,2,0,direct,2,1
1884.08,30,43.9,618.0,1,13.5,3,1,7,0,reseller,4,0
3440.85,30,2.4,742.0,1,28.7,3,3,11,1,reseller,1,0
4294.15,15,14.6,843.0,2,11.4,4,0,6,1,online,5,0
14828.64,90,56.9,648.0,0,0.0,1,0,7,1,direct,1,0
2778.66,15,15.8,620.0,1,10.4,4,0,10,1,online,3,0
8629.36,15,0.4,618.0,0,0.0,6,0,3,1,direct,5,1
11034.49,30,51.0,688.0,0,0.0,5,0,10,1,direct,3,0
3437.92,45,2.7,633.0,2,13.0,3,0,9,1,direct,3,0
3011.98,30,25.4,524.0,0,0.0,5,1,3,1,online,0,0
2707.69,30,5.3,549.0,1,29.5,3,2,5,1,direct,4,0
2892.16,45,13.1,772.0,1,21.7,4,0,4,0,reseller,6,0
7854.3,15,9.0,795.0,3,6.3,5,3,12,1,online,5,0
4482.38,90,15.2,824.0,4,2.9,1,0,3,1,online,6,0
4499.68,30,4.1,700.0,2,9.0,2,1,12,0,reseller,6,0
1322.53,45,10.5,591.0,4,5.2,2,1,7,1,direct,4,1
1524.25,15,18.5,641.0,0,0.0,5,2,1,1,online,6,1
25061.85,45,11.2,546.0,0,0.0,4,0,1,1,reseller,3,0
3102.48,60,4.4,542.0,1,21.6,1,2,2,1,online,2,0
1812.94,15,50.5,703.0,2,2.7,3,0,8,0,direct,4,0
13200.23,15,62.0,729.0,3,3.7,3,0,11,1,reseller,5,0
4692.06,30,65.4,850.0,1,5.0,3,0,6,1,direct,1,0
6126.26,15,6.2,673.0,3,12.4,2,3,5,1,reseller,4,0
3215.56,90,15.0,558.0,2,22.6,4,3,7,0,direct,4,0
2733.11,30,59.4,669.0,4,10.5,6,3,3,1,direct,4,0
3125.57,45,126.0,655.0,1,2.6,1,1,11,1,direct,5,0
1048.94,90,2.7,636.0,2,13.5,4,0,4,0,reseller,4,0
3363.93,60,24.2,711.0,1,7.8,2,2,6,1,reseller,4,1
4752.52,60,4.1,571.0,2,7.9,5,0,3,0,direct,6,1
19252.9,30,25.4,692.0,0,0.0,2,3,10,1,reseller,0,0
3933.95,30,11.9,739.0,2,15.9,4,0,8,1,reseller,3,1
445.52,30,64.0,808.0,0,0.0,2,2,12,1,direct,0,0
3345.64,30,1.9,708.0,1,23.0,2,1,10,1,direct,6,0
42853.98,30,9.6,774.0,0,0.0,1,0,2,1,reseller,1,0
7940.48,15,20.2,640.0,3,17.7,3,1,8,0,direct,5,1
1754.96,30,10.6,653.0,1,3.5,5,3,1,1,reseller,4,0
6198.09,30,16.0,801.0,2,16.8,5,2,8,1,direct,2,0
1867.19,30,4.9,557.0,0,0.0,7,0,3,0,direct,2,0
1076.61,30,40.7,644.0,0,0.0,3,0,3,0,direct,1,0
2661.03,30,43.4,782.0,0,0.0,2,0,9,0,reseller,5,0
3953.57,30,1.7,661.0,0,0.0,1,1,3,1,direct,4,0
675.23,45,27.1,654.0,2,6.7,2,0,8,1,direct,6,0
1294.34,45,17.1,656.0,2,7.6,2,2,3,1,reseller,4,1
3674.98,30,13.7,691.0,2,26.0,8,0,8,1,online,3,0
2521.59,15,30.0,778.0,0,0.0,2,0,12,1,reseller,6,0
5194.37,30,57.7,763.0,3,11.6,6,2,9,1,direct,2,0
1220.23,30,22.1,681.0,1,7.4,1,2,3,1,reseller,6,1
6923.68,30,3.0,778.0,0,0.0,3,0,6,1,direct,4,0
1254.66,90,1.5,711.0,1,13.5,7,1,3,1,direct,5,0
15969.9,30,23.0,757.0,1,16.6,4,1,4,1,reseller,2,1
777.29,30,18.5,587.0,2,10.8,4,0,6,1,direct,3,0
1361.99,45,8.7,836.0,1,27.6,3,1,3,0,direct,2,1
5300.91,30,6.6,700.0,0,0.0,3,1,4,1,direct,5,0
16281.91,15,12.6,433.0,2,6.7,5,3,12,1,direct,0,1
4834.53,30,3.7,829.0,0,0.0,1,0,9,1,reseller,6,0
6042.49,60,11.3,680.0,1,5.3,2,0,3,0,reseller,2,0
3698.87,15,6.2,644.0,3,15.8,3,0,1,1,direct,2,0
1445.54,45,4.9,625.0,2,6.5,0,0,5,0,direct,6,0
2342.27,45,9.3,720.0,1,0.6,1,2,2,0,direct,0,0
1223.27,30,3.0,600.0,2,12.6,4,2,9,1,reseller,5,1
1151.89,45,78.8,628.0,3,28.0,2,3,6,0,reseller,0,0
5226.9,30,6.4,630.0,2,0.9,5,0,10,1,direct,6,0
1324.96,30,19.5,654.0,0,0.0,7,0,10,1,direct,1,0
4854.2,30,84.9,634.0,2,20.3,3,0,7,1,reseller,2,0
1128.18,90,12.2,757.0,1,7.2,4,2,10,1,direct,5,0
4754.01,30,95.4,704.0,1,13.8,5,0,7,0,reseller,1,1
2345.34,15,83.4,715.0,0,0.0,1,0,8,1,reseller,0,0
12912.54,60,37.3,735.0,1,16.4,5,0,12,0,online,0,1
4872.42,30,0.7,672.0,1,7.8,4,0,12,1,reseller,6,0
11072.33,60,8.6,588.0,1,8.0,3,0,6,1,direct,3,0
1844.42,45,39.3,842.0,1,14.0,5,0,7,1,direct,6,0
3829.65,30,8.9,763.0,1,10.8,7,2,11,1,reseller,5,0
1505.71,45,2.8,825.0,0,0.0,6,0,1,1,reseller,2,0
2509.29,45,2.6,773.0,1,11.5,1,0,12,1,direct,6,0
2875.86,15,13.7,639.0,2,14.4,1,0,8,1,direct,5,1
1894.53,90,16.3,469.0,1,8.1,1,1,1,0,online,1,1
1219.32,60,10.1,569.0,1,8.1,2,1,7,0,reseller,1,0
1020.28,60,32.1,737.0,2,18.0,1,0,8,1,online,0,0
443.29,45,55.0,671.0,1,19.4,4,0,7,0,direct,0,0
1407.1,30,6.3,642.0,1,3.4,2,0,12,0,reseller,3,0
6404.43,30,19.3,455.0,0,0.0,3,3,6,0,direct,2,0
863.81,15,3.2,679.0,0,0.0,5,1,6,1,reseller,2,1
1062.83,30,78.4,583.0,6,1.1,4,1,3,1,direct,0,0
18247.96,45,39.6,615.0,0,0.0,4,3,5,1,online,4,0
2053.2,45,45.8,757.0,1,36.6,5,0,7,1,direct,0,0
4860.72,30,54.9,587.0,2,5.4,4,1,5,1,reseller,4,0
6490.44,30,10.1,596.0,1,5.3,3,0,1,1,reseller,0,0
6609.57,45,17.9,697.0,4,10.4,7,3,10,1,direct,4,0
925.11,30,66.4,759.0,2,11.0,3,2,4,0,online,2,0
2957.34,90,42.5,644.0,0,0.0,1,0,9,1,direct,6,0
848.61,45,48.8,812.0,1,19.7,6,3,12,1,direct,1,0
32915.08,15,5.5,565.0,1,2.0,4,0,6,1,reseller,5,0
866.63,15,1.3,549.0,0,0.0,6,0,1,1,reseller,4,0
1417.92,45,4.0,541.0,1,9.4,2,0,8,1,reseller,3,1
1427.18,30,4.6,531.0,0,0.0,6,0,1,1,reseller,5,0
946.72,60,31.0,710.0,0,0.0,2,1,8,1,reseller,1,0
12299.75,30,54.9,592.0,1,4.7,3,1,12,1,direct,6,1
32215.5,15,12.4,553.0,1,1.5,4,2,4,1,direct,5,1
2372.8,30,14.0,714.0,0,0.0,5,2,5,0,direct,6,0
1109.45,45,1.0,754.0,3,1.6,3,1,1,1,direct,0,1
486.27,90,37.3,775.0,0,0.0,3,0,4,0,online,3,0
2922.81,60,54.3,759.0,1,15.6,4,3,1,1,online,2,0
2738.79,30,37.2,597.0,1,13.7,3,0,7,1,direct,1,0
2026.03,60,20.9,705.0,1,16.1,4,0,6,1,reseller,2,0
4443.68,15,6.7,725.0,1,3.6,2,0,8,0,direct,3,0
5196.06,30,28.9,637.0,0,0.0,5,1,9,1,reseller,0,0
4869.64,60,7.4,695.0,1,13.2,3,1,1,1,direct,4,1
2739.38,30,6.4,567.0,2,18.6,2,0,12,1,direct,2,1
1350.92,90,13.1,624.0,1,10.4,2,3,4,1,direct,5,1
6629.27,30,17.6,713.0,1,13.9,3,0,11,1,direct,1,0
3682.19,15,12.8,816.0,2,9.8,2,0,12,0,direct,4,1
8099.21,30,9.1,784.0,1,7.2,3,0,5,0,direct,4,0
7413.57,60,35.8,739.0,1,8.1,0,0,10,1,direct,1,0
1012.74,30,10.6,687.0,2,18.4,4,2,7,1,direct,2,1
1001.45,60,53.4,673.0,2,9.7,5,1,8,1,direct,1,0
1844.59,30,6.9,550.0,1,18.3,5,3,6,0,direct,6,0
1407.21,45,27.2,605.0,0,0.0,4,2,2,1,direct,4,0
7184.83,30,0.0,608.0,0,0.0,3,1,3,1,direct,5,0
4994.93,30,27.8,732.0,2,14.5,5,0,3,1,online,0,1
9791.46,45,20.8,765.0,1,10.0,6,1,3,0,online,0,0
5202.21,45,24.2,746.0,0,0.0,3,0,9,0,direct,6,0
4393.07,30,0.1,786.0,1,5.2,5,3,11,1,direct,5,0
10718.82,30,8.0,687.0,0,0.0,1,1,2,1,reseller,5,0
5556.67,15,29.9,592.0,0,0.0,2,2,2,0,direct,6,0
3871.09,90,15.3,676.0,1,24.4,1,0,5,1,reseller,5,0
13799.78,45,23.3,615.0,1,18.6,1,0,1,1,direct,0,0
4038.64,60,14.7,739.0,1,25.7,4,0,12,0,direct,2,0
2768.59,45,38.7,648.0,0,0.0,4,2,4,1,direct,2,1
1712.93,60,15.5,671.0,1,9.0,3,3,10,1,direct,1,1
6854.93,30,7.7,742.0,2,4.4,5,0,6,0,online,6,1
11084.97,30,5.6,613.0,0,0.0,2,0,5,1,direct,6,0
3478.9,45,112.0,767.0,1,1.8,2,0,1,1,direct,1,1
11814.99,15,15.4,559.0,2,15.1,6,0,6,1,reseller,5,1
618.31,15,31.6,708.0,0,0.0,5,3,5,1,direct,5,1
3463.7,45,66.2,672.0,0,0.0,3,0,3,0,direct,0,0
3511.91,60,20.6,754.0,0,0.0,5,0,10,1,direct,0,0
1892.6,45,10.9,556.0,0,0.0,4,0,1,1,reseller,6,0
31115.92,15,69.8,542.0,0,0.0,1,2,5,1,online,1,0
3430.38,90,18.8,748.0,1,5.0,4,3,1,1,direct,5,0
2522.59,15,29.8,645.0,0,0.0,2,2,8,1,direct,4,0
3727.03,30,15.7,672.0,0,0.0,3,1,7,1,direct,3,1
600.32,90,33.2,621.0,1,8.1,3,2,12,1,direct,0,0
1837.42,45,11.7,762.0,0,0.0,1,0,2,1,online,4,0
8821.22,60,30.7,707.0,1,16.6,0,1,9,1,reseller,5,0
2067.2,60,49.9,702.0,0,0.0,1,0,10,1,online,1,0
1726.78,45,20.5,575.0,0,0.0,2,2,9,0,direct,4,1
11832.12,30,69.7,725.0,3,17.8,1,0,12,1,online,2,0
12163.91,30,5.5,591.0,1,5.0,4,3,12,1,reseller,6,0
5798.13,60,70.8,621.0,1,12.6,3,1,1,1,online,3,0
2417.27,60,29.6,557.0,1,25.3,2,2,2,1,direct,0,0
2935.04,30,0.2,666.0,0,0.0,2,0,3,1,online,1,1
1765.63,30,19.6,776.0,0,0.0,1,0,12,1,reseller,1,0
1487.28,30,2.1,700.0,1,9.0,3,0,3,1,reseller,2,0
1422.29,30,2.7,640.0,2,9.2,4,3,2,0,direct,2,0
2087.56,60,1.8,690.0,2,11.9,3,2,7,1,direct,3,0
1434.76,15,37.1,689.0,2,14.7,2,0,1,1,online,5,0
891.29,30,39.8,686.0,3,4.7,2,1,9,0,reseller,5,1
4435.8,60,12.9,696.0,1,10.0,2,0,6,1,online,3,0
4496.87,30,14.2,586.0,2,4.1,6,2,12,1,direct,3,0
16826.55,30,36.7,690.0,3,16.1,3,3,11,1,direct,0,0
1995.19,30,5.7,522.0,0,0.0,5,0,7,1,reseller,5,0
4752.81,15,1.1,732.0,2,7.3,5,0,4,1,direct,0,0
4824.4,30,6.8,581.0,0,0.0,1,3,1,1,direct,6,0
2897.33,15,47.1,786.0,1,24.4,6,0,2,1,direct,2,0
7114.57,15,12.3,460.0,2,13.2,2,2,1,1,direct,3,1
7315.18,30,39.6,831.0,2,4.1,1,1,1,1,direct,1,0
4888.64,30,75.9,532.0,1,2.4,6,0,6,1,direct,2,0
2892.64,15,0.8,572.0,3,5.4,3,3,5,1,direct,1,0
2639.18,90,22.1,707.0,2,8.4,3,3,2,1,reseller,2,0
1063.18,15,35.4,736.0,0,0.0,3,3,12,1,direct,2,1
1762.83,30,4.5,654.0,0,0.0,4,1,12,1,reseller,5,0
2080.15,60,26.1,760.0,3,3.8,4,0,9,0,direct,4,0
1324.02,15,9.0,608.0,1,8.2,2,0,11,1,online,5,0
5409.61,30,24.9,644.0,2,8.6,5,2,7,1,direct,5,0
10688.94,60,6.2,653.0,0,0.0,3,2,5,1,direct,6,0
1608.0,30,56.8,632.0,0,0.0,2,0,3,1,online,1,0
4698.96,30,69.1,506.0,1,11.2,1,0,8,1,reseller,2,0
1435.55,45,3.0,678.0,0,0.0,2,1,12,1,reseller,3,0
2767.14,45,53.5,670.0,3,8.6,1,3,12,1,online,3,1
1956.09,30,16.9,777.0,0,0.0,0,0,1,1,online,5,0
6258.56,15,4.0,564.0,0,0.0,5,0,1,0,direct,0,1
1976.52,15,6.2,622.0,2,17.6,2,0,1,0,online,6,0
9049.77,60,57.2,788.0,3,24.3,2,0,2,1,online,3,0
2918.58,30,24.8,706.0,1,27.3,3,3,4,1,direct,1,0
2029.12,15,2.5,729.0,0,0.0,3,3,7,1,direct,2,0
1178.53,30,19.4,721.0,2,2.3,2,0,6,1,reseller,5,0
4572.81,60,33.6,721.0,2,19.6,4,0,9,1,online,4,0
8149.38,15,16.0,844.0,2,8.5,2,2,11,0,reseller,3,0
4656.36,15,8.0,688.0,1,8.8,5,3,1,1,reseller,6,0
27308.37,30,60.3,589.0,1,14.6,4,0,9,1,direct,4,0
13184.65,45,95.4,737.0,0,0.0,5,3,8,1,reseller,1,0
2760.66,30,16.5,629.0,1,12.0,5,0,5,0,direct,3,0
2734.7,60,19.0,670.0,1,12.7,3,1,9,1,direct,6,1
5556.52,15,5.9,713.0,2,19.8,3,1,8,1,online,5,0
1712.63,30,35.1,606.0,1,13.6,2,0,4,1,direct,4,1
10401.02,30,22.0,634.0,3,4.0,2,0,9,1,reseller,5,0
5041.41,30,3.3,723.0,2,3.9,2,0,5,0,online,3,0
4586.23,30,19.7,631.0,1,6.0,2,0,3,1,reseller,3,0
6756.49,45,9.6,768.0,3,13.1,4,1,12,0,direct,0,0
17163.61,30,8.1,591.0,1,4.3,0,0,5,0,online,6,0
4246.54,45,19.2,591.0,1,4.3,1,0,7,1,direct,1,1
3288.75,15,4.9,850.0,1,12.5,0,0,3,1,online,6,0
14155.35,30,49.5,542.0,0,0.0,1,0,7,1,direct,6,0
8697.54,30,6.3,678.0,4,25.9,7,3,10,1,direct,2,0
2727.44,30,35.6,847.0,2,6.7,3,3,4,1,direct,6,0
3657.99,15,2.3,677.0,0,0.0,1,0,11,1,direct,0,1
4340.93,90,33.4,801.0,5,9.0,5,0,6,0,direct,0,0
5042.37,60,13.2,739.0,0,0.0,6,1,11,1,online,1,0
1073.91,60,5.2,679.0,2,6.5,4,3,2,1,direct,6,0
908.47,60,79.4,668.0,1,9.5,7,0,8,1,reseller,1,0
1638.19,15,11.7,489.0,1,6.6,2,0,10,1,direct,6,0
1528.03,30,9.7,651.0,0,0.0,0,2,5,1,direct,4,0
2039.7,30,29.8,701.0,1,4.8,4,2,8,1,direct,1,0
6446.16,60,23.6,701.0,5,7.3,1,2,7,0,online,1,0
3127.42,30,21.8,850.0,0,0.0,4,1,6,0,direct,5,0
4344.89,30,49.8,705.0,0,0.0,1,0,11,1,reseller,3,0
1209.7,45,26.5,737.0,1,14.9,1,0,2,1,direct,0,1
2403.12,15,12.6,785.0,0,0.0,4,0,9,0,direct,5,0
6176.65,45,19.5,729.0,1,18.0,4,0,1,1,reseller,6,0
6219.58,30,4.8,672.0,2,21.3,2,0,10,1,direct,1,0
1896.72,45,28.6,673.0,0,0.0,3,1,6,0,online,3,0
4211.17,60,16.2,648.0,1,14.9,2,3,2,1,online,2,0
26343.14,45,11.5,720.0,2,11.7,3,2,3,1,reseller,1,0
3583.74,30,33.0,665.0,2,4.9,3,1,7,1,direct,0,0
1951.07,15,75.9,736.0,0,0.0,5,0,8,0,reseller,6,0
3113.85,15,28.3,589.0,1,27.4,0,0,10,1,online,0,0
3955.88,15,8.4,693.0,1,1.0,1,0,11,1,reseller,2,0
3177.81,30,12.2,820.0,0,0.0,2,2,7,0,direct,2,0
3539.64,30,47.4,660.0,2,11.7,3,2,3,0,direct,5,0
993.17,30,9.3,846.0,3,19.3,1,2,4,1,direct,1,0
1530.93,30,24.0,695.0,1,15.3,3,0,9,0,reseller,6,1
3183.06,60,13.7,675.0,1,10.4,4,0,5,0,direct,1,0
3137.74,15,2.6,690.0,0,0.0,2,0,6,1,direct,5,0
2187.31,30,13.9,652.0,2,16.2,4,0,1,1,reseller,2,1
3104.75,30,7.4,502.0,0,0.0,1,0,8,0,reseller,0,1
3846.48,15,14.6,759.0,0,0.0,5,0,11,1,online,0,0
8106.91,60,36.5,850.0,1,14.7,2,1,12,1,direct,4,0
3329.94,15,18.3,723.0,1,17.3,1,0,9,0,reseller,5,1
5214.47,45,9.3,729.0,2,16.2,3,1,2,0,direct,4,0
2236.26,45,1.0,664.0,3,8.4,5,3,11,1,reseller,4,0
6092.94,60,33.4,784.0,1,11.1,1,0,6,1,direct,3,0
5105.93,45,44.9,676.0,3,3.9,2,2,2,0,online,1,0
7936.56,45,2.3,704.0,0,0.0,2,2,1,1,reseller,5,0
6919.61,30,27.5,539.0,2,12.6,4,3,3,1,reseller,0,0
6184.87,30,9.3,632.0,2,11.0,3,0,1,1,online,1,0
3332.32,45,3.1,713.0,1,11.0,2,1,7,0,direct,0,0
4538.92,30,0.3,762.0,2,9.2,3,0,8,0,reseller,4,0
9482.07,30,47.2,764.0,0,0.0,4,2,2,1,online,4,0
2024.61,30,0.7,538.0,0,0.0,1,0,9,1,online,5,1
2068.2,30,8.1,547.0,1,4.8,3,0,8,0,direct,1,1
4286.77,30,73.9,733.0,0,0.0,3,0,10,1,reseller,3,0
5290.94,15,1.5,613.0,2,3.4,0,0,4,1,direct,3,0
1734.2,30,1.2,761.0,4,26.7,4,3,1,0,reseller,6,0
3404.02,15,5.7,533.0,2,9.7,2,0,3,1,direct,4,1
3345.6,30,77.3,671.0,2,28.6,0,2,4,1,direct,4,0
495.84,45,28.3,677.0,2,12.0,3,0,5,0,online,2,1
2988.02,30,18.4,723.0,1,8.1,5,2,6,1,online,5,0
3160.27,45,51.6,587.0,0,0.0,3,0,12,0,online,0,0
3151.82,15,6.3,503.0,1,11.8,6,0,8,0,direct,6,0
13021.05,15,26.6,695.0,1,5.0,5,1,8,1,direct,3,1
1218.99,45,13.7,727.0,2,3.8,2,0,11,1,reseller,4,1
1733.4,60,6.1,771.0,0,0.0,3,0,8,1,direct,6,0
346.9,45,19.1,648.0,0,0.0,2,2,2,1,reseller,1,0
2361.79,45,35.5,750.0,0,0.0,1,0,10,0,reseller,0,0
2550.18,45,16.4,724.0,2,15.1,3,3,8,1,reseller,4,0
2300.82,45,10.4,799.0,2,7.3,3,0,10,0,direct,2,0
9866.59,45,2.5,675.0,1,36.2,1,1,9,0,direct,4,0
7899.51,45,21.4,524.0,1,21.1,2,3,7,1,direct,2,0
3905.23,15,8.5,674.0,0,0.0,1,0,1,0,online,2,0
2608.29,15,10.5,688.0,0,0.0,1,0,6,1,direct,1,0
9168.88,30,10.6,727.0,0,0.0,1,0,3,1,direct,4,0
3576.78,30,15.4,542.0,1,33.2,2,0,2,1,direct,4,0
1743.34,45,13.7,652.0,2,2.0,4,1,9,1,direct,4,0
776.95,30,46.2,758.0,1,13.3,4,1,10,1,direct,2,1
2447.49,30,18.3,671.0,1,41.5,5,3,2,1,reseller,3,0
7180.89,45,28.3,652.0,0,0.0,5,0,3,0,reseller,2,0
28251.02,30,20.5,850.0,0,0.0,5,0,10,0,direct,4,0
3848.54,60,0.8,584.0,1,7.6,5,0,2,0,reseller,1,0
1828.37,30,7.5,791.0,0,0.0,1,0,9,1,direct,0,0
1253.29,30,4.5,772.0,0,0.0,4,0,12,1,reseller,2,0
5983.49,30,19.4,660.0,1,17.5,3,0,12,1,direct,4,0
743.85,30,67.8,677.0,0,0.0,2,3,8,0,direct,6,0
5974.83,15,3.4,677.0,0,0.0,4,0,12,1,direct,1,1
7600.28,30,12.8,696.0,2,14.4,2,0,8,1,reseller,6,1
5391.89,30,18.6,626.0,1,2.7,8,0,11,0,reseller,1,0
2987.84,30,9.5,641.0,2,15.4,6,1,9,0,reseller,0,1
6053.83,45,22.9,648.0,1,5.3,6,1,5,1,online,1,0
4246.48,15,10.8,651.0,2,4.9,4,0,5,0,direct,4,1
1807.48,30,13.2,652.0,1,27.7,1,0,9,0,direct,2,0
19252.02,15,35.1,478.0,1,0.7,1,2,11,1,direct,3,0
2653.11,60,16.2,689.0,1,8.9,5,2,5,1,direct,1,0
7318.62,45,29.7,633.0,2,3.0,5,2,6,1,direct,4,0
412.92,90,18.3,512.0,1,11.5,3,0,3,0,reseller,3,0
11485.31,60,6.0,648.0,0,0.0,5,3,7,1,direct,6,0
13655.36,30,10.0,646.0,0,0.0,2,2,3,0,direct,3,1
3740.04,45,21.1,795.0,1,7.7,1,3,5,1,direct,0,0
6020.31,30,13.0,631.0,1,4.6,7,1,2,1,direct,5,0
6018.92,60,1.8,740.0,3,4.8,1,3,12,1,reseller,3,0
2041.61,30,22.1,804.0,1,15.8,4,0,6,0,reseller,1,0
5957.52,30,26.9,623.0,1,2.5,1,0,6,1,direct,0,1
1758.53,60,5.6,676.0,0,0.0,2,3,5,1,online,2,0
2105.1,60,55.7,836.0,1,8.9,2,1,1,0,reseller,2,0
10039.16,90,16.0,701.0,1,5.6,1,1,7,1,direct,1,0
8753.35,15,2.7,714.0,1,15.7,3,2,11,1,direct,3,0
1928.05,30,5.4,643.0,0,0.0,3,3,6,1,direct,4,0
1881.42,30,17.4,742.0,3,9.8,3,0,5,1,direct,0,1
2036.45,30,2.9,676.0,1,10.0,4,0,7,1,direct,0,0
7040.09,30,14.0,515.0,3,3.6,6,0,8,1,direct,1,1
1480.32,30,49.8,648.0,0,0.0,1,0,8,1,online,6,0
5019.28,45,71.3,574.0,3,9.1,3,0,4,0,online,4,0
7130.68,30,43.1,690.0,2,1.8,3,1,3,0,reseller,3,0
3362.97,45,13.4,597.0,0,0.0,4,3,1,1,online,1,1
9036.77,60,40.6,723.0,3,13.4,4,0,1,0,direct,4,0
2768.67,45,28.2,684.0,0,0.0,2,2,2,1,reseller,5,0
3003.49,30,33.5,568.0,0,0.0,3,1,11,1,online,1,1
1510.93,30,24.7,636.0,0,0.0,2,2,4,1,online,4,0
9094.81,15,5.6,736.0,4,12.7,3,2,10,1,reseller,0,0
1826.45,45,28.5,783.0,2,2.3,2,0,10,0,online,3,0
4988.02,30,24.8,599.0,1,36.4,5,2,11,0,direct,4,0
3414.6,15,32.1,581.0,0,0.0,1,2,12,0,direct,3,0
1411.62,90,3.6,850.0,1,9.8,0,1,6,1,reseller,6,0
2104.45,45,13.2,679.0,1,8.7,2,0,2,1,direct,2,0
12639.54,60,3.6,688.0,1,5.4,0,3,11,1,direct,0,0
4365.52,30,2.1,613.0,3,3.9,2,3,8,1,reseller,3,1
1468.16,90,1.2,699.0,0,0.0,2,0,6,1,reseller,6,0
4792.44,30,48.8,834.0,1,2.9,4,0,12,1,reseller,2,0
3192.3,30,21.7,703.0,1,8.0,3,0,6,0,direct,5,0
81523.11,60,21.5,776.0,2,13.3,4,2,4,0,direct,6,0
4706.08,60,127.7,683.0,2,4.3,3,0,5,1,online,1,0
2584.89,30,5.2,588.0,2,12.1,6,3,12,0,direct,0,0
13069.35,15,15.4,619.0,3,7.6,1,0,6,0,reseller,2,0
694.41,30,18.9,579.0,1,9.1,4,0,6,1,direct,1,0
3963.52,45,33.9,700.0,1,18.4,4,0,9,1,direct,6,0
21916.29,60,11.5,790.0,4,12.2,0,0,5,1,direct,1,0
3279.42,30,19.2,694.0,0,0.0,0,0,2,0,reseller,6,0
765.12,15,10.4,652.0,1,38.9,2,0,10,1,direct,5,0
2549.55,45,52.3,609.0,0,0.0,2,0,9,1,direct,6,0
13481.4,45,21.3,712.0,2,17.3,5,0,2,1,direct,3,0
5107.49,30,59.0,569.0,0,0.0,7,0,3,1,reseller,4,1
1711.34,30,23.6,578.0,1,13.8,2,2,6,0,reseller,3,1
1965.07,90,37.8,761.0,2,11.1,3,3,4,1,direct,3,0
2200.13,30,29.3,655.0,1,12.9,3,3,3,1,direct,2,0
5039.58,30,4.9,653.0,1,7.8,4,2,12,1,direct,1,1
12141.4,45,6.9,665.0,2,10.0,2,3,6,1,direct,1,0
9387.94,30,9.1,745.0,1,20.2,2,0,1,0,direct,2,0
5488.5,60,22.2,695.0,0,0.0,4,3,7,1,direct,4,0
1098.3,45,45.6,613.0,1,6.6,0,3,4,1,online,0,0
1101.98,30,24.3,616.0,1,13.2,4,0,8,0,direct,4,0
5883.62,15,14.8,662.0,2,12.3,9,2,2,0,reseller,4,0
1084.72,45,5.1,707.0,2,7.5,1,0,2,0,direct,3,1
2972.0,15,15.2,677.0,2,13.5,4,0,2,0,reseller,6,0
4787.36,15,65.8,669.0,0,0.0,5,0,10,1,reseller,4,0
1307.88,30,24.7,684.0,1,35.1,2,2,11,1,reseller,4,0
1448.33,30,8.5,677.0,0,0.0,0,1,12,1,direct,5,0
3345.23,90,31.4,610.0,0,0.0,3,0,3,1,direct,3,1
5728.94,45,3.2,780.0,1,13.3,6,2,11,1,direct,0,0
9465.1,60,27.6,637.0,1,18.5,5,0,2,0,direct,4,0
6287.68,30,5.2,692.0,1,13.0,3,2,7,1,direct,1,0
3890.49,30,0.3,495.0,0,0.0,1,3,4,1,online,0,0
1860.17,90,17.9,661.0,1,13.9,2,0,9,1,direct,4,0
1388.78,30,32.6,581.0,3,9.1,4,2,4,0,reseller,2,0
2298.96,60,33.2,592.0,1,10.4,7,1,11,1,online,6,0
5265.56,30,43.6,850.0,1,9.7,5,0,7,1,online,2,0
4929.34,30,16.1,702.0,2,9.9,5,0,2,0,reseller,5,0
550.09,30,12.2,790.0,3,6.1,7,0,6,0,direct,5,0
1795.23,30,26.5,757.0,1,17.4,5,0,9,1,reseller,4,0
10765.01,15,45.6,768.0,0,0.0,2,0,7,1,online,1,0
3910.0,30,4.7,662.0,3,5.9,3,2,7,0,reseller,3,1
1017.08,30,36.6,825.0,2,9.5,1,0,6,1,direct,0,0
30340.51,30,57.1,756.0,2,4.2,1,3,9,1,direct,0,0
3547.34,60,39.7,684.0,1,11.7,3,1,10,1,reseller,0,0
5145.62,30,10.6,704.0,1,20.1,3,1,3,0,direct,6,0
5216.45,60,35.4,668.0,3,7.9,8,3,11,0,direct,0,0
2615.38,30,11.2,685.0,2,17.1,2,0,4,1,reseller,5,0
1891.61,15,8.7,676.0,1,9.9,2,0,2,0,direct,6,0
24575.55,30,75.4,714.0,0,0.0,0,0,12,1,direct,1,0
8981.17,60,20.7,837.0,1,5.6,6,2,1,1,reseller,1,0
7629.24,45,41.5,572.0,2,8.8,2,3,2,0,direct,3,0
6115.98,60,16.4,783.0,5,17.5,5,3,8,0,online,4,0
1475.89,30,14.4,647.0,1,12.8,1,1,12,1,online,1,0
11496.26,45,26.5,794.0,1,4.8,3,0,5,0,online,3,1
1704.76,45,37.3,650.0,1,14.1,1,3,9,1,direct,6,0
4698.31,90,26.2,717.0,1,11.4,4,1,10,0,direct,3,0
832.6,15,16.7,666.0,2,4.2,3,0,4,1,direct,3,0
580.12,90,12.2,524.0,1,3.2,4,0,12,1,online,2,0
4848.68,30,10.4,837.0,1,3.1,8,0,9,1,online,5,0
1757.79,60,1.5,595.0,1,18.3,3,3,10,1,direct,6,0
607.74,30,27.6,688.0,2,4.3,1,1,11,1,direct,4,0
5922.71,30,22.7,585.0,0,0.0,3,3,1,1,direct,1,0
24540.32,30,7.2,560.0,0,0.0,2,3,3,1,direct,3,0
12715.85,60,16.9,662.0,0,0.0,5,0,1,1,direct,1,1
2888.27,30,31.8,627.0,2,12.9,3,3,9,1,direct,6,0
3670.05,30,12.3,575.0,2,3.8,5,0,8,0,reseller,6,0
8094.46,30,68.4,677.0,2,13.6,2,1,12,1,reseller,0,0
9995.75,45,4.5,547.0,5,8.0,0,3,7,1,direct,3,0
2672.63,30,8.2,691.0,0,0.0,3,3,4,1,direct,0,0
3754.69,45,36.4,669.0,1,10.3,2,0,9,0,direct,3,1
4772.16,30,35.5,457.0,1,9.1,3,2,11,1,reseller,4,1
5993.85,45,23.6,633.0,3,19.7,3,1,2,1,direct,5,0
3229.98,45,19.8,722.0,1,17.9,1,2,2,1,direct,6,0
3267.97,45,5.2,584.0,0,0.0,1,3,3,0,online,6,0
12605.0,60,6.4,726.0,3,25.4,3,3,9,0,direct,0,0
10813.69,30,16.3,719.0,1,2.3,5,0,5,0,online,5,0
5595.23,30,7.7,588.0,0,0.0,0,0,1,0,reseller,1,0
17106.23,45,2.4,679.0,3,24.1,1,1,12,1,direct,5,0
2571.38,15,29.0,754.0,1,8.9,5,0,7,1,direct,2,1
15688.39,30,82.3,601.0,1,7.5,2,1,3,1,reseller,4,0
5932.87,45,13.2,661.0,1,3.7,3,0,1,1,direct,6,0
69142.41,30,12.5,784.0,0,0.0,1,2,7,0,direct,6,0
1244.84,30,16.5,603.0,1,16.9,2,1,12,0,online,5,0
1957.82,90,4.8,721.0,0,0.0,3,3,4,1,reseller,3,0
5307.72,30,19.1,583.0,2,1.1,3,3,11,1,reseller,6,1
5205.71,15,24.5,666.0,0,0.0,2,0,3,1,direct,0,0
21059.88,15,4.8,720.0,3,22.5,1,0,11,1,direct,5,0
1995.13,30,14.9,464.0,2,8.4,4,1,9,0,direct,1,0
8220.83,45,40.1,632.0,1,9.9,3,1,12,1,direct,2,0
10365.28,45,4.9,719.0,0,0.0,2,0,7,1,online,6,0
6864.94,30,27.5,700.0,0,0.0,2,1,9,1,direct,0,1
1533.19,30,18.1,633.0,0,0.0,4,2,3,0,direct,1,0
12925.83,30,3.0,581.0,1,17.0,2,1,4,1,direct,4,1
11008.16,15,10.9,737.0,0,0.0,1,3,12,1,online,6,0
6245.56,45,11.0,651.0,1,11.2,4,0,12,1,direct,6,0
4376.1,45,6.2,729.0,1,4.3,2,1,8,0,online,3,0
4462.65,15,18.9,714.0,4,24.0,3,0,5,1,online,3,1
3391.87,60,1.0,640.0,4,7.2,5,2,6,0,direct,2,0
6481.5,45,65.7,777.0,1,5.0,4,0,11,1,reseller,2,0
3744.42,30,12.1,627.0,3,11.1,5,1,10,1,reseller,5,0
1696.51,45,14.2,787.0,2,8.3,3,0,10,0,direct,5,0
1416.96,45,8.6,799.0,0,0.0,2,0,7,0,online,2,0
1850.42,15,5.0,775.0,0,0.0,3,0,8,0,reseller,2,1
4446.71,30,34.8,664.0,1,4.7,1,1,10,1,reseller,5,0
3553.68,45,15.3,850.0,0,0.0,6,0,9,1,reseller,5,0
4419.62,60,8.8,694.0,0,0.0,1,1,11,0,direct,3,0
5714.33,30,62.0,702.0,0,0.0,3,1,1,1,reseller,1,0
2070.22,30,29.6,678.0,2,11.4,1,0,2,0,online,1,0
13617.27,45,12.3,578.0,2,6.9,1,1,7,1,reseller,4,0
2861.38,30,44.3,797.0,1,18.2,2,0,8,0,direct,4,0
2464.92,15,29.3,628.0,0,0.0,3,2,2,1,reseller,3,0
5620.34,30,17.3,763.0,0,0.0,2,0,4,1,reseller,3,0
697.25,60,43.3,784.0,2,17.3,5,0,12,1,direct,3,0
1787.4,60,15.9,734.0,0,0.0,5,0,11,1,direct,5,0
8804.04,60,9.4,618.0,1,16.8,6,1,3,1,direct,2,1
762.28,30,34.7,649.0,1,10.5,3,0,1,1,online,4,0
9954.87,30,10.9,439.0,0,0.0,2,0,11,1,reseller,4,0
14186.17,30,24.9,670.0,1,4.5,7,3,8,1,direct,1,0
2611.0,30,30.5,752.0,1,11.4,5,1,10,0,direct,6,0
4734.5,30,127.6,659.0,2,7.1,4,2,1,0,direct,5,0
9968.43,45,49.9,627.0,0,0.0,1,2,9,1,online,2,0
2392.01,45,3.2,653.0,2,3.3,2,2,4,0,direct,1,0
7950.56,45,2.3,789.0,0,0.0,4,1,7,1,direct,0,0
1990.15,30,40.0,675.0,1,22.2,4,1,10,0,reseller,3,0
2368.85,30,11.3,847.0,0,0.0,1,0,6,1,online,6,0
1773.3,15,0.4,629.0,1,25.8,3,2,10,0,direct,1,0
4956.14,15,26.5,700.0,1,8.4,2,0,10,1,direct,0,1
10323.44,30,35.6,641.0,0,0.0,2,1,3,1,direct,3,0
3084.97,30,4.5,850.0,2,14.6,5,1,5,1,direct,0,0
1159.65,90,19.9,696.0,1,8.6,2,0,11,1,direct,5,0
1374.11,30,34.1,850.0,3,1.3,4,3,10,1,reseller,1,0
5193.38,15,5.3,642.0,1,3.3,2,3,7,1,direct,2,1
19143.24,15,3.0,817.0,0,0.0,2,1,3,1,reseller,5,0
5189.29,45,6.0,691.0,1,17.5,6,0,1,0,online,1,1
2570.34,30,28.3,755.0,3,10.0,1,0,10,0,reseller,0,0
7255.87,30,0.6,570.0,1,16.6,3,2,11,1,online,5,0
2934.97,30,18.7,711.0,1,18.4,1,2,10,0,direct,3,0
2590.34,30,11.9,584.0,0,0.0,1,1,7,0,direct,0,0
1536.69,45,16.2,703.0,1,12.4,1,0,10,0,direct,0,0
12933.86,30,4.2,543.0,0,0.0,2,3,3,0,reseller,6,0
370.45,15,10.5,672.0,2,6.1,0,0,5,1,reseller,3,1
7465.69,45,15.0,779.0,2,8.2,3,0,5,0,direct,1,0
2398.57,30,1.0,729.0,1,10.2,4,0,9,1,reseller,3,0
2516.67,45,2.0,569.0,2,2.7,6,1,11,1,direct,6,0
16698.66,15,71.1,509.0,2,8.3,3,1,7,1,online,2,0
1914.63,45,0.6,725.0,1,5.1,3,3,6,0,direct,1,0
1974.24,30,42.2,822.0,3,36.0,6,3,4,1,direct,4,0
3237.79,30,23.3,593.0,0,0.0,1,0,3,0,direct,5,0
5284.13,30,0.2,850.0,1,16.5,2,0,6,1,direct,2,0
2446.29,90,6.0,679.0,1,16.5,5,3,2,1,direct,0,0
883.18,30,59.5,504.0,2,11.2,2,1,5,0,direct,5,0
1670.49,60,0.6,540.0,0,0.0,7,3,11,1,direct,5,0
11535.68,60,23.9,749.0,1,12.6,3,1,2,1,direct,6,0
3894.42,30,23.3,692.0,2,12.6,3,0,3,1,direct,2,1
5464.23,30,40.2,813.0,2,24.2,2,1,1,1,online,3,1
2877.63,30,27.5,572.0,2,10.4,5,2,5,1,reseller,3,0
2011.13,90,31.4,691.0,2,4.9,3,0,8,1,reseller,0,0
16478.51,45,14.6,681.0,0,0.0,0,0,12,1,direct,4,0
3073.67,30,12.2,667.0,1,4.0,4,1,9,0,online,2,0
2442.96,15,23.1,646.0,3,9.2,3,3,4,0,online,6,0
9764.69,60,10.6,647.0,1,6.9,2,3,4,0,online,5,0
1900.51,15,14.8,696.0,2,8.5,3,0,5,0,reseller,1,0
2131.85,15,19.9,707.0,0,0.0,1,0,12,1,reseller,1,0
3674.68,30,8.0,703.0,0,0.0,6,0,5,0,reseller,0,0
3641.84,30,18.8,789.0,1,8.6,2,2,3,1,reseller,0,0
4599.26,60,6.2,572.0,2,6.2,3,2,11,0,direct,3,0
23920.76,45,2.5,517.0,1,18.9,5,2,8,1,direct,6,0
4927.68,30,8.6,772.0,2,14.9,3,1,6,1,direct,3,0
428.27,30,2.5,595.0,0,0.0,4,3,10,1,reseller,3,0
4883.75,45,4.2,646.0,4,3.0,3,3,5,1,direct,2,0
3767.22,30,41.5,625.0,2,6.8,3,0,9,1,online,3,0
3786.15,30,16.7,623.0,2,1.7,2,2,4,1,reseller,3,0
4543.04,30,1.0,549.0,1,3.4,1,3,5,1,reseller,6,0
3548.18,45,97.2,629.0,1,11.5,5,3,10,0,reseller,0,0
3472.57,90,3.8,738.0,0,0.0,3,0,11,1,online,3,0
6321.68,45,10.8,680.0,2,9.0,4,0,9,1,online,4,1
2235.29,15,3.3,725.0,2,9.0,3,0,9,1,online,3,0
1551.66,45,23.2,635.0,0,0.0,3,1,4,0,online,2,0
55348.42,30,19.1,761.0,3,5.7,4,0,4,0,online,2,0
1911.66,60,24.3,634.0,2,16.2,3,3,7,0,direct,3,0
3984.35,30,11.9,490.0,1,17.1,2,2,9,1,direct,4,0
947.57,30,96.3,708.0,1,8.7,0,0,10,0,reseller,2,0
4043.32,30,61.9,749.0,1,3.5,3,0,4,1,direct,4,0
1571.99,30,46.9,630.0,1,5.7,8,0,3,0,direct,5,0
2444.94,30,2.3,788.0,1,9.4,2,0,4,0,direct,0,0
9325.97,30,27.4,603.0,0,0.0,3,3,5,0,direct,4,0
5568.1,45,64.8,740.0,0,0.0,3,3,5,1,reseller,5,0
6072.76,60,36.7,837.0,0,0.0,5,2,12,0,direct,5,0
739.46,30,0.5,683.0,1,13.9,2,1,5,0,online,3,0
19019.23,15,34.4,660.0,1,9.6,5,0,1,0,direct,2,0
1245.52,30,10.4,670.0,0,0.0,7,1,1,1,direct,2,0
14410.39,30,20.4,827.0,3,9.2,2,0,3,0,online,5,0
9130.63,30,5.6,716.0,0,0.0,3,0,4,0,online,6,0
6121.73,60,0.5,850.0,0,0.0,3,0,1,0,direct,3,0
1686.67,90,0.3,705.0,2,8.7,1,3,9,0,online,1,0
4173.17,15,16.0,621.0,1,13.4,4,0,12,0,online,0,0
2383.13,45,1.2,627.0,1,2.0,2,2,5,1,direct,3,0
3737.36,45,9.4,686.0,2,20.0,2,2,4,1,online,3,0
2907.69,30,26.4,496.0,0,0.0,2,3,8,1,direct,3,0
581.29,45,31.6,637.0,0,0.0,1,3,7,1,direct,5,0
9992.66,15,69.3,639.0,1,17.6,3,0,8,1,direct,4,0
3384.64,15,39.2,702.0,2,5.3,3,3,11,1,direct,3,0
2353.55,90,6.3,850.0,1,4.6,4,0,12,1,direct,1,0
2198.88,45,28.7,685.0,0,0.0,1,1,4,1,reseller,4,1
5027.18,30,21.2,507.0,1,6.8,3,2,6,1,direct,1,1
1628.83,30,12.2,598.0,0,0.0,2,2,2,1,reseller,6,0
478.35,90,41.5,704.0,2,16.1,4,2,8,0,reseller,0,0
5252.28,30,12.1,688.0,1,5.6,4,3,4,1,reseller,1,0
5809.17,60,25.3,826.0,2,6.5,2,3,9,1,reseller,5,0
3042.19,60,6.4,766.0,1,6.1,7,1,6,1,reseller,6,1
1295.81,30,26.0,764.0,1,14.2,2,0,9,1,direct,0,0
3944.36,45,14.6,660.0,1,17.1,3,0,6,1,reseller,1,0
974.5,45,11.7,779.0,0,0.0,3,1,7,1,direct,4,0
1444.46,45,14.6,599.0,0,0.0,3,2,8,1,reseller,6,0
1852.65,30,20.0,767.0,1,10.5,1,0,10,0,reseller,0,0
7781.82,15,51.9,655.0,2,11.1,2,0,2,1,online,2,0
2627.14,30,23.4,550.0,1,15.1,5,0,8,1,direct,4,0
2433.1,45,24.2,733.0,2,14.5,1,3,6,0,direct,4,0
21146.36,45,2.6,806.0,1,4.3,5,3,9,1,online,1,0
5000.12,45,41.0,643.0,0,0.0,3,0,8,1,direct,0,0
4939.87,30,32.5,821.0,1,11.7,1,2,4,1,reseller,4,0
2610.43,15,0.9,531.0,1,3.3,1,2,6,1,online,6,0
2128.7,15,66.3,572.0,0,0.0,2,0,10,1,reseller,5,0
508.89,45,9.3,667.0,0,0.0,4,2,8,1,direct,6,0
8706.86,30,1.4,647.0,1,9.2,3,1,7,1,direct,6,0
5450.59,45,70.1,620.0,2,7.9,3,3,11,0,direct,4,0
3098.74,30,6.3,692.0,3,16.8,1,0,11,0,reseller,5,0
3217.94,30,19.7,632.0,1,13.8,2,0,1,1,online,1,0
7062.33,60,27.4,648.0,0,0.0,2,0,2,1,direct,6,0
898.53,30,8.1,705.0,1,11.3,4,0,9,1,direct,4,1
2141.17,15,43.8,620.0,1,10.2,2,0,5,1,online,6,0
1309.4,45,25.2,670.0,0,0.0,3,0,12,1,online,6,0
17932.29,30,23.8,622.0,1,22.3,0,1,9,0,online,1,1
8007.15,90,23.1,571.0,2,9.7,3,1,3,1,reseller,5,0
501.49,60,18.8,749.0,0,0.0,3,1,11,1,direct,2,0
932.26,45,36.5,834.0,1,5.3,3,0,2,1,direct,0,0
3232.1,15,4.8,776.0,0,0.0,3,0,11,1,reseller,2,0
2379.88,30,14.5,710.0,1,23.9,2,3,10,1,direct,3,0
1105.5,60,13.2,622.0,2,4.7,4,0,8,1,direct,2,0
20958.22,30,14.9,654.0,0,0.0,3,3,1,1,direct,2,0
4823.65,90,32.5,775.0,0,0.0,5,0,9,0,direct,5,0
5582.18,45,25.8,475.0,0,0.0,1,0,6,1,reseller,5,0
1953.13,15,16.3,647.0,1,1.5,2,1,5,1,reseller,2,0
6974.71,30,19.9,746.0,0,0.0,6,2,8,0,direct,4,0
2585.34,45,34.6,578.0,1,5.9,2,0,3,1,online,6,0
2821.41,15,59.0,718.0,1,10.0,4,0,8,1,reseller,6,0
6310.07,30,6.9,714.0,2,0.8,1,2,6,1,reseller,3,1
840.42,45,40.2,549.0,1,8.0,2,0,7,0,reseller,5,0
15326.29,30,11.0,688.0,1,37.5,2,2,12,1,direct,2,1
4290.46,30,47.5,624.0,1,18.2,4,0,5,1,online,1,0
11531.64,45,24.7,717.0,2,2.9,3,0,5,1,reseller,5,0
1383.15,45,7.1,740.0,1,5.3,2,1,11,0,direct,5,0
1586.29,30,26.6,716.0,0,0.0,3,2,7,0,direct,4,0
1279.58,90,12.5,687.0,0,0.0,3,0,12,1,online,5,0
4560.87,60,8.8,706.0,3,7.7,2,1,12,1,online,2,0
3863.72,30,22.9,574.0,2,6.8,3,0,3,0,reseller,1,0
2397.13,30,13.7,677.0,1,3.3,1,0,2,0,reseller,6,0
1461.67,45,3.3,608.0,0,0.0,4,3,3,1,reseller,5,0
1164.52,30,55.1,773.0,1,7.5,1,2,1,1,direct,3,0
3485.49,60,15.2,741.0,4,10.7,4,1,10,1,online,2,0
2394.6,30,5.9,741.0,1,4.8,2,1,8,1,reseller,0,0
1964.42,30,7.0,834.0,2,3.4,0,0,2,1,direct,0,1
14652.71,30,14.2,650.0,2,3.3,3,0,5,1,direct,5,0
3380.93,30,70.4,631.0,0,0.0,2,0,1,1,reseller,2,0
11419.05,60,21.3,648.0,0,0.0,3,0,8,1,online,4,1
2253.12,30,0.7,536.0,1,18.8,3,0,11,1,reseller,6,0
4538.26,60,2.0,543.0,1,6.9,4,2,5,0,direct,0,0
3463.63,15,36.0,736.0,0,0.0,2,0,9,1,reseller,1,0
790.08,45,7.6,554.0,2,16.4,0,0,7,0,reseller,0,0
13167.47,60,40.1,583.0,0,0.0,2,0,9,1,reseller,3,0
3223.95,30,6.2,671.0,3,7.3,3,0,12,1,online,6,1
7127.93,15,35.7,643.0,3,12.8,0,0,5,1,reseller,1,0
1850.43,60,8.8,760.0,1,3.0,2,3,6,1,reseller,0,0
3138.94,60,16.7,685.0,2,17.0,0,0,5,0,reseller,4,0
1668.75,30,16.6,608.0,3,1.1,8,0,9,1,online,3,0
11074.48,30,16.3,767.0,1,7.4,3,0,5,0,reseller,5,0
4818.74,60,26.3,746.0,0,0.0,2,3,12,0,direct,0,0
5066.21,30,1.4,553.0,1,7.1,1,3,8,0,direct,1,0
12361.79,45,8.8,703.0,0,0.0,6,0,5,1,online,5,1
10308.33,30,1.6,616.0,1,3.0,3,0,6,0,reseller,2,1
7250.37,30,57.0,613.0,1,4.2,2,0,1,1,online,1,0
1012.77,60,14.5,848.0,1,10.1,3,0,7,1,direct,6,0
1946.7,30,33.3,691.0,1,2.3,5,2,9,1,reseller,4,0
1475.13,60,4.4,660.0,1,6.6,3,3,3,0,direct,6,0
7007.81,30,2.1,688.0,0,0.0,4,0,8,0,direct,6,0
4245.38,30,16.1,759.0,1,16.8,1,0,7,1,direct,1,0
1041.63,30,16.0,617.0,1,27.7,1,0,5,0,direct,4,0
3072.14,30,10.9,632.0,1,9.3,1,0,10,1,reseller,4,0
948.9,60,19.9,739.0,1,17.7,2,0,9,1,online,2,1
3470.87,45,6.8,544.0,2,18.4,3,2,3,1,online,5,1
820.71,45,57.7,769.0,0,0.0,4,0,10,1,reseller,2,0
5860.23,30,5.5,536.0,1,5.6,5,1,3,1,online,0,1
5116.2,30,25.4,658.0,1,7.0,1,3,3,1,online,6,0
20275.2,15,62.5,536.0,2,20.9,3,0,7,0,direct,3,1
7809.42,45,8.2,585.0,2,3.7,1,0,3,0,direct,4,0
2488.36,30,25.4,797.0,0,0.0,4,0,1,1,online,5,0
7602.73,30,6.1,774.0,1,6.5,2,3,9,1,reseller,6,0
1034.94,30,42.4,784.0,0,0.0,3,2,10,1,reseller,4,0
1531.15,30,3.9,550.0,1,7.4,2,1,6,1,reseller,0,0
4913.92,45,19.3,585.0,2,1.2,0,0,4,1,direct,2,0
521.95,45,35.5,711.0,2,26.8,1,2,2,0,direct,5,0
3521.19,90,11.8,744.0,1,19.0,2,0,10,1,direct,5,0
1453.55,15,30.5,608.0,1,8.0,2,2,2,1,reseller,1,0
3988.52,30,83.7,628.0,1,12.7,1,0,7,1,direct,1,0
1380.27,15,5.9,578.0,0,0.0,5,0,1,1,direct,2,0
5333.82,60,37.1,829.0,0,0.0,5,3,7,1,direct,5,0
3704.84,45,85.7,637.0,0,0.0,2,3,1,1,reseller,4,0
12840.11,30,15.4,683.0,1,17.2,1,2,2,1,direct,4,0
3663.09,60,2.5,688.0,0,0.0,5,2,9,1,reseller,5,0
1822.97,30,12.4,780.0,4,17.6,1,0,4,1,reseller,2,1
2915.52,30,2.0,594.0,1,12.5,2,2,12,0,reseller,3,0
1085.92,30,39.8,785.0,2,17.9,4,0,8,1,online,3,0
5247.59,15,29.0,565.0,0,0.0,4,0,10,1,direct,0,0
6191.08,60,10.4,785.0,3,14.5,3,3,2,1,direct,2,0
33599.83,45,4.1,526.0,1,16.5,1,1,6,1,direct,0,0
2080.47,45,67.9,671.0,1,18.7,1,1,6,1,direct,2,0
2861.17,60,9.1,826.0,1,9.0,0,1,9,0,direct,6,0
2168.56,45,40.9,743.0,2,1.0,2,0,1,0,online,0,0
4406.79,30,31.3,718.0,0,0.0,0,0,8,1,online,1,0
5133.39,15,48.3,586.0,3,4.2,0,0,11,1,direct,3,0
3470.18,30,19.9,614.0,1,22.0,1,0,3,1,online,4,0
9678.8,60,30.9,801.0,1,25.4,1,0,4,1,direct,0,1
2089.58,60,10.6,723.0,0,0.0,2,2,5,1,direct,5,0
8844.55,45,25.8,760.0,1,7.3,2,1,10,1,reseller,3,0
5911.46,30,64.3,687.0,1,8.7,2,0,6,1,direct,4,0
3601.74,30,11.3,655.0,2,4.8,5,0,10,1,reseller,4,1
2742.31,60,3.0,749.0,0,0.0,1,0,4,1,online,0,0
32338.09,15,1.9,703.0,0,0.0,1,2,12,1,reseller,2,0
1745.32,30,52.0,665.0,3,11.7,3,3,12,1,online,5,0
4760.65,30,82.3,553.0,1,17.0,2,1,4,1,direct,3,0
1853.45,30,44.6,766.0,0,0.0,1,0,4,1,direct,6,1
18161.49,45,11.1,720.0,1,14.0,1,0,10,0,reseller,4,0
8088.06,90,11.5,625.0,1,5.3,3,3,9,0,online,5,1
1977.3,45,12.1,786.0,1,24.6,5,2,9,0,reseller,3,0
5775.24,30,49.2,702.0,0,0.0,1,2,4,0,reseller,3,0
4591.34,30,35.2,704.0,0,0.0,3,0,8,1,online,3,0
2287.09,60,19.6,760.0,1,15.9,2,2,6,1,reseller,1,0
7203.68,30,6.9,740.0,1,6.3,1,2,11,1,reseller,4,0
5168.69,30,6.0,706.0,1,16.1,4,1,9,0,online,4,0
4421.03,45,44.8,663.0,1,3.3,2,3,8,1,direct,0,0
3506.14,30,3.4,850.0,3,19.6,2,1,10,0,reseller,4,0
5366.6,15,9.3,614.0,5,6.6,1,0,6,1,online,2,1
4475.84,60,15.7,747.0,0,0.0,4,0,3,1,direct,1,1
3839.83,45,14.5,672.0,2,3.8,2,0,7,1,online,4,0
2044.86,30,45.2,721.0,1,12.1,5,3,7,0,reseller,4,0
16720.48,30,1.3,791.0,0,0.0,2,1,6,1,direct,1,0
1414.63,90,48.8,652.0,1,8.4,0,0,8,0,reseller,6,0
5350.11,45,9.4,734.0,1,17.1,3,0,6,1,direct,5,0
2729.25,45,27.8,704.0,2,1.3,0,1,1,1,direct,2,1
17740.27,15,40.6,622.0,0,0.0,5,3,11,0,reseller,0,0
1614.64,90,3.2,793.0,1,8.2,2,0,10,1,direct,3,0
1878.56,60,3.6,744.0,2,4.9,2,2,12,1,reseller,6,0
1521.06,30,60.9,641.0,2,4.1,5,0,8,1,direct,5,0
4871.31,30,20.9,779.0,2,15.6,1,0,11,0,direct,2,0
1058.13,45,17.3,605.0,1,3.3,3,3,8,0,reseller,5,1
2366.87,60,5.5,677.0,2,9.9,3,2,12,1,reseller,5,0
524.72,45,4.1,641.0,2,2.5,1,0,3,1,direct,4,0
4520.51,90,12.5,748.0,3,2.0,1,3,4,1,direct,1,0
2321.12,45,43.7,637.0,0,0.0,2,0,6,1,direct,3,0
954.08,30,32.4,748.0,2,11.5,6,0,3,1,direct,1,0
9672.56,30,4.5,734.0,1,4.9,2,0,7,1,online,4,0
1122.26,60,23.9,646.0,0,0.0,4,2,5,1,online,0,0
7459.54,30,1.5,845.0,0,0.0,3,3,5,1,direct,5,0
1937.32,30,44.7,613.0,0,0.0,1,0,5,1,direct,3,0
15389.09,45,17.1,553.0,1,9.4,1,2,9,1,direct,6,0
7148.05,30,3.6,757.0,0,0.0,7,1,2,1,direct,6,0
1469.62,60,21.2,487.0,2,10.7,2,0,1,0,online,3,1
1594.99,15,11.8,814.0,0,0.0,6,0,11,0,reseller,6,0
6279.04,30,19.3,689.0,2,14.9,4,3,7,0,direct,4,0
2875.15,30,52.2,552.0,0,0.0,8,3,10,0,direct,3,0
3126.26,45,42.3,595.0,4,2.7,5,1,1,0,direct,2,1
11441.64,45,40.8,533.0,0,0.0,1,1,3,1,direct,6,0
1856.0,30,46.2,714.0,2,4.4,1,3,6,1,direct,6,1
3952.74,30,10.9,561.0,0,0.0,8,0,7,1,direct,6,0
8596.97,15,95.8,725.0,0,0.0,2,0,11,0,direct,5,1
7541.72,45,13.3,653.0,4,4.2,1,2,2,1,direct,6,1
3153.75,90,119.0,637.0,1,9.4,4,0,6,1,direct,5,1
2807.32,45,10.6,726.0,0,0.0,3,0,2,1,direct,2,0
761.33,30,5.7,736.0,4,14.2,0,1,12,1,online,3,0
1407.23,45,17.4,783.0,0,0.0,2,3,8,1,reseller,0,0
4848.98,30,0.0,623.0,0,0.0,2,0,10,1,reseller,3,0
3216.04,15,20.7,677.0,1,10.1,3,3,8,1,direct,1,0
3894.94,30,46.0,623.0,1,9.8,2,1,12,0,direct,5,0
9277.32,15,1.2,695.0,2,37.5,3,3,12,1,direct,6,0
1250.64,30,44.8,610.0,1,6.6,2,2,11,0,direct,0,0
2943.74,45,20.3,642.0,2,8.4,5,3,3,1,direct,3,1
4314.95,30,11.1,642.0,2,8.8,2,0,11,1,reseller,3,0
1931.89,45,64.0,706.0,3,3.3,5,0,4,1,direct,4,0
13204.72,60,0.7,680.0,1,13.6,4,0,4,0,reseller,1,0
8248.02,30,23.2,726.0,0,0.0,0,1,1,1,direct,0,0
4727.35,30,15.2,670.0,2,6.3,3,3,10,1,direct,4,0
18302.79,45,23.9,628.0,3,14.1,3,1,11,0,reseller,1,0
944.82,15,49.7,697.0,1,12.6,6,1,5,1,reseller,3,0
3615.72,30,31.4,597.0,0,0.0,5,2,10,1,online,5,0
5062.94,30,5.5,731.0,0,0.0,2,2,11,1,direct,4,1
1598.63,60,5.7,654.0,1,1.8,6,0,7,0,direct,6,1
4772.58,60,26.4,698.0,0,0.0,4,2,6,1,reseller,0,0
1344.9,60,23.7,700.0,0,0.0,2,1,8,1,direct,0,0
6778.44,45,5.4,824.0,0,0.0,4,0,1,0,direct,6,0
9433.77,30,61.8,714.0,1,19.7,3,0,6,1,online,6,1
4652.22,60,53.8,687.0,0,0.0,2,2,11,1,direct,4,0
687.1,60,0.3,618.0,5,5.4,0,2,5,1,reseller,6,0
1525.21,30,5.4,752.0,0,0.0,4,3,9,0,direct,2,0
6052.57,90,10.2,656.0,0,0.0,4,0,1,1,online,6,0
3711.08,60,14.9,543.0,3,5.9,1,3,9,1,online,5,0
322.27,30,9.7,662.0,0,0.0,3,0,4,1,reseller,2,1
11142.78,15,6.3,697.0,0,0.0,3,0,11,1,direct,4,0
4117.46,30,4.1,606.0,1,20.5,1,0,9,1,reseller,1,1
1742.08,45,23.8,669.0,3,16.8,4,0,12,0,direct,3,0
8914.73,15,33.6,674.0,0,0.0,1,0,2,1,online,3,1
1978.74,30,21.1,675.0,1,12.8,1,0,10,0,online,1,0
1959.4,45,4.8,791.0,2,7.9,3,0,4,0,reseller,1,0
5026.69,60,28.4,562.0,0,0.0,2,0,7,1,reseller,2,0
18086.74,60,0.5,850.0,1,15.2,3,0,3,1,direct,4,1
15697.06,45,101.4,677.0,1,11.7,0,0,3,1,direct,0,0
5032.84,30,44.2,732.0,0,0.0,4,0,11,1,online,3,0
5520.08,15,6.6,692.0,1,11.4,3,1,9,1,direct,2,0
7423.08,45,1.7,525.0,0,0.0,4,0,7,0,direct,5,1
1174.64,30,9.8,585.0,2,7.4,2,0,7,1,direct,3,0
6501.14,30,23.5,633.0,0,0.0,0,2,7,1,direct,4,0
1880.58,90,28.6,769.0,0,0.0,3,2,7,1,direct,5,0
4849.5,30,6.9,555.0,0,0.0,5,0,10,0,direct,6,0
2966.92,45,21.5,603.0,2,6.7,4,3,8,1,direct,4,1
5716.36,45,2.1,695.0,0,0.0,1,1,11,0,reseller,4,0
4049.27,60,35.6,723.0,2,13.3,6,0,10,1,online,1,0
229.13,30,18.6,720.0,1,5.2,5,0,3,0,direct,0,1
4276.98,30,17.7,591.0,0,0.0,5,0,4,0,reseller,6,1
6489.48,30,13.2,536.0,2,17.8,3,0,7,1,direct,2,1
5438.92,45,41.5,729.0,2,13.6,1,0,4,1,direct,1,0
3319.84,30,54.3,809.0,3,10.4,2,2,9,0,reseller,3,0
15961.67,30,3.6,649.0,0,0.0,4,3,3,0,reseller,4,0
4818.59,45,10.0,577.0,1,4.3,2,1,6,1,direct,1,0
5398.66,15,0.3,641.0,2,1.9,4,1,10,1,online,2,1
9321.16,30,8.7,715.0,3,15.0,2,3,7,0,direct,5,0
5045.91,30,6.9,659.0,1,11.3,3,0,6,1,direct,0,1
1622.6,30,1.8,807.0,0,0.0,8,1,12,1,direct,3,0
405.65,15,1.9,763.0,2,18.0,4,0,8,1,reseller,5,0
2369.87,30,30.9,697.0,3,7.4,3,3,10,1,direct,1,1
7221.74,90,11.5,504.0,0,0.0,5,2,7,1,direct,4,0
2649.73,90,28.6,618.0,2,10.7,3,1,8,1,direct,5,0
7488.03,45,12.4,631.0,1,8.5,3,2,11,1,direct,3,0
4162.43,45,13.7,613.0,5,10.5,5,2,3,1,reseller,2,0
11605.79,45,20.4,697.0,1,6.1,4,0,7,0,reseller,2,1
2791.42,60,1.9,699.0,1,16.2,3,1,4,1,reseller,5,0
5546.12,30,29.0,529.0,1,13.0,2,0,12,1,reseller,5,0
5740.47,15,2.2,752.0,2,9.0,1,0,6,1,direct,5,1
14064.96,45,2.9,681.0,2,3.8,3,3,8,0,reseller,5,0
783.7,90,2.6,712.0,0,0.0,6,0,1,1,reseller,2,1
2410.12,30,21.8,747.0,2,11.8,1,3,7,1,direct,5,0
7813.94,30,6.4,611.0,0,0.0,1,1,6,1,online,0,1
14636.99,30,18.7,793.0,0,0.0,1,0,1,1,direct,0,0
4519.08,30,16.2,667.0,1,1.3,8,2,1,1,reseller,3,0
2797.74,45,12.8,816.0,0,0.0,3,1,6,0,direct,1,0
7196.91,30,4.0,600.0,1,4.8,3,0,11,1,direct,6,0
7957.2,60,0.7,809.0,1,12.3,3,0,5,1,direct,0,0
2634.12,45,12.8,599.0,1,4.2,7,2,11,1,direct,1,1
4901.4,15,30.8,850.0,1,11.6,1,1,7,1,reseller,2,0
10535.17,60,8.5,594.0,1,12.4,4,0,8,1,reseller,2,0
19958.55,45,9.7,775.0,1,7.6,2,3,5,1,direct,0,0
7103.51,30,12.8,647.0,2,8.5,4,3,10,1,direct,6,1
3788.5,30,13.8,744.0,1,5.7,4,0,4,1,direct,1,0
3468.0,60,6.1,676.0,2,38.4,4,0,9,1,online,5,0
6012.87,30,13.7,582.0,1,17.0,3,0,12,1,online,4,0
3280.97,30,47.4,428.0,2,10.4,4,0,7,1,direct,1,1
4318.56,30,4.2,850.0,0,0.0,1,1,4,1,online,4,0
1405.17,30,18.8,687.0,0,0.0,1,2,6,0,direct,0,0
11700.09,45,46.2,415.0,0,0.0,1,0,11,0,reseller,1,0
1304.84,30,81.1,707.0,1,4.3,2,0,7,1,reseller,6,0
2467.84,45,25.4,742.0,0,0.0,2,0,10,0,direct,5,0
3975.21,30,12.7,616.0,0,0.0,3,0,11,1,direct,2,0
21848.51,60,1.4,616.0,0,0.0,5,0,4,1,reseller,4,0
2488.87,30,0.1,678.0,1,2.7,1,1,2,1,reseller,1,0
1999.37,60,6.2,788.0,0,0.0,0,0,5,1,direct,3,0
2217.79,60,11.0,689.0,0,0.0,1,0,3,1,direct,0,0
16203.9,30,64.1,812.0,3,21.1,1,0,9,1,online,0,0
289.71,45,16.1,782.0,1,11.9,4,3,7,0,direct,6,0
1476.66,30,19.3,659.0,0,0.0,3,3,5,0,direct,4,1
42538.29,60,22.1,539.0,1,16.6,1,1,10,1,direct,1,0
6196.83,45,5.3,660.0,0,0.0,6,3,1,0,direct,5,0
1345.62,30,2.1,727.0,2,13.1,2,3,2,1,reseller,3,0
3506.15,30,7.1,685.0,1,7.0,3,1,7,1,direct,1,0
3868.84,30,56.4,737.0,2,21.1,2,2,3,1,direct,6,0
7797.14,60,2.8,758.0,0,0.0,3,0,7,1,online,0,0
19063.9,45,7.6,728.0,0,0.0,3,0,2,1,online,5,0
5165.19,15,9.0,655.0,1,4.5,3,0,4,1,direct,2,0
2239.91,30,25.3,727.0,2,8.6,4,2,8,1,reseller,6,0
7393.64,30,19.8,850.0,1,5.9,5,2,1,1,reseller,4,0
1942.19,30,25.3,546.0,0,0.0,3,0,5,1,direct,4,0
1436.55,15,24.1,724.0,4,6.1,3,2,6,1,reseller,6,0
747.01,30,24.0,845.0,3,15.1,2,3,10,1,direct,1,0
890.15,60,3.1,574.0,2,5.7,4,0,12,1,direct,2,0
1624.9,30,92.4,770.0,1,4.8,5,2,2,0,direct,2,0
1261.41,45,32.4,782.0,0,0.0,1,3,12,0,reseller,5,1
4826.67,30,8.3,547.0,0,0.0,1,2,12,1,reseller,4,1
1237.12,30,35.8,744.0,1,5.7,4,2,11,1,online,5,0
215.01,45,55.7,656.0,2,19.5,2,2,8,1,reseller,2,0
1422.94,30,63.1,675.0,1,32.3,4,0,5,1,direct,6,0
2381.12,30,48.6,651.0,2,7.1,2,0,2,1,reseller,0,0
2111.38,90,15.4,798.0,1,20.2,5,3,3,0,direct,4,0
14293.67,60,7.6,670.0,0,0.0,1,0,12,0,reseller,6,0
2096.05,45,8.0,638.0,1,18.8,4,2,12,1,online,6,1
8045.2,15,68.3,640.0,1,1.8,2,0,9,1,direct,0,0
3579.28,15,46.4,649.0,2,7.0,3,3,11,0,online,6,0
3504.93,30,14.4,583.0,0,0.0,1,0,7,0,direct,5,0
1716.7,60,12.1,638.0,3,15.6,2,3,3,0,direct,0,0
3453.33,60,11.6,691.0,1,17.8,1,3,9,1,direct,6,0
1828.8,30,23.2,716.0,1,9.6,0,0,6,1,online,3,0
4242.98,90,65.8,788.0,2,12.0,2,1,7,1,reseller,2,0
2943.56,15,7.6,702.0,1,7.7,5,1,8,1,reseller,2,0
1555.94,30,31.2,637.0,0,0.0,1,0,10,1,direct,0,1
8890.2,30,19.1,589.0,3,7.8,2,0,8,1,online,5,0
5346.28,30,18.6,707.0,0,0.0,2,1,10,1,reseller,6,0
2432.67,60,62.6,669.0,1,6.2,0,0,8,1,direct,2,0
4150.33,60,51.3,672.0,3,4.9,0,1,3,0,reseller,6,0
3376.38,15,29.0,704.0,2,21.2,3,0,12,0,direct,6,1
1667.65,30,11.8,727.0,1,19.8,2,3,3,1,direct,2,1
3879.44,30,18.4,704.0,1,5.6,5,1,2,1,direct,6,0
2082.01,15,0.5,665.0,1,12.3,2,0,10,1,direct,5,0
1555.51,30,27.7,608.0,4,19.7,3,3,11,1,online,2,0
845.15,30,52.0,625.0,0,0.0,3,0,3,0,direct,0,0
2636.62,30,13.8,756.0,3,13.0,3,0,4,1,direct,4,0
6064.9,30,40.5,642.0,0,0.0,3,0,3,1,direct,3,0
1948.48,30,2.8,559.0,0,0.0,6,0,7,0,direct,0,1
35194.24,60,29.4,784.0,1,17.2,0,0,6,1,direct,1,0
8079.76,30,5.1,595.0,1,2.1,2,3,7,0,reseller,2,1
11776.92,30,1.1,683.0,0,0.0,4,2,4,1,reseller,6,0
7448.13,30,10.3,724.0,1,7.9,1,0,9,1,direct,4,0
19294.56,45,16.4,680.0,0,0.0,4,0,4,1,online,1,0
1793.09,15,15.7,457.0,0,0.0,3,0,5,1,direct,1,1
363.34,15,61.0,715.0,0,0.0,4,3,6,1,direct,6,0
2436.91,45,14.1,799.0,1,22.7,3,1,2,0,direct,1,0
6017.32,45,4.3,751.0,2,4.1,4,0,5,0,reseller,6,0
4172.89,30,7.8,489.0,2,17.3,1,0,11,1,direct,6,0
4665.38,30,19.3,850.0,1,26.0,3,0,4,1,online,4,0
11953.97,90,22.8,561.0,1,6.2,0,0,3,1,direct,4,0
5135.09,15,3.5,583.0,2,24.7,3,0,9,1,reseller,6,1
7472.77,30,19.2,750.0,1,20.2,3,1,3,0,direct,3,1
1563.05,30,11.0,721.0,1,7.7,4,0,9,1,online,3,0
1358.51,30,5.3,687.0,2,11.1,4,0,1,0,direct,5,0
15563.79,45,25.5,629.0,1,5.3,1,0,3,1,direct,1,0
3987.07,45,11.6,800.0,0,0.0,1,0,7,1,direct,3,0
2077.86,30,25.5,676.0,1,48.3,5,0,11,1,direct,5,1
2081.29,45,66.1,539.0,0,0.0,5,0,8,1,direct,4,0
2030.0,30,8.1,791.0,2,6.7,3,3,2,1,direct,2,0
1923.57,45,0.5,700.0,0,0.0,3,3,7,1,direct,2,0
1147.3,15,56.4,780.0,1,13.0,3,2,1,1,reseller,4,0
943.52,30,23.9,732.0,1,4.6,7,0,2,1,direct,2,0
3054.88,45,7.4,850.0,3,3.5,2,2,3,1,direct,2,0
2135.31,30,3.9,652.0,1,12.8,2,3,11,1,reseller,1,0
9861.99,15,25.1,681.0,4,5.2,5,0,11,1,direct,0,0
4739.89,30,5.0,745.0,1,17.7,2,3,1,1,reseller,4,0
4622.94,45,12.5,653.0,4,2.0,0,2,5,1,direct,2,0
1865.33,15,12.8,752.0,2,14.8,3,1,12,1,reseller,4,0
3265.19,45,74.9,415.0,0,0.0,4,0,6,1,reseller,6,1
5038.69,45,11.3,673.0,1,13.7,2,3,5,0,reseller,1,0
6936.66,45,21.3,671.0,3,18.5,1,3,6,1,reseller,5,0
3345.92,30,26.6,667.0,1,5.8,1,1,7,0,direct,5,0
9616.27,60,38.4,601.0,1,19.0,3,1,3,1,online,1,0
3667.22,30,10.5,762.0,2,13.6,4,0,9,1,online,1,1
7432.09,60,3.3,635.0,5,11.3,0,0,4,1,online,2,0
2342.87,45,8.5,698.0,1,22.9,2,0,7,1,direct,4,0
712.42,15,67.1,677.0,0,0.0,2,0,9,1,reseller,4,0
4635.61,45,3.8,725.0,1,4.9,4,3,11,1,online,0,0
6993.89,30,36.9,809.0,1,7.6,0,0,9,0,online,0,0
6110.8,30,0.6,698.0,0,0.0,3,2,10,1,direct,6,0
5323.94,30,97.8,756.0,0,0.0,4,0,1,1,online,1,0
2660.51,45,19.0,693.0,1,4.4,2,3,7,1,direct,0,0
1761.51,45,28.3,634.0,1,17.6,1,1,4,1,direct,1,0
5982.27,60,7.9,667.0,2,7.4,0,0,1,1,online,0,0
5344.39,30,77.2,654.0,0,0.0,4,0,9,0,direct,3,0
2197.75,45,1.8,731.0,1,15.8,2,0,8,1,direct,0,0
9882.11,45,1.9,690.0,1,7.9,3,0,11,1,online,0,1
1644.88,45,77.2,609.0,0,0.0,1,0,10,1,reseller,3,0
2153.46,30,1.2,660.0,0,0.0,1,0,6,1,direct,4,1
15879.48,30,0.5,543.0,0,0.0,6,2,10,0,reseller,3,0
7956.33,45,8.5,663.0,0,0.0,3,2,5,1,direct,1,0
2638.04,30,16.0,680.0,0,0.0,2,0,7,0,reseller,1,1
4715.65,30,17.0,843.0,3,6.6,2,0,2,1,direct,3,0
4185.21,30,68.2,801.0,0,0.0,1,1,5,0,reseller,5,0
307.65,30,1.1,587.0,1,5.3,0,2,7,1,direct,3,0
1610.3,15,61.4,698.0,2,6.2,5,3,5,0,reseller,0,1
3478.09,15,19.5,700.0,3,2.8,2,0,4,1,reseller,2,0
2641.36,45,6.9,659.0,0,0.0,2,2,5,1,reseller,6,0
4547.77,90,79.7,665.0,1,9.0,1,0,7,0,reseller,6,0
10062.13,30,54.2,648.0,1,13.8,3,0,9,0,reseller,3,0
2726.07,15,8.7,849.0,0,0.0,2,0,2,1,online,6,0
1405.45,60,3.9,643.0,2,5.2,2,0,9,0,direct,3,1
4877.39,30,15.6,711.0,0,0.0,3,0,10,1,reseller,5,0
2713.62,90,17.0,452.0,1,8.5,3,1,8,0,direct,5,0
3163.84,30,27.5,754.0,0,0.0,1,3,2,1,online,3,0
2800.08,30,2.0,787.0,1,2.1,3,0,10,1,online,5,0
27382.35,30,2.3,585.0,0,0.0,5,0,4,1,direct,6,1
484.62,30,35.4,634.0,1,9.6,0,0,6,1,online,5,0
2567.02,45,89.2,721.0,2,1.2,2,1,3,0,reseller,3,0
3628.88,15,12.6,682.0,0,0.0,3,0,7,1,direct,2,0
1802.58,60,59.9,722.0,3,17.0,5,0,12,1,direct,1,0
8183.24,45,1.0,654.0,1,10.5,1,0,11,0,reseller,5,0
7569.88,60,22.5,848.0,2,8.7,0,1,5,1,reseller,4,0
3487.78,60,7.8,620.0,3,5.7,4,0,7,0,online,0,0
2853.76,30,48.6,850.0,0,0.0,5,3,4,0,direct,4,0
3291.96,30,36.8,792.0,2,10.0,2,0,4,1,reseller,4,1
3313.27,60,9.6,755.0,3,19.7,2,2,2,0,direct,4,0
3392.98,30,9.7,586.0,1,26.4,0,3,6,1,direct,2,0
3074.2,15,28.3,762.0,1,4.3,6,3,4,1,direct,5,0
4569.71,30,4.8,734.0,2,10.7,3,1,4,0,online,0,0
7171.65,30,11.4,489.0,1,11.2,8,3,3,1,direct,1,1
1203.23,60,65.7,554.0,1,7.1,4,3,3,1,reseller,5,0
1414.32,30,77.1,712.0,0,0.0,4,0,2,1,direct,5,0
754.71,45,28.1,668.0,1,11.5,7,2,8,1,direct,6,0
7940.71,90,27.2,634.0,3,3.3,5,0,1,0,reseller,6,0
4560.97,30,12.3,777.0,0,0.0,0,2,1,1,direct,0,0
5737.28,45,27.3,600.0,0,0.0,1,2,12,1,online,1,0
1005.71,15,0.5,639.0,0,0.0,3,0,4,1,reseller,1,0
18150.5,15,6.7,622.0,2,9.6,6,0,1,0,direct,3,0
2104.92,30,100.3,726.0,1,10.2,10,1,8,0,online,0,1
4236.04,30,0.6,525.0,1,11.5,5,0,7,1,direct,6,0
7855.32,30,13.2,635.0,0,0.0,5,0,3,0,online,6,0
1497.75,30,22.4,525.0,0,0.0,5,1,4,1,reseller,5,0
2226.77,30,12.8,652.0,1,29.5,1,1,12,1,reseller,0,0
4278.06,15,1.4,745.0,1,12.6,9,0,6,1,direct,3,0
47654.19,45,19.8,747.0,0,0.0,1,1,8,0,direct,4,1
4774.35,15,100.1,615.0,2,7.1,4,1,10,1,online,2,0
15455.57,60,18.7,728.0,1,14.4,5,0,8,1,reseller,0,0
10776.31,60,28.8,663.0,1,0.3,2,1,2,0,reseller,2,0
5070.57,45,8.1,802.0,1,31.2,0,1,7,1,reseller,4,0
1494.76,30,22.2,668.0,2,13.0,1,1,9,1,online,2,0
9450.08,45,111.0,412.0,1,7.1,1,2,10,1,direct,6,1
945.49,45,95.9,761.0,1,2.7,9,1,12,1,reseller,5,0
15379.45,60,17.7,639.0,3,13.2,2,0,9,1,online,1,0
4359.03,90,23.2,655.0,1,6.5,1,0,5,0,online,6,1
335.22,30,19.6,710.0,0,0.0,3,0,11,1,reseller,4,0
2679.93,45,15.8,552.0,3,28.8,4,0,4,1,reseller,2,0
6558.74,60,3.8,687.0,0,0.0,2,0,4,0,direct,4,0
2941.51,15,4.0,728.0,0,0.0,3,0,9,1,direct,6,0
6929.24,30,65.0,713.0,1,8.0,4,3,6,0,reseller,2,0
1694.22,45,28.8,626.0,0,0.0,3,2,5,1,reseller,1,0
1123.96,45,0.4,769.0,0,0.0,3,3,7,1,direct,6,0
3414.2,30,19.1,590.0,1,16.5,5,3,4,0,online,4,1
3745.87,30,9.3,624.0,2,8.2,2,2,5,0,direct,4,1
2660.99,30,26.8,668.0,3,2.3,1,3,6,0,reseller,6,0
10988.03,30,36.9,707.0,0,0.0,5,2,4,0,reseller,1,0
1693.94,60,30.7,651.0,0,0.0,4,3,7,1,online,5,0
4826.37,60,9.3,791.0,3,7.9,1,3,1,0,direct,0,0
3870.63,30,32.3,707.0,2,8.8,5,1,11,1,direct,1,0
896.91,30,89.5,687.0,0,0.0,5,2,5,1,direct,5,0
1110.84,45,82.0,703.0,1,12.9,7,1,12,0,reseller,2,0
3680.19,45,4.5,746.0,1,34.1,1,0,6,0,direct,0,0
21656.91,30,41.3,702.0,1,3.0,3,0,8,1,reseller,2,1
6132.41,30,18.3,517.0,3,2.4,3,0,10,0,direct,6,1
770.41,15,0.1,778.0,2,15.6,1,2,10,1,online,3,0
221.53,45,22.8,691.0,1,20.9,3,3,9,1,direct,0,0
7042.71,45,26.7,742.0,1,15.1,2,3,5,1,direct,4,0
3338.94,30,19.7,643.0,2,39.5,5,3,5,1,direct,6,0
10169.41,60,52.3,516.0,0,0.0,5,0,9,1,direct,4,0
1648.06,45,1.3,475.0,0,0.0,4,0,9,0,online,1,0
4990.0,60,12.5,595.0,0,0.0,3,1,7,0,reseller,2,0
7797.48,30,9.3,727.0,0,0.0,0,0,2,1,reseller,5,0
2433.98,30,3.3,797.0,1,22.8,4,0,7,0,direct,1,0
2481.26,60,2.4,707.0,3,8.7,0,3,4,1,direct,6,0
3724.68,90,2.1,585.0,1,18.8,4,2,7,1,direct,1,0
5933.73,90,62.2,609.0,0,0.0,1,1,4,0,direct,1,0
3594.28,60,23.9,802.0,0,0.0,2,0,9,1,direct,6,0
8748.14,30,5.7,562.0,0,0.0,4,2,1,1,direct,5,1
2402.48,30,8.1,850.0,3,16.0,5,1,7,1,reseller,2,0
1101.52,30,28.6,849.0,4,6.6,4,0,11,1,direct,5,1
21574.73,60,117.0,850.0,1,1.1,2,2,2,1,online,0,0
2112.93,30,6.2,714.0,0,0.0,6,1,6,0,direct,5,0
2182.88,45,30.0,649.0,3,18.6,3,1,11,0,direct,6,1
3431.58,60,4.2,712.0,0,0.0,5,0,4,0,direct,2,0
3867.88,90,0.2,762.0,0,0.0,4,1,8,1,reseller,1,0
2570.83,60,17.2,621.0,4,3.5,3,0,9,1,online,5,1
3584.27,30,5.5,581.0,1,26.9,2,0,8,1,online,4,1
3512.96,30,36.7,654.0,0,0.0,2,0,7,0,direct,6,0
4261.33,90,1.1,610.0,1,6.2,5,0,2,1,direct,0,0
436.27,30,22.9,792.0,2,6.0,5,3,11,0,online,0,0
19787.16,30,57.6,625.0,2,9.5,1,0,8,0,direct,0,1
3188.93,90,3.4,689.0,2,17.8,3,0,9,1,reseller,5,0
6139.88,45,9.2,768.0,0,0.0,0,0,1,1,online,0,0
1053.33,30,25.9,795.0,0,0.0,5,2,11,1,direct,0,0
2382.96,15,10.9,699.0,0,0.0,3,2,10,0,direct,1,1
1988.06,30,56.0,715.0,1,7.7,3,1,9,0,reseller,1,0
13667.16,60,2.5,588.0,2,5.8,2,0,3,0,reseller,4,1
2149.02,45,14.5,772.0,1,29.3,1,0,10,1,direct,2,0
7203.14,30,1.2,794.0,1,18.9,5,1,4,1,online,1,1
2027.63,30,29.6,512.0,0,0.0,4,3,6,1,reseller,6,0
2422.71,60,10.9,839.0,4,0.9,2,1,6,1,direct,4,0
2919.02,60,38.3,617.0,0,0.0,4,2,2,0,direct,5,1
11561.79,30,17.3,734.0,3,5.5,5,3,2,1,online,4,0
664.56,45,17.0,687.0,1,18.5,3,1,6,1,online,6,0
1114.21,30,9.3,675.0,1,19.5,4,1,8,0,direct,6,1
631.08,30,7.1,661.0,1,9.3,4,0,7,1,direct,2,0
1368.2,30,2.4,591.0,2,6.6,6,0,6,0,direct,2,0
1753.83,30,11.1,727.0,1,9.6,1,3,4,1,direct,5,0
851.47,30,6.6,654.0,0,0.0,3,0,11,0,direct,3,1
1880.45,30,47.0,562.0,3,14.4,1,3,3,0,online,4,0
593.93,30,52.7,587.0,1,10.0,4,1,3,1,direct,4,1
1456.53,30,42.2,564.0,1,14.7,2,2,5,0,direct,0,1
10725.49,15,23.2,633.0,2,8.9,1,1,5,0,online,2,1
5235.56,45,26.5,724.0,2,5.4,4,0,6,1,direct,0,0
4310.12,30,21.5,616.0,2,11.5,4,2,3,1,direct,4,1
1476.6,15,10.6,768.0,2,6.2,3,3,8,0,reseller,0,0
913.72,90,4.7,669.0,0,0.0,6,0,7,1,direct,6,0
1306.05,30,40.3,654.0,2,13.7,6,0,4,0,direct,3,0
3502.08,60,29.8,682.0,2,5.9,4,0,11,0,direct,3,0
7953.43,45,8.3,806.0,0,0.0,3,3,1,1,reseller,4,0
8201.98,45,11.5,557.0,1,14.4,1,0,4,1,direct,3,0
6422.43,30,48.8,829.0,1,12.5,0,0,4,1,online,0,0
1874.69,30,9.3,766.0,0,0.0,3,2,4,1,direct,5,0
3722.29,60,15.0,678.0,1,18.8,3,0,3,1,online,1,1
2726.55,60,21.6,786.0,2,18.9,5,1,10,0,online,4,0
3037.92,30,14.6,651.0,0,0.0,2,0,8,1,direct,5,0
22774.92,45,13.1,706.0,0,0.0,5,2,10,1,online,0,0
745.61,30,21.6,631.0,1,7.1,4,0,5,1,direct,0,0
2947.73,60,33.8,767.0,0,0.0,3,1,7,1,direct,0,0
10835.4,60,24.9,616.0,0,0.0,3,0,8,0,direct,4,0
973.31,15,64.4,675.0,1,14.5,3,0,9,0,online,6,0
2039.84,60,107.2,741.0,1,18.8,5,0,5,1,direct,3,0
2261.68,90,0.8,774.0,2,2.9,3,0,7,1,direct,5,0
2978.1,45,28.3,606.0,1,18.2,2,1,7,1,online,0,0
865.79,15,8.0,748.0,2,9.4,3,0,2,1,online,1,0
6221.44,60,17.8,592.0,2,34.9,4,3,1,1,online,5,0
6631.98,45,3.7,486.0,1,9.1,5,0,12,1,online,6,1
5753.35,30,12.7,613.0,0,0.0,3,0,8,1,direct,5,0
1663.47,60,9.2,755.0,1,13.4,7,0,8,1,direct,0,0
3935.76,30,24.3,679.0,2,13.9,5,0,1,1,direct,3,0
1620.52,60,38.9,632.0,2,39.7,8,2,12,0,reseller,5,0
2699.07,45,1.0,685.0,2,8.0,2,0,10,1,online,3,1
25288.91,30,0.5,682.0,2,9.0,2,2,4,1,online,1,0
3968.43,90,43.3,736.0,2,6.9,4,1,11,0,reseller,0,0
1250.41,30,11.2,535.0,2,11.9,3,2,9,1,reseller,4,0
4282.54,30,21.5,671.0,1,9.0,3,0,7,1,online,6,1
1078.56,30,6.9,691.0,0,0.0,0,0,1,1,direct,0,1
1237.55,15,19.5,557.0,1,28.2,3,0,1,1,reseller,6,1
1426.51,45,9.3,556.0,4,6.7,4,0,4,1,online,5,0
2440.9,30,10.3,647.0,1,13.4,2,1,4,1,direct,6,0
8461.42,60,7.8,681.0,0,0.0,3,1,9,1,direct,2,0
6127.6,90,29.7,681.0,0,0.0,2,0,2,1,online,5,0
5829.55,45,2.7,630.0,2,9.2,4,2,3,0,online,1,0
1354.2,30,46.2,626.0,3,9.6,3,1,1,1,reseller,4,0
2236.83,45,10.6,644.0,1,4.0,1,1,7,0,direct,0,1
4650.83,15,7.2,707.0,2,8.5,3,0,8,1,direct,6,0
2068.36,60,30.4,792.0,1,3.8,4,0,11,1,direct,3,0
2834.07,30,96.3,480.0,1,33.9,4,2,9,1,direct,6,0
5416.6,60,0.4,736.0,3,7.4,3,0,2,0,direct,5,0
2660.06,30,45.3,670.0,3,18.9,2,0,8,1,direct,6,0
4462.45,30,43.1,727.0,0,0.0,2,0,3,1,reseller,4,0
15267.1,90,22.5,787.0,0,0.0,4,2,2,1,reseller,0,0
3119.19,30,49.9,612.0,0,0.0,3,0,3,0,direct,6,1
10523.9,60,24.8,765.0,1,6.4,3,0,3,1,direct,5,0
6023.56,60,70.0,567.0,2,5.7,5,2,11,0,direct,2,0
972.12,30,7.4,691.0,0,0.0,1,2,4,0,direct,2,0
1350.29,30,37.6,658.0,1,13.1,1,1,4,1,online,5,1
1719.46,30,26.4,684.0,1,13.9,3,0,5,1,direct,5,0
1686.9,60,111.8,591.0,0,0.0,3,0,2,1,direct,1,0
3356.79,90,3.8,719.0,0,0.0,6,0,3,1,online,0,0
6330.79,30,13.4,823.0,3,13.8,3,0,10,0,direct,4,0
11267.1,45,25.9,593.0,0,0.0,3,2,11,1,direct,3,0
4804.74,30,16.1,697.0,1,15.7,4,3,11,1,reseller,4,0
2437.89,45,1.5,757.0,1,5.4,4,1,1,1,online,6,0
558.91,60,9.7,653.0,1,7.0,0,0,8,1,online,4,0
3879.77,60,16.1,802.0,1,2.0,0,0,6,0,reseller,4,0
3726.38,30,8.9,641.0,0,0.0,1,0,11,1,direct,0,0
4292.55,30,19.4,670.0,0,0.0,6,0,12,1,direct,0,0
24236.53,30,26.1,591.0,0,0.0,2,0,5,0,direct,6,1
11120.4,15,18.0,691.0,3,21.6,2,0,12,1,online,6,0
7380.19,30,12.0,680.0,2,5.1,3,0,4,1,reseller,5,0
1531.7,60,14.8,737.0,0,0.0,5,0,4,0,online,1,0
2294.58,30,46.4,623.0,1,4.2,2,1,7,1,reseller,5,0
3343.05,30,50.8,619.0,0,0.0,0,1,8,1,reseller,6,0
1811.9,45,5.5,722.0,1,4.6,1,0,12,0,direct,0,0
5712.53,30,29.5,806.0,1,21.2,2,3,10,0,reseller,1,0
5020.16,30,0.8,737.0,2,6.7,5,0,11,1,reseller,1,1
1367.2,60,26.6,846.0,0,0.0,2,1,3,0,direct,3,0
10690.76,15,8.0,730.0,2,11.6,2,1,12,1,online,5,0
3992.13,30,13.1,727.0,1,21.3,4,0,7,1,reseller,0,0
768.04,30,0.3,741.0,0,0.0,1,3,10,0,direct,2,1
3476.54,30,8.0,814.0,1,12.7,7,0,12,0,direct,6,0
4689.52,30,13.5,791.0,2,16.1,2,3,6,1,online,1,0
8738.67,30,1.1,582.0,0,0.0,6,2,11,1,direct,4,1
2687.24,30,16.0,752.0,2,26.4,1,3,2,1,reseller,2,0
7670.56,60,23.8,704.0,0,0.0,5,0,11,1,direct,0,0
4308.86,30,8.8,663.0,2,45.8,3,1,12,1,reseller,2,0
1114.82,30,3.4,520.0,1,10.3,1,0,8,1,direct,5,1
1018.77,30,3.1,541.0,0,0.0,5,0,7,1,direct,3,0
9999.64,90,8.3,647.0,0,0.0,1,0,8,1,direct,6,0
10682.75,15,24.9,548.0,1,20.9,0,2,10,0,direct,3,0
4868.88,60,27.0,649.0,1,26.7,4,1,3,1,online,6,0
13990.53,30,68.5,744.0,2,34.0,3,0,6,0,online,0,0
9423.38,90,35.3,628.0,0,0.0,1,3,10,0,online,0,0
6736.3,30,7.4,688.0,0,0.0,2,0,10,0,reseller,6,1
1603.3,15,44.5,584.0,1,9.4,4,0,10,1,direct,5,0
17296.96,30,6.0,707.0,1,4.9,2,1,5,1,online,6,1
5899.79,30,26.5,726.0,2,19.0,2,0,6,1,online,6,0
2572.79,45,16.5,552.0,1,9.0,1,0,8,0,direct,4,1
1995.31,45,8.3,612.0,1,8.3,1,0,11,1,direct,6,1
4587.57,45,57.0,566.0,4,8.3,1,1,9,1,reseller,0,0
809.2,30,7.2,726.0,1,7.7,1,0,3,1,direct,6,0
6834.28,45,8.8,695.0,1,3.2,4,3,1,1,reseller,4,0
1543.47,30,22.5,676.0,0,0.0,1,0,11,0,online,6,0
5082.44,90,56.1,668.0,0,0.0,1,0,2,1,online,4,0
2276.84,45,24.8,709.0,2,4.4,2,2,8,1,direct,6,0
2869.87,30,0.1,711.0,0,0.0,2,1,9,0,reseller,4,0
1842.32,60,2.9,635.0,1,11.3,2,1,1,1,direct,1,0
3149.17,30,62.0,623.0,0,0.0,3,0,5,1,direct,3,0
19939.17,30,10.6,675.0,3,10.4,4,1,5,1,direct,6,0
12664.44,30,1.1,663.0,3,5.5,5,2,1,1,online,4,0
5009.2,45,5.2,850.0,0,0.0,5,0,9,1,direct,5,0
3559.0,30,6.0,645.0,1,2.4,5,1,4,1,reseller,4,0
7783.65,15,15.2,706.0,0,0.0,5,0,9,1,reseller,2,0
10066.55,60,9.4,722.0,0,0.0,4,0,9,1,direct,2,0
1725.31,15,55.7,806.0,1,22.6,2,3,5,1,reseller,3,0
3395.84,45,89.2,607.0,1,16.5,1,1,6,1,reseller,5,0
706.44,30,16.3,801.0,4,8.0,7,2,3,1,direct,2,0
10004.52,30,7.5,667.0,0,0.0,1,0,1,1,direct,3,0
23353.96,60,0.8,850.0,0,0.0,1,0,3,1,direct,4,1
3913.06,15,2.6,713.0,1,6.2,1,0,2,1,direct,0,0
537.8,45,18.6,569.0,2,4.7,7,3,12,1,direct,0,0
6298.09,45,24.7,662.0,3,14.4,9,3,3,1,online,0,0
1613.76,60,0.5,800.0,0,0.0,7,3,5,1,direct,2,0
2004.17,30,35.3,687.0,1,18.3,6,1,7,1,online,4,0
6399.14,45,14.4,675.0,2,2.5,6,2,5,1,direct,5,1
4578.37,30,76.3,745.0,0,0.0,3,0,12,1,direct,3,0
2346.55,30,19.7,649.0,0,0.0,3,0,3,1,direct,5,0
2029.11,30,48.8,661.0,1,17.2,5,0,10,1,direct,0,0
4077.55,30,13.4,595.0,0,0.0,5,0,5,1,reseller,3,0
2518.66,30,30.2,836.0,1,16.9,2,0,9,1,direct,6,0
1341.69,15,6.3,570.0,1,4.1,1,3,12,0,direct,4,0
2699.15,30,64.2,695.0,1,16.5,2,0,2,1,direct,0,0
4942.53,45,0.2,723.0,1,15.5,7,0,7,1,direct,5,1
3101.7,30,10.7,679.0,2,5.2,2,1,6,0,reseller,5,0
1020.29,30,3.2,567.0,2,5.6,2,0,9,1,direct,3,0
8867.59,30,33.1,590.0,0,0.0,2,0,9,1,online,4,0
309.53,30,7.2,727.0,2,29.8,2,1,12,0,direct,4,0
2436.39,45,1.6,610.0,0,0.0,3,3,6,1,online,1,0
2083.54,60,16.7,494.0,0,0.0,2,3,12,1,online,0,0
4160.38,30,18.0,715.0,1,5.4,4,0,12,1,reseller,4,0
6035.99,45,17.2,601.0,3,41.2,8,3,11,1,reseller,6,0
10037.55,15,4.6,737.0,1,11.2,1,0,5,0,direct,2,0
1917.61,90,26.9,662.0,0,0.0,2,2,11,1,reseller,1,0
6172.9,30,23.3,658.0,1,2.4,1,0,2,1,direct,0,0
4342.63,30,49.3,685.0,0,0.0,5,0,8,1,direct,3,0
780.25,30,42.3,578.0,3,21.4,1,0,2,1,direct,0,0
20140.46,15,76.6,606.0,2,11.6,1,2,11,1,direct,6,0
997.35,45,36.1,657.0,1,5.0,3,0,5,1,direct,5,0
5311.06,30,9.5,577.0,2,39.2,6,3,10,1,online,2,0
5171.74,30,13.8,744.0,1,11.3,5,3,9,1,reseller,3,0
4666.07,30,2.0,652.0,4,45.2,2,3,12,1,reseller,1,0
2332.93,90,68.4,550.0,0,0.0,2,0,3,1,reseller,5,0
7665.82,45,9.7,630.0,2,3.2,2,1,11,0,direct,5,0
893.97,60,54.8,689.0,1,9.4,2,0,3,1,reseller,5,0
3431.5,60,48.8,640.0,0,0.0,3,1,7,1,reseller,0,0
2191.88,60,15.8,716.0,3,7.3,4,0,1,1,reseller,3,0
1979.17,30,20.1,732.0,1,14.9,3,3,1,0,reseller,5,1
5355.47,30,13.3,850.0,1,13.7,3,0,6,0,direct,1,0
9602.04,30,0.7,784.0,1,11.2,4,1,12,1,direct,0,1
2673.3,30,42.6,533.0,0,0.0,4,0,5,1,reseller,4,0
7351.16,45,20.3,648.0,1,18.6,2,0,7,0,direct,0,1
3807.65,15,13.3,656.0,1,8.6,5,0,5,0,direct,1,0
1630.34,15,5.9,732.0,1,1.1,2,0,12,0,reseller,1,0
2886.62,45,8.0,596.0,2,4.4,2,2,4,1,direct,3,0
2780.71,15,3.8,632.0,3,4.5,4,3,6,0,reseller,2,0
1944.98,15,44.4,568.0,3,20.7,4,0,5,1,direct,5,0
5354.19,15,0.6,626.0,0,0.0,4,0,8,1,direct,2,0
4497.07,45,1.7,629.0,2,13.2,4,0,7,1,reseller,2,0
869.93,15,4.0,652.0,2,1.8,5,0,11,1,online,5,0
823.55,15,17.1,573.0,1,14.6,4,1,1,1,direct,1,0
5335.92,30,17.0,768.0,2,2.4,5,3,2,1,direct,6,0
1748.03,45,17.6,722.0,1,20.2,5,0,5,1,direct,4,0
4778.29,30,1.2,550.0,1,8.7,1,1,5,1,direct,2,0
7352.81,15,11.8,682.0,0,0.0,0,0,7,0,reseller,2,0
1159.96,60,73.4,539.0,1,8.3,5,0,11,0,online,1,1
1022.1,60,9.2,801.0,0,0.0,6,2,12,1,reseller,0,1
16432.04,30,19.3,825.0,1,2.2,1,2,6,0,direct,2,0
4996.1,30,15.3,675.0,0,0.0,5,2,8,1,direct,3,0
2496.6,30,47.6,603.0,1,5.7,4,1,8,1,direct,5,0
1570.98,45,28.5,620.0,1,9.7,3,2,8,1,reseller,4,0
2299.86,30,6.8,639.0,1,3.4,2,1,7,0,direct,6,0
1246.99,60,13.3,670.0,1,32.9,5,3,12,0,online,0,0
8063.24,60,0.0,803.0,0,0.0,2,0,6,1,reseller,2,1
1809.71,30,8.7,766.0,1,8.6,2,1,8,1,direct,5,0
9741.8,15,53.3,767.0,3,25.6,4,3,5,0,direct,0,0
2538.77,60,41.8,695.0,1,8.8,5,0,6,1,direct,1,0
1423.66,45,6.0,576.0,2,3.4,1,0,12,1,direct,6,1
2480.78,45,0.0,611.0,2,7.7,1,0,2,1,online,6,0
343.18,15,12.8,685.0,2,15.5,4,2,9,1,reseller,2,0
3265.96,45,2.2,572.0,0,0.0,1,0,2,1,direct,1,0
3124.07,60,38.8,707.0,0,0.0,2,2,12,0,direct,4,0
7648.53,90,6.2,752.0,2,6.4,4,1,1,1,reseller,2,0
666.69,30,14.0,729.0,2,17.0,2,0,11,0,online,0,0
10359.71,30,6.0,725.0,1,8.2,4,0,11,1,direct,3,0
7620.06,30,18.9,512.0,0,0.0,3,0,1,1,reseller,3,0
11235.56,45,38.5,800.0,0,0.0,4,0,12,1,online,3,0
3472.22,60,9.4,539.0,2,18.3,1,0,11,1,reseller,3,1
9068.0,30,5.6,666.0,1,12.3,1,2,4,1,reseller,5,0
968.63,30,2.6,736.0,0,0.0,0,0,2,1,online,4,0
6917.04,15,6.0,712.0,3,18.6,2,1,1,0,direct,6,0
1818.84,45,64.7,565.0,0,0.0,2,3,12,1,direct,4,0
823.64,60,2.3,581.0,1,11.8,2,0,12,0,direct,6,1
1323.82,15,10.8,706.0,0,0.0,5,3,7,1,direct,3,0
3659.12,30,0.4,726.0,2,36.3,5,2,11,0,online,2,0
1733.9,60,31.7,580.0,1,34.9,4,3,4,0,reseller,6,0
5107.5,30,4.8,715.0,1,5.7,4,0,1,1,reseller,0,0
715.22,30,37.1,544.0,3,4.6,4,3,8,1,direct,6,0
536.79,30,18.3,736.0,2,11.0,3,2,4,1,reseller,2,0
12520.83,30,25.5,600.0,0,0.0,7,0,11,1,reseller,1,0
8212.56,15,34.2,687.0,2,1.4,6,2,11,1,direct,5,0
1416.06,45,26.3,672.0,2,29.5,5,2,12,0,direct,3,0
3631.13,30,48.7,784.0,2,6.8,5,0,7,1,online,6,0
9113.9,45,7.2,702.0,2,19.6,7,0,3,1,online,3,0
5309.65,45,60.3,626.0,1,6.9,3,3,5,0,reseller,6,0
4160.54,15,35.2,712.0,2,27.6,2,0,9,1,direct,2,1
9756.01,30,7.7,850.0,0,0.0,6,3,10,1,online,1,0
1886.27,30,27.8,747.0,1,16.0,6,1,3,1,online,0,0
3744.56,15,35.0,675.0,4,9.9,4,0,1,1,reseller,2,0
3582.93,45,16.9,605.0,2,3.3,2,0,1,0,reseller,4,1
2848.4,15,15.8,625.0,0,0.0,3,1,6,1,direct,4,1
2563.62,45,8.4,741.0,0,0.0,4,3,2,0,reseller,1,0
3887.73,30,1.1,600.0,4,5.8,6,0,12,1,online,3,1
3755.46,15,26.1,680.0,2,12.9,1,2,10,0,reseller,0,1
1417.17,30,4.2,809.0,1,26.7,4,0,9,0,online,4,0
7492.19,30,68.4,694.0,0,0.0,2,2,2,1,direct,4,0
1512.1,45,72.8,583.0,0,0.0,1,3,3,1,direct,0,0
2991.68,60,24.1,850.0,0,0.0,4,0,9,1,online,6,0
2791.26,15,28.9,839.0,3,4.8,3,0,10,0,online,5,0
5025.57,45,14.5,725.0,1,10.0,2,0,12,1,direct,0,0
540.67,45,2.9,795.0,1,14.9,3,2,6,1,online,0,0
8117.84,30,56.8,656.0,4,7.0,2,0,9,1,direct,5,0
1979.72,15,5.1,745.0,1,12.8,4,3,3,0,direct,5,0
10915.8,30,0.1,642.0,1,6.0,4,2,4,0,direct,4,0
2367.65,15,62.5,558.0,4,9.8,6,0,9,0,online,2,1
3484.36,60,49.4,850.0,0,0.0,4,1,11,1,online,2,0
20382.0,30,1.4,553.0,1,6.5,0,0,2,0,direct,3,0
2836.7,30,38.8,707.0,2,2.4,1,1,10,1,online,4,1
11102.94,45,28.2,706.0,0,0.0,1,1,9,1,direct,4,0
3771.17,30,38.4,726.0,0,0.0,5,0,8,0,online,3,1
5291.61,45,7.8,672.0,1,14.3,3,1,10,0,online,3,0
3877.57,15,18.9,673.0,1,28.9,5,0,12,0,online,4,0
7809.27,30,34.1,692.0,2,19.5,1,0,3,1,direct,6,1
1964.56,15,7.0,723.0,1,6.9,5,0,3,0,direct,3,0
1501.7,30,20.7,680.0,0,0.0,5,3,11,1,reseller,3,1
2049.36,30,21.0,674.0,1,12.9,1,3,1,1,direct,3,0
3982.8,45,37.8,561.0,3,17.4,1,0,9,0,direct,6,0
2984.73,45,6.6,850.0,2,1.6,3,2,4,1,reseller,0,0
6899.8,45,69.4,728.0,4,3.9,2,2,6,1,direct,0,0
11781.18,15,0.2,699.0,3,3.1,0,0,4,1,reseller,2,1
1512.84,90,1.4,624.0,1,2.9,2,1,6,1,direct,2,0
1880.79,15,9.4,590.0,0,0.0,2,0,3,1,direct,2,1
999.63,60,10.4,757.0,3,4.7,3,0,7,1,reseller,2,0
22636.88,45,5.3,666.0,2,12.4,0,2,7,1,reseller,1,1
4789.6,30,72.6,736.0,3,19.1,3,3,3,1,direct,6,0
5607.29,30,2.9,558.0,0,0.0,3,2,2,1,direct,2,0
1089.87,45,38.8,819.0,1,4.6,3,0,4,0,reseller,1,0
3637.12,45,25.2,761.0,2,1.7,1,0,8,1,reseller,6,0
5757.87,15,4.4,673.0,0,0.0,5,3,1,1,direct,6,0
2900.15,45,9.0,722.0,2,5.9,3,2,2,0,reseller,1,0
9586.73,15,1.3,747.0,3,30.0,2,3,8,1,direct,1,0
29162.77,30,5.4,560.0,1,14.1,7,0,5,0,direct,0,0
1552.53,45,38.4,831.0,2,25.9,3,2,1,1,reseller,2,1
1451.16,60,31.1,723.0,1,2.6,4,0,6,1,online,6,0
1652.46,30,1.2,617.0,1,16.8,3,0,11,0,direct,1,0
15453.32,30,28.6,581.0,1,17.2,2,2,2,1,reseller,3,0
9303.26,30,0.8,769.0,2,22.3,5,1,9,1,direct,4,0
3222.86,30,2.7,699.0,1,4.8,2,3,12,1,reseller,6,0
3762.74,30,1.5,723.0,0,0.0,2,0,7,0,online,1,0
1746.05,30,14.7,682.0,0,0.0,4,0,2,1,online,0,1
8111.39,45,2.2,590.0,0,0.0,2,0,12,1,direct,4,0
2586.57,30,3.8,726.0,2,4.3,1,1,3,1,direct,3,0
2881.11,30,17.6,662.0,1,16.5,4,0,10,1,direct,0,0
6297.52,30,31.2,678.0,3,6.9,2,0,5,1,direct,2,0
3074.21,15,21.5,850.0,1,7.9,3,1,11,0,direct,2,0
2946.96,30,4.4,758.0,1,0.6,2,0,10,1,direct,2,0
3675.77,30,161.8,763.0,2,28.4,5,1,6,0,reseller,5,0
7448.89,30,4.1,850.0,2,7.4,0,3,7,1,reseller,5,0
16024.01,30,11.5,715.0,0,0.0,4,1,2,0,direct,3,0
6166.81,30,5.3,691.0,1,23.2,3,3,5,0,reseller,5,0
7502.43,60,6.5,619.0,1,7.8,2,0,11,1,direct,3,0
3041.58,30,16.8,639.0,0,0.0,2,0,6,0,reseller,3,0
1925.58,30,63.8,496.0,2,28.9,1,2,4,1,direct,4,0
6558.96,15,64.1,751.0,0,0.0,3,2,11,1,direct,0,0
4247.63,15,13.8,566.0,0,0.0,3,0,9,1,direct,0,0
1011.95,30,6.8,761.0,0,0.0,2,0,6,1,direct,6,0
2710.09,45,9.3,676.0,0,0.0,1,0,2,0,direct,4,1
3379.19,15,22.4,692.0,2,9.4,3,1,3,1,direct,0,0
2299.82,30,1.6,676.0,0,0.0,2,0,5,0,online,6,1
13815.72,30,49.9,805.0,0,0.0,4,2,3,1,direct,3,0
5607.47,30,1.2,789.0,1,21.0,6,3,4,1,direct,2,0
12529.7,90,25.2,677.0,1,4.0,7,0,11,1,reseller,1,0
4615.07,30,143.3,599.0,1,9.8,5,0,9,1,direct,4,1
3917.66,15,8.5,763.0,1,5.1,1,0,3,1,reseller,3,0
1567.23,30,35.0,592.0,1,14.5,1,0,7,1,reseller,6,0
3680.25,15,34.0,540.0,2,3.6,0,3,7,1,online,0,1
3683.98,15,14.3,725.0,2,18.3,4,2,11,1,reseller,5,0
1063.79,30,2.0,790.0,2,15.5,2,0,9,1,reseller,0,0
2240.43,30,13.9,644.0,1,8.7,3,0,10,0,online,4,0
2721.79,15,12.4,716.0,2,19.5,1,0,2,1,direct,5,0
5282.38,45,14.9,643.0,1,4.0,1,2,6,1,direct,4,0
5514.93,30,57.7,745.0,3,18.2,4,0,1,0,online,1,0
2157.73,15,4.6,779.0,2,4.4,2,0,9,0,reseller,3,0
5552.38,60,29.2,656.0,3,5.9,4,0,12,1,direct,1,0
3090.63,30,18.2,588.0,1,23.3,7,0,9,0,online,3,0
275.16,90,14.1,549.0,2,23.6,3,2,10,1,direct,0,0
2353.76,60,85.3,763.0,0,0.0,3,1,2,0,reseller,6,0
9615.1,30,38.9,578.0,0,0.0,3,0,12,1,direct,5,1
801.41,30,69.9,713.0,0,0.0,1,0,9,0,reseller,0,1
4029.6,60,51.9,750.0,1,8.7,6,0,7,0,direct,3,0
15164.84,30,23.9,635.0,0,0.0,2,1,5,1,direct,3,1
1836.19,30,17.5,665.0,1,18.2,4,2,3,1,direct,5,0
3648.0,30,67.4,770.0,1,12.1,1,0,11,1,direct,2,0
1125.95,30,13.8,607.0,1,15.9,5,0,7,0,reseller,3,0
15748.62,60,32.4,598.0,3,17.0,0,0,12,1,online,2,1
3377.87,45,30.3,659.0,0,0.0,2,0,10,0,reseller,4,0
3796.99,60,5.5,795.0,3,4.0,3,2,11,1,online,2,1
12318.66,45,3.5,825.0,4,16.2,2,2,8,0,direct,3,0
6603.34,45,8.7,671.0,0,0.0,1,2,6,1,direct,0,0
1655.63,30,38.5,616.0,2,2.9,3,3,6,1,direct,5,0
2033.37,90,58.4,776.0,0,0.0,2,2,1,1,direct,0,0
5684.16,90,0.3,530.0,1,4.1,3,3,7,1,direct,2,1
2076.19,60,22.1,702.0,2,10.9,2,0,6,1,direct,4,0
541.57,45,22.3,676.0,1,9.7,4,1,3,1,online,0,0
3470.6,30,52.9,796.0,2,1.6,1,0,9,1,direct,4,0
960.84,30,17.3,806.0,0,0.0,4,0,5,0,direct,1,0
15594.19,60,103.8,595.0,1,12.9,4,0,1,1,online,6,0
4268.89,15,18.2,695.0,1,13.4,2,3,6,0,reseller,3,0
1612.18,30,102.5,629.0,0,0.0,5,2,4,1,direct,3,0
1941.53,30,1.7,654.0,0,0.0,2,0,10,1,direct,1,0
664.84,30,15.4,736.0,2,25.6,9,1,4,1,direct,5,0
1353.55,30,13.3,650.0,1,5.9,2,2,7,1,online,1,0
9087.82,30,19.8,697.0,3,24.6,1,2,11,0,online,4,0
27135.76,15,28.0,766.0,2,7.0,2,3,6,1,direct,6,0
7000.64,30,5.2,816.0,1,21.3,4,2,10,1,online,3,0
3351.49,30,1.6,706.0,0,0.0,4,3,12,1,direct,2,0
2468.18,15,4.4,691.0,2,10.6,5,2,1,0,reseller,5,0
1539.41,45,15.9,580.0,2,13.9,5,1,3,1,online,0,0
23243.7,30,6.3,823.0,3,19.7,3,0,8,0,direct,1,0
3072.13,30,44.8,725.0,1,3.5,4,3,10,1,reseller,4,0
24442.21,30,8.7,692.0,1,27.2,2,0,2,1,online,1,1
12761.24,30,26.5,688.0,1,14.2,2,0,1,0,reseller,5,0
759.97,60,39.0,712.0,1,4.1,5,0,8,0,reseller,0,0
1999.48,15,13.7,749.0,0,0.0,7,0,5,1,direct,1,0
1993.92,30,11.0,761.0,1,11.3,2,0,1,0,direct,5,0
3388.49,45,0.9,825.0,1,16.6,3,2,3,1,direct,3,0
3448.58,15,44.6,702.0,5,9.6,2,2,11,1,direct,5,0
53993.3,60,11.4,838.0,0,0.0,2,3,6,1,direct,0,0
1380.91,90,16.3,775.0,2,6.1,6,0,5,0,online,3,0
4474.16,45,5.4,675.0,2,7.8,3,0,6,1,direct,1,0
6341.41,90,29.2,530.0,2,15.6,1,0,8,1,online,5,1
3635.8,30,8.5,688.0,1,27.5,2,0,5,1,online,1,0
4020.5,30,29.3,820.0,2,10.5,3,0,3,1,direct,4,0
1421.79,15,0.0,610.0,2,18.7,2,3,1,0,direct,5,0
4007.16,15,19.7,687.0,0,0.0,5,2,12,1,reseller,4,0
5769.03,30,54.2,695.0,1,26.2,4,3,3,1,online,1,0
4889.48,30,14.5,765.0,0,0.0,3,1,11,1,direct,1,0
6082.56,30,34.4,645.0,3,13.6,2,0,4,1,direct,0,0
12982.36,30,22.7,602.0,0,0.0,4,0,9,1,reseller,5,0
8461.4,45,12.2,731.0,2,13.6,7,3,6,1,direct,2,0
3882.23,30,21.8,613.0,0,0.0,0,0,4,1,direct,1,0
1268.28,30,26.7,515.0,1,10.8,1,0,6,0,direct,6,0
2121.75,30,49.2,846.0,1,21.2,2,0,9,0,online,1,0
2987.92,45,12.8,763.0,3,4.9,3,0,3,1,direct,3,0
4569.28,30,22.8,850.0,1,15.5,2,3,11,1,reseller,4,0
2367.29,45,3.4,759.0,0,0.0,0,1,8,1,reseller,3,0
1568.45,15,20.3,741.0,2,13.0,4,0,4,1,online,3,0
1249.65,30,99.4,713.0,0,0.0,6,0,6,1,direct,5,0
823.81,90,22.5,663.0,1,21.2,2,0,9,0,direct,0,0
2947.0,15,2.4,726.0,2,4.2,0,1,3,1,online,3,0
970.0,30,6.0,630.0,3,13.1,3,0,10,1,reseller,6,0
1479.6,15,26.8,584.0,2,22.4,3,0,1,1,online,5,1
2554.18,15,8.7,650.0,0,0.0,5,2,10,1,direct,3,0
1094.09,30,6.2,796.0,0,0.0,5,1,2,0,direct,0,0
5124.44,30,28.6,569.0,1,5.5,2,2,10,1,online,2,1
7088.3,30,28.8,571.0,1,12.9,2,2,1,1,direct,1,0
2220.56,60,133.7,733.0,2,2.2,2,0,10,0,direct,1,0
2456.95,30,4.2,643.0,2,15.9,2,3,1,1,direct,2,0
5905.78,15,17.8,724.0,1,3.0,1,0,7,1,online,1,0
1914.87,60,5.2,769.0,1,4.3,5,0,2,1,direct,2,0
1800.0,30,23.6,722.0,4,30.7,0,0,2,1,direct,3,0
10687.7,60,15.2,623.0,3,27.1,1,2,5,1,direct,0,0
8068.87,30,10.6,795.0,0,0.0,1,0,11,1,online,0,0
6256.62,45,30.4,747.0,4,23.5,4,3,7,0,reseller,3,0
8375.62,60,33.9,682.0,1,5.7,4,2,3,1,direct,1,0
614.28,30,6.6,678.0,0,0.0,7,2,6,1,online,1,1
12313.51,60,7.0,714.0,1,24.7,2,0,1,1,direct,2,0
5181.53,45,5.5,652.0,1,6.5,5,0,11,0,direct,3,0
9042.61,60,11.0,533.0,3,3.0,3,0,10,1,direct,0,1
5158.73,30,35.9,748.0,3,11.9,5,2,11,1,reseller,6,1
3804.85,30,4.6,742.0,1,6.2,2,0,3,1,online,1,1
2841.88,15,0.5,473.0,0,0.0,8,2,3,1,reseller,0,1
5066.62,90,85.2,726.0,0,0.0,4,0,2,1,reseller,5,0
2750.19,15,12.2,838.0,1,0.5,5,0,11,1,reseller,3,1
7951.28,15,0.1,579.0,1,7.1,2,0,8,1,direct,2,1
873.22,60,47.4,673.0,1,7.7,1,3,7,1,online,2,0
2236.31,30,3.0,664.0,4,5.7,6,0,7,1,reseller,0,1
22933.2,30,42.9,829.0,0,0.0,2,0,9,1,reseller,2,1
2072.53,30,20.1,781.0,2,20.0,10,2,12,1,reseller,5,0
2937.12,45,23.4,601.0,0,0.0,2,3,10,1,direct,2,0
1645.3,30,46.1,711.0,2,3.2,5,0,4,0,reseller,4,0
4925.89,30,11.0,850.0,3,12.4,1,0,5,1,direct,0,1
1876.87,30,0.4,624.0,1,5.1,1,2,12,1,reseller,2,0
3080.82,30,11.1,679.0,1,18.8,1,0,6,0,online,3,1
7816.4,30,7.2,726.0,0,0.0,4,0,10,1,direct,0,1
1941.3,15,20.7,625.0,0,0.0,3,2,10,1,direct,3,0
7403.81,45,32.8,839.0,1,20.3,4,0,12,0,reseller,2,0
7631.25,30,41.6,637.0,0,0.0,2,1,10,0,reseller,6,0
9409.36,30,26.7,555.0,1,5.7,3,0,8,1,direct,2,0
4131.88,30,8.2,633.0,0,0.0,3,2,6,0,direct,0,0
67314.65,30,47.5,739.0,3,9.5,5,0,1,0,direct,6,0
9405.79,45,58.9,608.0,1,11.5,3,0,3,1,reseller,4,0
4877.51,30,1.4,707.0,3,22.5,0,0,6,1,online,3,0
1655.18,60,50.6,731.0,0,0.0,5,0,9,0,reseller,0,0
3336.4,45,24.3,571.0,2,18.6,1,0,12,1,online,1,0
13143.65,60,15.6,629.0,1,3.8,2,0,10,1,direct,3,0
16959.46,45,64.8,711.0,1,6.2,4,3,3,0,reseller,0,0
13773.42,15,4.2,743.0,0,0.0,1,0,10,0,direct,2,0
7381.06,90,21.6,632.0,1,18.8,2,3,11,0,direct,2,0
1176.04,45,20.5,694.0,1,25.4,3,0,5,1,direct,1,1
5644.55,30,2.3,654.0,2,6.9,4,3,3,1,direct,1,1
1191.23,30,16.7,746.0,1,5.5,2,1,3,1,direct,6,0
954.58,30,7.0,727.0,1,8.9,6,0,2,1,reseller,5,0
4515.37,45,7.1,646.0,1,4.9,2,1,7,0,direct,3,0
5830.63,30,32.5,723.0,0,0.0,3,3,12,0,online,6,0
8209.44,45,18.4,643.0,1,8.9,2,0,4,1,reseller,6,0
5695.45,30,14.4,721.0,3,9.0,0,0,1,1,direct,0,0
5874.8,30,88.0,722.0,2,2.5,2,2,4,0,direct,3,1
1500.89,30,3.3,850.0,1,6.8,2,0,1,1,online,4,0
3312.71,30,1.3,650.0,1,29.6,3,1,9,0,reseller,6,0
937.85,15,64.6,667.0,4,2.9,5,1,2,1,online,6,0
600.02,60,5.4,622.0,1,11.4,1,1,4,0,direct,6,0
7090.98,30,25.5,587.0,1,10.6,3,0,9,1,online,3,0
1848.61,60,53.4,639.0,2,35.3,4,2,10,0,reseller,0,0
7984.43,45,14.3,740.0,1,11.0,4,3,1,1,direct,1,0
9872.54,45,9.9,746.0,1,28.0,4,1,5,0,direct,1,0
2085.19,30,6.5,707.0,3,10.8,5,2,4,1,reseller,6,0
6193.65,60,2.7,653.0,0,0.0,6,0,3,1,reseller,6,1
2008.13,60,5.4,636.0,1,11.3,3,0,3,1,direct,1,0
691.39,45,19.6,597.0,0,0.0,4,1,6,1,online,2,1
4068.29,15,17.2,630.0,2,12.0,5,2,10,0,online,1,0
2383.23,45,10.8,563.0,3,7.2,4,0,5,1,reseller,3,0
2450.19,15,9.3,802.0,3,6.7,3,2,4,0,reseller,6,0
21543.06,15,1.2,845.0,2,19.8,4,2,4,1,online,1,0
922.17,45,34.0,506.0,2,8.2,4,1,11,0,direct,6,0
5138.85,60,3.6,706.0,0,0.0,3,1,3,1,reseller,5,0
1487.23,30,70.2,705.0,0,0.0,3,0,10,1,direct,6,0
8245.6,15,1.4,699.0,1,16.4,4,1,3,1,direct,2,0
4762.79,60,24.2,627.0,1,38.5,1,0,10,0,online,2,0
5122.56,15,5.2,772.0,0,0.0,3,1,10,1,direct,4,0
1555.57,15,2.8,717.0,2,7.7,0,3,3,1,reseller,3,0
1827.99,45,3.0,773.0,0,0.0,1,0,10,1,direct,3,0
8387.73,60,23.8,614.0,0,0.0,3,2,3,1,reseller,4,0
17920.81,30,47.5,556.0,1,6.7,2,1,6,1,reseller,4,0
5609.84,30,80.5,719.0,2,15.4,5,1,5,0,direct,3,0
1623.47,30,58.9,593.0,1,8.7,1,2,4,1,direct,4,0
4939.62,30,28.0,775.0,0,0.0,1,1,7,0,direct,2,0
32361.5,45,103.5,489.0,1,8.2,7,0,8,1,reseller,1,0
3992.53,60,53.8,638.0,1,11.1,5,0,11,1,reseller,4,0
13570.54,30,44.5,625.0,1,8.4,2,0,8,0,direct,1,0
1870.02,30,29.3,650.0,3,2.5,1,1,5,1,reseller,6,0
3505.62,30,27.0,703.0,2,0.9,4,3,7,1,reseller,2,1
6358.89,15,23.6,716.0,2,17.4,2,3,6,0,reseller,0,0
5206.15,30,42.7,738.0,2,16.2,3,2,10,0,reseller,5,0
1826.67,15,2.0,748.0,2,6.1,7,2,8,1,direct,5,0
1757.13,45,3.0,665.0,2,5.9,4,0,6,1,reseller,2,0
8861.36,30,43.0,850.0,0,0.0,1,1,7,1,reseller,5,0
10640.21,45,27.1,805.0,2,18.0,3,0,8,1,direct,4,1
14199.03,30,9.1,652.0,1,11.2,4,0,6,1,direct,4,0
18463.25,60,29.0,668.0,1,24.0,0,3,7,1,direct,2,0
4109.91,90,14.4,650.0,1,11.0,1,0,5,1,reseller,6,0
2751.55,30,1.5,713.0,2,5.1,6,2,4,1,reseller,0,0
12282.02,15,13.4,593.0,1,6.3,1,0,10,0,direct,2,0
6917.17,45,17.9,609.0,2,14.6,2,0,2,1,direct,3,1
1503.86,15,25.0,485.0,1,27.9,2,0,4,1,direct,4,1
1436.16,30,52.8,644.0,0,0.0,5,0,3,0,reseller,2,1
5668.83,15,0.3,776.0,2,20.2,9,0,3,1,reseller,2,1
3104.02,60,22.4,666.0,1,13.5,2,0,6,1,direct,5,0
3555.37,15,1.7,671.0,0,0.0,6,0,3,1,reseller,6,1
9559.4,30,8.2,705.0,2,30.0,3,1,3,1,reseller,5,1
7209.35,30,9.2,590.0,5,4.3,4,1,11,1,direct,3,0
12050.8,45,99.9,682.0,2,7.9,1,0,12,1,direct,4,0
640.1,30,16.7,760.0,0,0.0,2,1,6,0,direct,6,0
4573.61,60,8.4,708.0,0,0.0,7,0,5,0,reseller,0,0
6803.69,45,6.9,768.0,2,2.8,4,1,7,1,online,2,0
921.56,30,0.8,794.0,2,9.6,4,0,2,1,direct,4,0
2019.48,30,10.2,740.0,1,5.9,2,0,4,1,online,0,0
1708.83,60,9.2,616.0,0,0.0,1,3,12,0,direct,3,0
3712.75,45,11.5,649.0,2,21.4,3,0,1,1,online,6,0
15757.45,30,13.6,850.0,1,5.4,6,0,11,0,online,6,0
22478.86,30,13.5,708.0,3,35.5,3,0,11,0,reseller,1,0
1749.6,15,5.5,696.0,1,11.3,5,1,4,0,direct,3,1
5848.27,15,3.7,603.0,1,1.2,5,0,7,0,direct,2,0
6020.45,15,7.8,672.0,1,20.2,4,0,9,1,direct,1,0
5160.88,15,75.8,744.0,0,0.0,4,1,3,1,direct,5,0
5213.89,30,39.1,681.0,3,3.5,5,0,9,1,reseller,4,0
4785.61,60,9.1,633.0,1,13.2,4,1,12,0,reseller,0,1
16627.5,45,33.8,654.0,1,8.4,2,0,6,1,reseller,3,0
9820.43,60,3.4,787.0,1,16.1,4,0,11,0,direct,0,0
1402.29,45,9.7,740.0,1,6.3,2,0,8,0,direct,2,1
7451.34,45,45.8,728.0,2,6.2,3,0,1,1,online,0,0
8128.54,15,7.0,720.0,1,7.1,2,1,11,0,reseller,4,0
4834.2,45,34.6,574.0,2,13.7,2,0,6,1,online,6,0
10079.73,30,20.6,705.0,2,16.4,2,1,6,1,reseller,3,0
4312.47,30,13.5,776.0,1,3.7,2,0,3,0,direct,0,0
4360.84,90,24.5,657.0,0,0.0,4,0,6,1,reseller,3,0
4060.72,60,73.2,768.0,0,0.0,6,0,6,1,online,3,0
592.04,30,21.7,729.0,2,9.7,4,3,9,1,reseller,6,0
3386.8,45,22.3,754.0,0,0.0,1,2,7,1,direct,4,1
1995.35,15,33.2,685.0,2,5.9,2,0,12,1,reseller,3,0
1251.62,15,10.5,760.0,4,19.6,3,0,4,1,reseller,2,0
13234.95,15,19.0,548.0,0,0.0,2,2,12,1,online,3,0
5731.81,30,8.0,683.0,1,26.6,0,1,9,0,reseller,6,0
3544.5,45,12.4,744.0,0,0.0,5,1,8,1,online,5,0
2190.04,30,30.0,707.0,1,3.5,5,3,8,1,direct,5,0
4753.1,15,13.1,779.0,1,5.3,2,0,7,0,reseller,5,0
8886.53,90,0.2,666.0,2,8.7,3,3,2,1,reseller,4,1
1729.75,30,0.7,631.0,1,18.1,0,0,8,0,direct,0,0
3625.16,30,70.4,532.0,3,2.5,3,2,4,1,online,6,0
7952.64,30,16.4,655.0,0,0.0,2,0,1,0,direct,3,0
637.53,30,24.8,727.0,0,0.0,4,0,5,0,reseller,0,0
3457.11,30,42.9,748.0,1,3.2,2,2,11,1,direct,2,0
2474.11,45,16.2,554.0,2,9.1,3,1,1,1,direct,5,1
3227.79,60,4.5,786.0,0,0.0,2,2,1,1,direct,4,0
2318.17,30,33.3,592.0,1,4.2,5,0,5,1,direct,4,0
4121.05,30,24.4,669.0,1,10.1,4,0,1,1,direct,2,0
20563.33,15,41.0,629.0,1,10.8,3,0,1,1,reseller,5,1
2720.22,60,72.7,718.0,1,5.9,4,3,1,1,direct,4,0
4734.07,30,1.6,688.0,2,2.2,5,3,10,0,reseller,1,0
21922.57,30,0.7,741.0,2,2.0,4,3,9,1,online,3,0
2219.39,90,97.4,846.0,3,14.1,1,2,3,1,direct,5,0
18642.66,30,36.6,716.0,1,14.1,6,0,4,1,direct,3,0
3658.43,15,66.0,628.0,0,0.0,3,2,9,1,direct,6,0
18100.71,30,2.8,721.0,1,8.6,7,0,5,1,reseller,6,0
7152.24,30,35.5,850.0,0,0.0,1,0,5,1,reseller,1,0
4800.13,90,67.0,739.0,1,22.7,3,3,3,1,direct,6,0
3432.12,30,106.3,765.0,2,6.7,7,0,6,1,reseller,5,0
2076.34,30,44.2,537.0,1,30.7,3,3,12,1,direct,6,0
3897.97,30,50.2,715.0,2,4.9,3,2,3,0,reseller,5,1
8165.11,30,30.5,656.0,0,0.0,2,0,12,1,online,4,0
3598.24,15,3.8,619.0,2,3.2,6,0,3,0,online,3,0
2738.15,60,26.2,678.0,0,0.0,2,3,6,0,direct,4,0
2905.31,15,14.7,690.0,1,2.8,5,3,7,0,direct,5,0
8894.86,60,11.2,624.0,3,5.9,3,3,10,1,reseller,1,0
10966.99,45,13.1,697.0,0,0.0,2,0,9,0,direct,2,0
1997.33,15,4.0,664.0,2,2.9,2,3,4,0,reseller,0,0
1994.74,45,33.8,743.0,1,25.7,4,0,9,0,reseller,3,0
5122.63,45,1.2,700.0,3,17.2,3,2,8,1,direct,1,0
14397.05,45,45.9,714.0,2,17.1,6,1,1,1,direct,2,0
10212.74,30,1.4,768.0,1,17.1,3,0,2,1,online,2,0
1180.07,15,11.1,730.0,1,26.9,1,0,5,0,direct,0,0
2870.76,15,14.9,679.0,0,0.0,6,1,11,1,reseller,0,0
1575.7,45,39.7,492.0,1,5.9,4,0,10,0,direct,5,0
2861.89,15,32.5,726.0,0,0.0,3,2,6,1,direct,3,0
15428.46,30,78.1,598.0,1,9.2,1,0,5,0,direct,2,1
1011.98,30,6.8,672.0,1,23.6,3,0,9,1,direct,2,0
848.12,30,8.4,713.0,3,9.7,1,1,1,1,direct,0,0
1727.28,45,5.4,800.0,1,17.9,4,2,8,1,online,4,0
4715.36,60,7.2,846.0,0,0.0,1,2,8,0,online,6,0
6365.7,60,40.6,597.0,1,9.0,4,1,10,1,direct,6,1
5397.57,15,15.2,562.0,1,9.2,3,1,12,1,reseller,1,0
10489.36,30,34.4,709.0,2,23.7,1,1,5,1,direct,6,0
744.88,60,7.9,702.0,1,16.9,3,3,12,1,direct,1,0
10609.48,30,3.4,572.0,0,0.0,4,3,8,1,direct,4,0
2749.33,45,18.4,679.0,4,10.0,0,0,5,1,direct,1,0
7032.83,30,4.4,734.0,2,7.4,2,3,8,0,direct,6,0
1106.46,30,22.0,569.0,1,17.2,0,0,2,1,direct,4,0
3657.23,30,10.6,590.0,1,18.5,3,0,3,1,direct,1,1
4503.65,45,11.5,622.0,1,22.1,4,0,4,1,direct,2,0
10302.85,15,38.9,661.0,4,18.4,6,2,3,1,reseller,3,0
874.17,60,17.4,742.0,3,5.0,2,1,10,1,online,0,0
3743.13,30,3.0,651.0,2,9.2,1,1,9,0,direct,6,1
1370.99,15,10.3,685.0,0,0.0,0,2,10,0,direct,3,0
5738.46,45,13.3,850.0,2,24.7,3,0,3,1,direct,6,1
7328.27,30,20.9,594.0,3,3.0,1,0,1,1,online,4,1
11596.44,30,96.9,621.0,0,0.0,3,1,8,1,online,6,0
2249.52,90,1.7,741.0,1,9.5,1,0,5,0,direct,3,0
8387.55,45,25.8,769.0,2,12.0,1,1,12,1,direct,5,0
12392.06,30,45.4,717.0,2,17.0,1,0,3,1,reseller,4,0
829.71,60,3.0,843.0,0,0.0,3,2,4,1,direct,0,0
6317.7,30,50.9,709.0,2,11.2,1,0,5,1,direct,4,0
8627.07,30,9.0,502.0,0,0.0,3,0,11,1,direct,5,0
2884.61,30,0.6,689.0,1,9.2,5,2,12,0,reseller,6,1
1224.52,30,49.1,629.0,0,0.0,4,2,7,1,reseller,0,0
8507.13,30,33.1,805.0,1,8.5,5,3,3,0,direct,4,1
1237.0,30,6.1,767.0,2,8.3,2,0,8,1,direct,5,0
3101.01,45,14.8,537.0,1,29.1,4,3,1,1,reseller,2,0
3511.82,30,6.6,802.0,0,0.0,2,0,4,0,online,1,0
6932.56,30,25.2,765.0,1,3.4,4,0,5,1,online,6,0
2071.51,60,18.9,651.0,2,1.7,2,1,12,0,direct,5,0
1966.23,90,5.0,673.0,2,9.0,3,3,2,0,direct,2,0
3979.95,30,15.2,805.0,1,21.0,2,1,9,1,online,5,0
9006.95,60,40.7,503.0,4,4.4,5,0,4,0,reseller,0,0
28529.82,60,5.2,720.0,1,18.8,1,0,9,0,direct,0,0
937.55,15,12.8,778.0,1,5.2,4,3,6,1,reseller,1,1
4835.83,30,10.6,672.0,0,0.0,2,0,11,0,direct,0,1
1369.39,30,59.7,738.0,1,8.6,3,2,2,1,reseller,5,0
9108.2,45,0.7,689.0,1,10.2,2,0,2,1,online,5,0
1564.48,30,39.0,609.0,2,2.7,3,0,8,1,direct,2,0
1983.89,30,5.8,607.0,2,3.3,2,3,2,1,direct,3,0
2142.34,45,1.0,744.0,1,7.3,0,0,11,1,direct,6,0
3399.63,30,10.5,623.0,0,0.0,3,3,1,0,direct,2,1
4870.14,30,14.5,543.0,0,0.0,0,0,4,1,direct,3,1
5627.0,60,58.1,691.0,1,12.1,7,0,11,0,reseller,2,1
3622.1,90,4.3,634.0,2,4.1,5,0,6,1,direct,0,0
1100.04,45,91.7,572.0,1,6.5,4,2,11,1,online,0,0
7009.4,30,29.8,686.0,2,10.9,2,0,9,0,online,2,1
3471.48,15,2.4,749.0,2,3.0,4,1,6,0,direct,5,0
10358.49,30,42.8,682.0,1,12.1,1,3,11,1,direct,5,0
1925.68,30,16.8,584.0,2,9.3,2,0,8,0,reseller,6,0
860.88,30,77.5,723.0,0,0.0,3,0,8,1,online,1,0
3531.14,60,3.1,773.0,2,22.5,2,2,11,0,direct,1,0
11688.46,45,58.2,850.0,0,0.0,1,1,2,1,online,4,0
4208.44,30,1.8,810.0,1,12.7,4,3,5,0,online,3,0
3042.08,30,9.2,590.0,0,0.0,5,0,5,1,online,0,1
1663.51,30,4.7,757.0,2,3.9,2,0,4,1,reseller,5,0
17711.86,30,68.1,703.0,1,5.1,6,0,4,1,online,4,0
1441.38,45,20.4,576.0,0,0.0,1,0,12,1,direct,2,0
1895.32,15,17.3,706.0,0,0.0,3,1,1,1,online,1,1
6081.65,60,6.5,850.0,2,12.3,4,3,3,1,reseller,6,0
685.11,15,1.2,788.0,1,14.4,1,1,7,1,direct,4,0
11465.89,30,29.4,589.0,0,0.0,0,2,7,1,online,2,0
6385.43,90,24.3,681.0,0,0.0,4,2,11,1,reseller,4,0
8178.86,30,172.7,724.0,2,2.2,3,0,8,1,reseller,6,0
6016.77,15,11.0,524.0,0,0.0,1,2,12,1,direct,4,1
3149.47,45,28.3,527.0,2,20.0,1,0,5,1,reseller,0,0
1398.51,30,10.6,694.0,3,18.4,6,0,12,0,direct,2,0
3209.7,15,19.8,695.0,0,0.0,3,1,6,0,reseller,0,1
1513.66,15,25.2,515.0,1,17.1,4,0,2,1,reseller,2,1
5639.44,15,20.7,715.0,1,6.6,3,1,10,0,reseller,3,0
7525.87,30,30.5,778.0,3,6.5,2,0,3,0,online,6,0
13754.59,30,61.4,660.0,1,11.8,5,0,9,0,direct,0,0
5087.75,45,13.7,685.0,0,0.0,3,2,11,0,reseller,6,0
8367.56,60,4.6,731.0,1,13.1,4,1,10,1,reseller,5,0
2786.58,15,18.6,720.0,1,19.3,1,3,4,1,reseller,2,0
2367.41,30,25.4,530.0,1,24.7,2,0,4,1,direct,5,0
5576.43,15,6.8,599.0,2,32.2,3,3,2,1,direct,5,0
2571.32,30,11.9,644.0,1,12.1,4,0,4,1,direct,0,0
4639.06,30,29.7,603.0,2,5.9,5,2,7,0,direct,6,1
1400.98,45,20.8,812.0,1,4.5,4,0,4,1,direct,0,0
1646.71,30,29.1,737.0,3,36.1,3,2,11,1,reseller,3,1
6450.21,30,2.7,580.0,2,7.7,2,3,7,0,direct,3,0
8087.06,45,21.0,661.0,1,0.9,1,2,7,1,direct,2,0
1499.53,60,22.0,782.0,0,0.0,5,0,2,1,direct,6,0
6657.86,30,33.6,622.0,0,0.0,1,3,11,1,reseller,0,0
2254.17,30,11.2,757.0,2,17.3,4,0,12,0,direct,5,0
3695.44,90,9.2,804.0,0,0.0,2,0,8,0,direct,5,0
13033.13,30,26.1,789.0,1,18.6,4,2,10,1,direct,2,0
7530.66,45,29.6,696.0,1,14.9,0,0,8,1,direct,1,0
7452.35,45,46.5,793.0,1,26.2,2,0,12,1,online,2,0
20290.57,30,27.0,633.0,1,18.2,3,0,5,1,direct,5,0
1932.38,30,23.1,850.0,2,22.4,4,2,3,1,direct,5,0
1499.24,15,6.3,702.0,0,0.0,3,0,7,1,direct,4,0
1900.91,30,4.4,783.0,1,3.5,2,0,8,0,online,2,0
2895.6,30,29.2,647.0,2,4.4,1,3,10,1,online,6,1
437.42,45,35.3,725.0,1,8.8,2,0,11,1,reseller,4,0
3020.91,45,1.2,729.0,1,32.8,4,2,1,1,reseller,0,0
2230.29,60,5.4,596.0,0,0.0,4,0,6,1,online,0,0
7371.55,90,16.2,594.0,0,0.0,2,0,8,1,direct,4,0
4999.92,45,21.8,662.0,1,43.8,2,3,6,0,reseller,5,0
2120.43,15,3.5,779.0,1,12.5,4,0,2,0,direct,4,0
6191.7,30,42.2,515.0,1,7.2,2,0,1,1,direct,1,1
6980.93,45,41.6,647.0,0,0.0,2,0,9,1,reseller,5,1
1823.13,30,12.5,798.0,0,0.0,4,0,12,0,direct,2,0
2336.19,30,45.1,569.0,1,19.8,3,2,8,1,direct,4,0
491.36,30,19.0,793.0,1,1.4,1,2,9,1,direct,4,0
1364.31,30,9.2,578.0,2,9.7,2,0,7,1,online,1,0
1866.42,30,2.2,598.0,1,25.3,2,3,12,1,reseller,1,1
3892.28,60,10.8,667.0,1,6.4,1,3,5,1,reseller,5,0
1554.88,30,15.0,849.0,1,12.5,4,0,3,1,reseller,6,1
2293.64,30,18.6,622.0,0,0.0,3,0,9,1,direct,4,0
1208.58,30,37.0,524.0,0,0.0,1,0,10,1,reseller,2,1
4247.15,30,6.3,554.0,0,0.0,1,1,11,0,reseller,2,0
5340.87,30,4.4,764.0,1,24.8,3,0,3,0,direct,3,0
5229.8,30,14.2,558.0,0,0.0,3,0,2,1,direct,5,1
3681.68,30,11.9,787.0,1,12.4,4,0,2,1,direct,6,0
909.63,45,7.3,686.0,0,0.0,1,3,11,0,reseller,5,1
2083.99,15,19.4,677.0,0,0.0,3,0,11,1,reseller,6,0
2523.56,90,5.3,707.0,2,18.2,5,0,8,1,reseller,3,0
2532.68,45,44.5,608.0,0,0.0,0,0,2,1,online,6,0
3895.13,30,26.9,692.0,1,16.2,3,0,9,1,direct,4,0
13134.36,30,17.4,573.0,2,25.5,2,2,9,1,direct,6,0
7561.97,30,0.1,801.0,3,11.5,3,0,10,1,direct,0,0
1497.02,45,21.8,588.0,1,6.2,3,0,5,1,direct,5,1
6704.69,45,32.6,719.0,0,0.0,2,2,1,1,direct,6,0
6478.68,45,29.3,587.0,1,15.0,1,2,12,1,direct,0,0
1762.59,60,8.2,632.0,0,0.0,4,3,6,0,direct,6,0
7816.4,30,9.4,646.0,0,0.0,4,1,7,0,direct,1,0
3151.59,45,19.5,850.0,3,0.2,8,2,11,1,direct,3,0
1023.56,30,11.9,679.0,0,0.0,4,0,8,1,reseller,4,0
5484.51,45,28.9,606.0,3,10.0,7,0,4,1,direct,0,1
4426.06,30,49.4,640.0,0,0.0,6,1,10,0,direct,4,0
2966.36,45,22.8,545.0,4,4.9,8,3,7,1,reseller,5,0
3520.27,15,9.1,665.0,2,5.3,2,1,5,1,direct,4,0
1906.12,30,4.9,847.0,0,0.0,4,2,6,1,reseller,1,1
6305.12,30,5.0,710.0,4,20.0,1,0,12,1,direct,0,0
3501.32,60,14.9,761.0,1,8.6,3,2,11,1,direct,4,0
4229.35,30,81.2,598.0,0,0.0,4,3,1,1,direct,1,0
5021.22,30,3.2,662.0,0,0.0,4,0,1,1,direct,1,0
1288.03,30,14.6,698.0,5,1.4,2,2,2,0,reseller,4,0
1628.06,30,6.8,615.0,1,3.8,5,0,3,1,direct,2,0
498.22,60,28.4,716.0,2,6.5,6,3,9,1,reseller,3,0
6052.75,90,33.1,735.0,0,0.0,8,2,9,0,online,6,0
1222.94,60,0.1,729.0,2,11.9,4,1,6,1,online,4,0
4102.34,60,56.1,666.0,2,10.8,2,1,9,1,online,1,0
5084.18,30,16.5,778.0,1,3.9,3,2,5,0,direct,1,0
6261.14,30,42.5,657.0,2,12.0,1,0,4,1,reseller,6,1
1231.99,30,3.6,649.0,1,5.0,6,0,10,1,direct,3,0
3433.57,45,60.1,810.0,3,8.9,4,1,7,0,reseller,2,0
16370.76,30,18.4,580.0,0,0.0,4,3,10,1,direct,0,0
17032.58,45,3.2,527.0,1,12.0,7,3,5,0,online,2,0
8853.7,30,14.6,602.0,2,5.5,3,3,11,0,direct,0,0
4933.2,30,85.3,715.0,1,24.2,3,0,9,1,online,2,0
1473.51,30,11.8,796.0,2,5.9,4,0,3,0,direct,2,0
6951.82,60,2.5,621.0,0,0.0,3,0,9,0,direct,1,0
3158.27,45,93.9,843.0,0,0.0,2,1,10,1,reseller,0,0
6029.84,30,69.6,682.0,1,4.6,5,0,11,0,reseller,6,0
2059.96,60,20.3,670.0,3,1.1,1,0,9,1,direct,2,0
3116.17,60,16.4,604.0,2,25.8,5,0,3,1,direct,3,0
4220.6,30,22.4,850.0,2,13.8,3,1,11,1,online,2,0
4544.4,45,12.7,666.0,0,0.0,1,0,8,1,direct,3,1
5677.98,30,20.1,560.0,3,7.8,2,3,8,1,reseller,3,1
2161.86,30,63.0,850.0,1,3.7,1,0,12,1,direct,1,1
1086.86,15,22.4,715.0,2,1.8,3,0,11,1,direct,0,1
15713.99,30,6.9,752.0,3,8.8,5,0,2,1,reseller,2,0
34211.9,30,0.3,831.0,0,0.0,10,0,10,0,direct,3,0
5446.23,15,18.7,735.0,1,7.4,0,2,10,0,reseller,6,0
1105.89,30,27.8,768.0,0,0.0,3,0,12,1,direct,1,0
1815.51,45,58.9,685.0,2,1.1,3,0,9,0,direct,1,0
5757.2,45,10.5,746.0,0,0.0,2,1,8,1,direct,3,0
12173.35,15,24.4,677.0,0,0.0,1,2,3,0,direct,6,0
1222.19,15,8.7,678.0,2,7.1,1,0,5,1,online,1,0
3255.5,30,18.4,691.0,2,6.5,5,0,3,1,direct,3,0
4343.08,60,36.3,644.0,0,0.0,3,3,5,0,reseller,4,0
7927.72,60,29.0,725.0,5,4.2,1,3,8,1,online,6,0
2672.47,30,14.7,725.0,2,7.4,5,0,5,1,direct,1,0
891.2,45,23.0,754.0,1,7.8,2,0,2,1,reseller,2,0
6368.24,30,23.4,738.0,1,5.3,3,0,9,0,reseller,0,0
10019.78,90,7.6,850.0,1,21.9,6,2,5,0,direct,2,0
3380.12,15,6.7,775.0,1,17.8,6,3,5,1,reseller,6,1
5243.35,30,32.1,661.0,0,0.0,2,1,6,0,online,4,0
2375.49,30,45.3,721.0,3,3.1,2,1,1,0,direct,4,0
1700.72,30,28.7,807.0,2,4.6,3,2,9,1,direct,4,0
9170.83,15,101.7,595.0,0,0.0,1,0,2,0,online,5,0
5160.28,15,33.1,850.0,0,0.0,1,0,10,0,direct,1,1
5660.86,30,6.3,610.0,0,0.0,5,2,10,1,direct,0,0
14071.46,45,68.4,761.0,1,18.2,4,0,3,1,direct,4,0
1409.01,45,32.1,681.0,1,4.1,2,3,12,1,reseller,4,0
2215.37,30,6.8,675.0,2,1.5,3,0,7,0,online,3,0
4197.06,60,13.1,563.0,0,0.0,3,2,1,1,reseller,3,0
2191.01,30,9.0,762.0,0,0.0,0,0,3,1,reseller,0,1
7367.42,90,1.6,564.0,1,12.0,3,0,4,0,direct,6,1
3075.86,15,75.5,550.0,1,10.7,2,0,1,1,reseller,1,0
1490.28,60,6.5,784.0,0,0.0,4,0,7,1,direct,4,0
3862.98,60,16.3,841.0,0,0.0,2,2,3,1,online,2,1
4244.18,60,1.9,620.0,2,9.3,2,1,10,1,direct,1,0
8444.02,60,13.2,770.0,0,0.0,4,1,7,1,reseller,0,0
5186.56,30,19.4,752.0,2,28.8,7,1,9,0,direct,1,0
5513.92,45,26.2,672.0,1,10.2,1,0,3,0,reseller,4,0
4857.42,30,42.9,800.0,1,7.2,4,0,12,1,reseller,1,0
3073.58,30,2.3,665.0,0,0.0,4,0,9,1,direct,4,0
1911.04,90,0.4,727.0,0,0.0,5,0,8,1,direct,4,0
4721.84,30,18.2,567.0,3,26.0,4,2,12,0,direct,1,1
2697.79,30,10.8,571.0,0,0.0,3,0,6,1,direct,3,1
16661.24,60,69.5,785.0,1,23.1,1,0,6,1,direct,3,0
12185.04,30,26.9,730.0,0,0.0,4,2,11,0,online,6,1
6435.31,30,5.5,667.0,1,2.5,4,0,11,0,direct,5,1
5118.52,30,5.0,850.0,4,36.4,1,0,4,1,direct,5,0
3363.83,45,50.2,850.0,5,10.9,4,0,9,1,direct,2,1
1170.27,60,1.6,720.0,1,29.1,1,0,3,1,direct,0,0
2997.23,15,32.0,549.0,2,23.0,3,0,1,0,online,2,0
3988.86,45,67.7,670.0,1,2.1,5,0,4,1,reseller,6,1
4476.12,30,10.1,605.0,1,9.0,2,0,2,0,direct,2,1
5555.72,45,35.8,688.0,1,5.1,2,1,4,1,reseller,5,0
8343.16,45,56.9,596.0,2,4.5,3,2,4,0,direct,0,0
1952.88,90,36.4,572.0,2,11.9,6,3,6,1,direct,0,0
1968.9,30,17.5,476.0,0,0.0,6,0,12,0,direct,3,1
13437.05,30,22.0,695.0,0,0.0,3,0,4,1,direct,6,0
7287.26,30,39.2,473.0,3,2.7,1,0,5,1,reseller,5,0
2561.39,30,41.7,651.0,1,9.8,2,2,11,1,direct,4,0
3306.05,30,19.6,742.0,1,15.2,3,1,5,0,direct,1,0
3319.46,15,3.7,615.0,0,0.0,2,1,12,1,direct,2,1
3745.9,15,96.7,582.0,2,27.9,2,1,9,1,reseller,1,0
5571.47,60,6.4,674.0,2,25.6,1,3,12,1,direct,0,0
35649.61,15,3.8,605.0,0,0.0,3,0,10,1,direct,0,0
4319.01,30,20.3,697.0,1,15.0,0,0,9,0,direct,5,1
6610.0,45,1.3,587.0,2,18.3,1,0,9,1,direct,0,1
798.05,15,15.9,671.0,0,0.0,4,3,9,1,reseller,1,0
2353.34,30,32.7,649.0,1,8.5,1,1,11,0,direct,2,0
11003.11,30,22.8,679.0,0,0.0,2,2,1,1,online,3,0
5229.57,30,80.6,827.0,1,4.4,6,2,2,1,reseller,6,0
70.09,30,51.7,698.0,2,2.1,6,3,6,1,reseller,6,1
6678.31,45,43.7,725.0,1,4.6,6,1,5,0,direct,6,0
20462.47,30,41.5,624.0,1,5.7,2,2,8,0,direct,5,0
604.07,15,25.8,700.0,3,9.9,2,1,4,1,reseller,0,0
14291.91,15,7.2,655.0,0,0.0,2,0,11,1,direct,3,0
300.44,30,1.0,683.0,2,18.7,2,0,3,1,direct,5,0
8469.27,30,105.5,738.0,0,0.0,2,0,2,1,reseller,2,0
3612.72,60,21.8,635.0,1,24.2,2,3,10,1,reseller,6,0
439.23,15,29.3,644.0,1,5.5,4,0,7,1,reseller,4,0
5439.94,30,51.5,636.0,0,0.0,1,0,11,1,direct,4,0
10257.41,30,35.8,634.0,2,3.4,2,0,6,1,online,4,0
5051.79,45,30.0,696.0,0,0.0,3,0,12,1,reseller,1,1
6163.16,45,1.5,647.0,2,5.0,2,3,2,0,direct,1,0
2513.65,15,13.4,815.0,0,0.0,3,0,6,1,direct,0,0
681.81,45,15.3,850.0,1,2.7,4,2,12,1,direct,5,0
6786.41,30,42.8,629.0,1,23.2,6,1,2,0,direct,5,0
17584.6,45,0.0,706.0,1,4.3,2,0,12,1,direct,0,1
10063.02,30,9.4,773.0,1,21.1,8,0,11,1,reseller,1,0
608.45,45,23.7,656.0,0,0.0,2,0,2,0,direct,1,0
931.31,45,22.8,591.0,1,16.6,1,0,7,1,online,4,0
1700.42,45,3.3,836.0,0,0.0,4,0,3,0,direct,1,1
868.11,30,3.6,742.0,3,16.1,2,1,3,0,reseller,0,0
3788.67,45,12.9,709.0,3,1.5,3,0,7,0,reseller,4,0
5187.85,45,28.4,811.0,1,7.6,8,3,5,0,online,0,0
1005.03,30,50.1,749.0,1,22.0,3,3,4,0,online,0,0
7327.69,30,3.5,676.0,2,8.9,0,0,11,1,online,0,0
6254.11,30,1.0,592.0,2,5.4,5,3,9,1,direct,6,0
2223.1,30,50.4,636.0,1,2.5,3,1,4,1,direct,6,0
3117.32,45,12.1,788.0,0,0.0,2,0,10,1,online,4,0
629.66,30,117.7,741.0,1,24.4,5,1,11,1,online,3,0
2699.88,45,35.4,663.0,0,0.0,1,2,6,1,online,6,0
3665.23,45,44.9,839.0,0,0.0,4,0,8,1,reseller,0,0
4238.11,45,18.1,666.0,0,0.0,2,0,12,0,online,0,0
5120.41,45,1.1,769.0,2,6.8,4,0,5,0,direct,3,0
4536.08,45,3.1,700.0,2,16.9,2,2,2,1,direct,1,0
2870.07,30,22.9,850.0,1,20.2,3,2,1,1,online,3,0
4710.62,30,25.9,748.0,2,6.2,4,0,3,1,direct,5,0
8971.69,60,3.9,684.0,3,14.3,2,2,1,1,online,0,0
3341.09,90,1.9,664.0,1,12.4,0,0,9,0,direct,5,0
4845.64,30,3.6,679.0,1,2.3,2,0,12,1,reseller,6,0
3079.26,60,5.6,615.0,4,11.9,4,1,7,1,direct,1,1
2034.32,90,124.9,557.0,2,9.5,1,2,12,0,reseller,6,0
5828.95,30,24.2,708.0,2,2.8,6,0,8,1,online,5,1
2209.0,45,35.2,632.0,1,15.9,1,0,12,1,reseller,2,0
5154.02,45,37.0,632.0,0,0.0,2,0,7,1,online,5,1
3734.73,30,51.1,672.0,0,0.0,4,0,5,0,direct,6,0
2769.6,15,17.0,685.0,1,53.6,4,0,11,1,direct,2,0
2709.91,30,9.5,681.0,1,5.2,1,3,10,1,online,5,0
2304.67,45,35.6,836.0,0,0.0,3,0,5,1,online,2,0
827.81,30,71.0,740.0,1,2.2,3,1,6,0,direct,4,0
5138.96,45,37.9,850.0,2,34.9,2,0,1,1,online,2,0
4484.54,45,6.3,640.0,2,25.6,3,1,5,1,reseller,0,0
7822.06,45,7.9,751.0,1,1.0,0,0,9,0,direct,5,0
2256.77,30,7.7,645.0,1,48.6,3,0,4,1,direct,0,0
20047.21,30,30.7,629.0,3,31.0,1,0,7,1,online,2,0
2586.96,30,19.3,850.0,0,0.0,3,1,10,0,online,4,0
1656.4,30,70.0,611.0,2,4.5,5,0,8,1,direct,0,0
1488.74,15,7.1,479.0,1,24.1,6,0,4,1,direct,1,1
764.69,15,83.7,616.0,3,16.9,3,0,3,1,direct,3,1
14463.23,30,4.9,499.0,1,38.0,1,0,8,0,online,2,0
12505.96,30,0.0,594.0,0,0.0,3,0,10,1,online,0,1
6252.09,30,39.4,603.0,0,0.0,5,0,11,1,direct,4,0
1625.42,30,46.8,683.0,0,0.0,0,1,1,1,online,3,0
18585.57,60,18.5,496.0,0,0.0,6,3,4,1,direct,0,0
2653.02,30,7.9,788.0,1,4.6,2,0,3,0,reseller,2,0
2858.0,60,0.7,511.0,0,0.0,4,0,8,1,reseller,3,0
13273.61,45,34.2,669.0,2,15.7,7,0,1,1,direct,4,0
6588.1,15,6.0,651.0,5,37.7,5,0,3,1,direct,1,1
26396.66,60,11.5,754.0,1,4.8,3,0,9,1,direct,1,0
4554.4,60,29.4,712.0,0,0.0,3,0,9,1,online,2,0
2547.0,45,5.0,787.0,2,18.5,1,0,10,1,direct,5,1
2099.33,30,0.4,647.0,0,0.0,2,2,1,1,direct,1,1
690.7,30,4.8,638.0,3,14.8,6,0,7,1,direct,6,1
2833.49,30,37.6,717.0,0,0.0,2,0,9,1,online,0,0
10199.91,45,11.5,773.0,0,0.0,2,2,3,0,direct,5,0
6241.34,30,45.4,754.0,2,23.5,3,1,9,0,online,6,0
3708.11,30,3.0,709.0,1,15.1,4,0,1,1,reseller,2,0
1487.06,15,19.5,701.0,0,0.0,1,0,11,1,reseller,2,0
4465.72,15,4.4,677.0,1,8.2,5,1,4,0,direct,3,0
9059.17,30,8.1,717.0,2,5.5,4,0,11,0,direct,4,0
5364.98,30,5.7,850.0,1,16.5,0,0,5,0,online,5,0
4230.44,60,33.9,658.0,1,1.9,2,3,10,1,reseller,6,0
1777.1,30,56.3,647.0,0,0.0,1,0,6,0,direct,5,1
7946.32,30,8.5,640.0,0,0.0,2,0,3,1,reseller,2,0
217.3,30,83.0,715.0,0,0.0,2,0,10,1,direct,0,0
5138.73,30,0.9,489.0,3,3.9,1,0,9,1,direct,3,0
36801.35,45,91.5,668.0,2,10.2,5,0,12,1,direct,0,1
936.79,30,50.7,759.0,2,1.9,3,0,4,1,reseller,5,0
2930.03,90,20.8,633.0,1,16.7,4,1,10,1,reseller,0,0
3615.12,90,51.8,697.0,0,0.0,3,0,5,1,online,0,0
2401.08,60,13.1,850.0,2,12.6,4,1,5,1,direct,3,0
9253.31,60,18.0,710.0,0,0.0,1,0,3,1,online,4,0
5570.31,30,57.9,478.0,0,0.0,1,0,1,1,direct,1,0
4175.84,30,2.8,553.0,1,7.5,3,0,7,0,direct,4,1
7461.75,30,52.8,657.0,0,0.0,4,0,12,0,reseller,4,0
3696.26,45,9.5,608.0,1,10.5,2,0,8,0,direct,1,0
63696.06,30,18.0,689.0,0,0.0,2,0,9,0,direct,6,0
4172.26,30,8.3,653.0,0,0.0,6,3,9,1,direct,1,0
4340.54,15,44.3,785.0,0,0.0,5,0,4,1,online,0,0
781.0,45,27.1,582.0,1,5.1,3,0,12,1,reseller,6,0
2232.54,45,15.2,661.0,2,7.9,3,1,12,1,online,5,0
10225.5,15,64.3,700.0,0,0.0,5,3,10,0,reseller,5,0
1094.54,30,24.5,711.0,0,0.0,7,2,2,1,reseller,0,0
522.28,30,30.0,693.0,5,14.5,5,1,1,1,direct,3,1
3748.4,45,64.6,463.0,0,0.0,0,1,5,1,direct,0,0
12502.33,15,37.7,687.0,3,8.5,4,3,12,1,direct,5,0
3782.51,15,63.4,666.0,3,8.0,2,0,6,1,direct,3,0
2690.51,45,2.6,758.0,1,9.4,5,2,11,1,direct,6,0
683.59,30,16.7,745.0,3,2.2,2,0,4,1,direct,6,0
5469.97,60,27.3,702.0,1,13.6,4,1,9,1,online,2,0
6602.13,30,28.7,708.0,4,6.4,5,0,2,1,direct,2,0
732.48,60,13.1,802.0,1,11.5,3,0,6,1,direct,6,1
10107.97,30,57.8,784.0,0,0.0,3,3,2,1,reseller,3,0
7252.68,30,21.6,705.0,0,0.0,0,3,1,1,direct,5,0
10087.82,90,19.0,850.0,1,25.6,3,0,8,0,reseller,6,0
6155.94,15,39.0,623.0,1,15.2,2,0,3,1,online,2,0
6557.17,45,3.9,573.0,0,0.0,0,0,12,0,direct,4,1
5817.63,15,6.4,679.0,0,0.0,4,0,12,0,direct,5,1
7955.55,30,13.3,646.0,0,0.0,1,1,12,1,online,2,1
708.48,30,17.4,458.0,0,0.0,3,0,9,1,online,4,0
942.98,30,28.8,621.0,2,3.0,1,1,6,1,direct,2,0
1877.31,45,27.3,711.0,3,0.8,2,1,3,1,direct,5,0
3239.46,15,16.7,675.0,1,6.4,4,3,10,1,direct,1,0
5163.26,30,13.3,610.0,0,0.0,4,2,9,0,online,3,1
4876.65,30,5.7,684.0,0,0.0,2,1,3,1,direct,0,0
9950.67,30,16.9,691.0,3,3.8,3,0,3,1,online,6,0
10235.79,30,9.3,744.0,1,6.1,3,0,9,0,direct,0,0
1660.47,90,4.8,622.0,2,6.6,1,2,9,1,direct,0,0
4513.0,15,1.0,759.0,1,11.7,1,2,6,1,direct,5,1
1697.57,30,21.1,582.0,3,14.6,2,3,2,0,reseller,1,0
3073.52,30,46.6,635.0,3,5.2,4,0,8,1,online,3,0
4863.98,30,39.9,833.0,2,11.8,4,1,2,1,direct,6,0
169.38,30,34.4,588.0,1,0.9,5,2,1,1,direct,0,0
31892.29,45,19.8,621.0,0,0.0,3,0,12,0,reseller,1,0
6061.83,45,49.3,567.0,1,4.3,1,0,10,1,direct,2,1
2129.98,60,3.2,606.0,0,0.0,3,2,9,1,direct,5,0
20632.71,30,2.2,692.0,2,5.8,6,3,7,1,direct,1,0
2663.28,45,2.1,744.0,0,0.0,3,0,9,1,direct,6,0
4102.15,60,14.0,678.0,0,0.0,4,0,7,1,reseller,2,0
2348.65,60,3.2,651.0,0,0.0,4,3,12,1,direct,4,0
16103.51,60,17.4,568.0,3,20.2,4,1,3,0,direct,4,1
3312.68,30,14.9,615.0,3,25.0,6,0,6,1,direct,3,1
4165.27,90,24.1,541.0,3,13.3,1,2,5,1,direct,0,0
10757.99,60,20.4,746.0,2,1.5,6,0,5,0,reseller,2,0
6164.89,45,24.5,753.0,1,3.9,5,0,1,1,direct,5,0
3467.14,45,6.7,676.0,2,25.8,4,1,11,0,direct,1,0
9890.72,90,10.0,720.0,2,8.4,3,0,5,1,direct,0,0
35761.78,30,35.8,759.0,1,7.9,7,3,7,1,reseller,3,0
4844.84,45,21.5,689.0,1,15.6,3,2,4,1,direct,0,0
4044.38,45,14.8,805.0,0,0.0,6,3,2,1,direct,2,0
4245.29,45,63.2,588.0,1,35.5,4,1,10,0,reseller,5,0
11841.75,45,4.2,649.0,3,9.3,5,0,6,1,online,1,0
2123.29,30,63.9,638.0,0,0.0,6,0,2,1,direct,4,0
2834.2,30,0.1,738.0,1,19.7,4,3,8,0,direct,0,0
912.6,30,8.3,551.0,0,0.0,7,0,2,1,reseller,0,0
1254.53,45,2.0,810.0,1,3.0,2,3,11,1,online,2,0
2284.68,45,44.9,731.0,1,8.4,4,0,10,1,reseller,0,0
3462.19,60,4.2,838.0,0,0.0,7,1,9,1,direct,4,0
17893.18,45,1.2,676.0,1,4.8,2,0,8,0,online,5,0
5898.15,30,65.5,630.0,5,8.1,1,0,12,0,reseller,0,0
1602.19,15,42.6,739.0,1,31.2,2,1,8,1,online,0,0
1890.92,45,30.8,773.0,1,30.8,3,2,1,1,direct,3,0
12547.46,60,22.8,616.0,3,23.5,1,0,2,1,reseller,5,0
10036.15,45,27.3,500.0,1,7.3,6,3,9,0,direct,1,0
3734.37,60,30.3,516.0,1,5.5,6,0,8,1,direct,4,0
2444.82,90,13.1,704.0,0,0.0,5,2,5,1,online,2,0
10021.01,30,82.6,819.0,2,26.7,1,0,8,1,reseller,5,0
1489.22,45,28.9,563.0,0,0.0,2,3,5,0,reseller,4,0
5181.38,30,11.4,655.0,3,13.1,3,3,6,1,reseller,3,0
28152.55,30,28.6,649.0,0,0.0,1,0,3,1,direct,3,0
4380.07,30,81.6,850.0,3,2.4,2,0,12,1,online,4,0
1811.57,30,6.4,850.0,1,2.6,3,0,8,1,reseller,2,1
5267.61,30,1.2,718.0,1,9.3,5,2,4,1,reseller,0,0
2385.09,45,22.9,761.0,2,4.7,0,3,9,1,direct,4,0
1038.25,15,5.9,758.0,1,12.4,3,2,7,1,direct,6,0
6842.66,30,35.9,565.0,3,5.5,7,0,4,1,direct,3,1
9957.2,30,37.9,743.0,0,0.0,3,2,2,0,reseller,2,0
2752.28,30,34.5,588.0,2,6.9,3,3,9,0,direct,6,0
2592.79,60,6.8,665.0,0,0.0,1,0,5,1,direct,1,0
1532.4,30,47.6,783.0,0,0.0,3,0,4,1,reseller,2,0
3181.34,15,52.0,687.0,2,11.5,4,2,4,0,direct,0,0
2194.85,90,65.9,779.0,0,0.0,2,0,2,1,direct,4,0
1465.67,60,32.4,797.0,1,7.9,4,3,9,1,reseller,3,0
19989.29,45,37.3,522.0,0,0.0,3,3,12,1,direct,5,0
5540.52,45,1.0,484.0,1,3.5,4,0,10,1,online,0,0
6094.58,15,78.7,785.0,0,0.0,4,3,3,0,reseller,4,0
8063.15,45,13.2,788.0,0,0.0,3,3,11,1,online,4,0
7287.62,30,29.0,703.0,0,0.0,2,0,6,1,direct,3,1
2510.41,30,15.6,715.0,0,0.0,2,2,3,1,reseller,5,1
4653.14,30,10.5,760.0,0,0.0,2,0,6,1,reseller,0,0
2857.99,45,75.8,759.0,0,0.0,2,2,8,1,direct,0,0
5402.5,30,11.6,653.0,2,27.5,5,1,8,0,direct,6,0
4951.88,30,7.8,766.0,1,5.6,2,1,7,1,direct,3,0
2580.16,15,17.6,649.0,1,9.1,1,1,6,1,online,0,0
1100.62,45,2.1,702.0,0,0.0,4,0,7,0,online,3,0
4153.11,30,1.8,698.0,1,0.4,2,1,9,0,online,3,1
3029.51,30,17.6,603.0,0,0.0,6,0,3,1,online,0,0
664.25,30,22.5,613.0,1,14.2,0,2,4,1,direct,1,0
5749.66,45,45.2,850.0,0,0.0,2,2,9,1,reseller,3,0
8680.27,30,15.0,600.0,0,0.0,0,0,9,0,direct,5,0
35437.32,60,20.1,713.0,1,19.3,2,3,8,1,direct,4,0
2560.41,30,52.7,732.0,0,0.0,1,1,10,1,direct,4,0
2242.08,15,55.0,675.0,1,7.5,4,0,11,0,reseller,4,0
1341.47,30,5.9,740.0,1,4.1,2,0,5,1,online,1,0
4393.04,15,20.6,710.0,0,0.0,3,1,8,1,direct,0,1
4368.11,30,16.7,602.0,3,21.0,4,2,11,1,online,5,0
1754.31,30,15.1,728.0,2,16.3,2,2,9,1,direct,5,0
3110.58,60,13.1,631.0,3,35.3,4,1,3,1,reseller,2,1
613.51,30,4.7,837.0,5,10.4,3,0,5,1,direct,4,0
8381.14,30,53.2,719.0,3,6.9,1,0,8,1,reseller,1,0
1819.63,30,5.0,617.0,2,8.7,3,1,3,1,direct,1,0
3529.14,30,7.7,711.0,3,17.4,4,0,10,1,online,0,1
1008.25,30,1.6,597.0,1,14.2,1,0,12,1,direct,1,0
2155.72,30,15.4,703.0,3,5.9,3,0,7,0,direct,2,0
2830.95,15,40.0,660.0,1,11.9,6,0,8,1,online,2,0
3604.14,30,0.7,606.0,2,5.3,5,2,9,1,direct,6,1
5606.93,60,1.2,604.0,2,14.2,6,0,6,0,direct,5,0
13295.32,45,23.0,850.0,3,1.6,5,0,9,1,direct,1,1
7040.54,60,3.6,688.0,2,2.3,4,0,12,1,direct,2,1
8655.48,30,8.2,641.0,0,0.0,2,3,4,1,reseller,6,0
13379.7,60,13.6,626.0,0,0.0,2,0,4,1,reseller,5,0
6079.86,30,9.9,722.0,1,13.2,2,0,6,1,direct,6,1
3522.63,15,4.1,623.0,0,0.0,2,0,9,1,direct,4,0
9029.03,60,0.5,581.0,1,9.5,1,2,10,1,direct,3,0
9563.49,15,35.3,677.0,0,0.0,5,2,3,1,direct,5,0
6527.04,30,29.9,676.0,0,0.0,5,0,12,1,direct,4,0
983.22,60,25.9,642.0,0,0.0,1,3,6,1,direct,0,0
1707.33,45,2.7,600.0,0,0.0,1,0,6,1,reseller,2,1
2843.05,30,2.1,645.0,1,10.4,3,2,5,1,direct,3,1
7344.15,30,2.9,638.0,1,2.0,6,0,1,0,direct,3,0
3571.67,15,79.7,625.0,3,4.9,2,1,10,1,direct,1,0
10129.24,90,3.0,705.0,1,1.7,3,1,6,1,reseller,5,0
11893.09,30,29.5,850.0,1,0.7,3,2,6,0,online,0,0
10713.43,30,20.5,800.0,1,7.0,7,2,7,1,direct,6,0
10775.03,30,67.7,850.0,2,10.5,3,3,5,1,reseller,2,0
1431.83,60,56.2,629.0,2,13.4,3,2,2,1,online,3,0
5621.6,45,7.5,831.0,0,0.0,2,1,4,0,online,4,0
2107.43,30,10.0,700.0,1,6.2,1,0,7,0,direct,2,1
825.38,90,18.6,769.0,1,3.0,0,0,11,1,reseller,5,0
2810.94,15,104.5,721.0,2,10.3,4,0,6,1,reseller,0,0
11995.22,60,129.9,649.0,3,6.2,3,0,3,0,direct,6,0
5511.92,15,6.0,745.0,2,16.5,2,3,4,1,online,2,0
22382.36,30,7.0,724.0,1,6.5,2,0,6,0,direct,5,1
4270.59,15,77.1,521.0,2,13.4,4,0,11,1,online,0,0
32959.09,90,21.8,669.0,1,30.7,2,3,6,1,direct,0,0
4271.71,60,2.1,759.0,1,16.0,4,0,4,1,direct,2,0
3715.37,30,14.0,705.0,2,24.6,2,2,6,1,reseller,4,0
1151.19,30,1.4,722.0,2,2.1,3,0,11,1,online,6,1
9892.25,30,38.3,612.0,2,2.7,6,0,9,1,reseller,0,0
2317.14,30,4.1,703.0,2,10.8,5,3,9,1,online,6,0
2033.79,30,41.0,671.0,1,15.9,2,0,11,1,reseller,5,0
11534.61,15,58.3,662.0,0,0.0,5,0,1,0,reseller,6,0
10325.79,45,34.8,619.0,1,4.6,6,3,2,1,direct,0,0
10085.42,45,30.8,762.0,2,15.1,1,0,3,1,direct,1,0
2628.13,60,9.9,711.0,0,0.0,3,2,9,1,reseller,3,1
3477.68,30,28.5,702.0,1,6.4,4,0,3,0,direct,3,0
3450.01,30,22.6,850.0,1,23.5,3,0,2,1,online,5,0
7363.32,30,35.8,723.0,1,15.8,2,0,6,1,direct,6,0
14738.35,30,0.3,788.0,1,21.2,2,0,1,1,direct,2,0
5071.2,45,20.2,705.0,2,10.8,3,1,11,1,direct,4,0
21534.29,45,1.7,648.0,4,14.4,2,0,1,0,direct,2,0
8163.88,30,18.0,585.0,3,13.0,1,0,2,1,direct,6,0
2947.41,30,10.3,702.0,1,1.8,4,3,11,1,online,4,0
7675.9,60,10.2,440.0,1,9.7,3,2,12,1,direct,3,0
16904.69,30,24.6,705.0,0,0.0,3,1,11,0,direct,2,0
21992.57,30,10.7,708.0,0,0.0,1,2,6,1,reseller,0,0
10595.69,45,31.4,660.0,3,4.7,3,0,4,1,online,6,0
3726.06,30,24.2,672.0,0,0.0,4,3,12,0,online,4,0
2995.83,15,2.7,567.0,0,0.0,3,0,8,0,direct,1,0
6114.77,60,20.9,805.0,0,0.0,1,0,1,1,direct,2,0
16425.28,60,1.9,650.0,1,2.2,4,1,2,0,direct,0,0
5379.72,15,20.1,593.0,0,0.0,4,3,11,1,online,4,0
5481.2,15,23.3,729.0,0,0.0,6,1,10,0,online,6,0
3813.33,45,44.4,690.0,1,1.6,5,0,1,0,reseller,4,0
2710.53,45,10.5,648.0,1,8.5,2,0,12,1,reseller,3,0
3146.6,30,10.4,638.0,0,0.0,1,0,7,1,direct,2,1
4112.9,30,32.8,679.0,0,0.0,3,2,12,0,online,5,0
17090.7,45,25.5,801.0,2,10.4,2,1,12,0,direct,5,0
2934.4,30,49.2,722.0,3,11.3,3,0,8,1,online,4,1
3817.5,15,16.8,677.0,2,11.8,5,1,1,0,direct,2,1
1670.97,15,6.8,757.0,1,8.9,4,3,6,1,direct,5,0
6939.38,30,6.2,682.0,1,16.8,1,3,11,1,reseller,1,0
12456.67,60,8.6,716.0,1,16.4,4,2,5,1,direct,2,0
15709.93,30,49.1,694.0,1,5.9,2,1,4,1,online,2,0
4372.23,30,32.3,733.0,2,26.1,1,0,4,0,direct,6,0
6105.34,60,10.3,640.0,0,0.0,3,3,9,0,direct,6,0
3171.01,30,44.1,577.0,1,11.8,4,0,2,0,reseller,1,0
5855.97,30,4.6,762.0,0,0.0,3,0,6,1,reseller,6,0
4829.84,15,63.2,815.0,0,0.0,5,0,3,0,direct,4,0
3836.97,45,2.6,582.0,0,0.0,5,1,11,1,reseller,5,0
4121.52,45,52.1,696.0,0,0.0,3,0,7,0,direct,3,0
5468.34,45,6.9,640.0,1,15.2,1,0,4,1,online,2,1
2794.09,30,32.8,760.0,1,0.6,2,2,4,0,reseller,0,0
2927.06,30,2.4,702.0,3,7.3,3,0,9,1,online,5,0
16926.33,30,9.3,850.0,1,3.1,4,3,9,0,reseller,5,0
41751.56,90,4.7,653.0,1,18.2,2,1,11,1,reseller,3,0
1231.6,15,56.1,818.0,1,7.1,3,0,10,1,reseller,0,0
1172.01,45,5.3,827.0,4,12.7,4,0,2,1,reseller,4,0
1538.5,45,11.5,728.0,1,9.1,5,3,6,0,direct,5,0
3317.74,30,2.0,683.0,1,16.6,7,3,1,1,direct,3,0
8153.5,30,18.1,689.0,1,6.8,4,3,11,0,direct,3,1
6198.9,15,117.0,681.0,0,0.0,5,1,10,1,online,6,0
4250.65,30,9.1,782.0,0,0.0,3,1,10,1,online,4,1
5860.8,90,109.7,601.0,1,11.4,2,0,9,0,direct,6,0
1953.0,30,22.6,666.0,1,15.3,1,0,1,1,direct,2,0
2922.78,90,9.9,655.0,3,3.9,4,3,9,1,direct,3,0
3575.7,15,30.9,525.0,1,8.8,6,2,10,1,online,4,1
874.98,30,1.1,757.0,2,25.8,4,0,8,0,direct,1,1
1280.26,60,34.9,776.0,1,7.3,2,0,10,1,online,4,0
1326.89,60,19.2,623.0,3,3.5,3,1,8,1,direct,0,0
7242.32,30,13.4,773.0,1,7.1,6,3,5,1,reseller,2,0
4540.62,45,29.9,537.0,2,6.8,2,3,5,1,online,2,0
6310.4,60,9.7,682.0,1,16.3,4,0,6,1,reseller,5,1
695.28,45,29.1,669.0,1,10.5,5,2,4,0,direct,4,0
957.94,45,48.9,688.0,0,0.0,4,0,1,0,online,6,0
6613.67,30,4.5,687.0,2,19.4,3,1,6,0,online,0,0
298.63,15,11.4,673.0,0,0.0,2,0,4,0,direct,6,0
10961.74,45,35.3,645.0,0,0.0,3,0,7,1,reseller,0,1
705.58,30,2.7,670.0,3,9.1,3,0,12,1,reseller,5,0
7777.66,30,6.3,803.0,0,0.0,6,2,9,0,reseller,0,0
1636.43,30,11.7,628.0,0,0.0,0,1,12,0,direct,1,0
9358.25,30,7.0,850.0,1,11.0,5,0,10,1,online,0,0
65339.03,30,14.5,623.0,1,7.1,4,0,9,1,direct,6,0
470.66,30,33.2,702.0,3,4.8,1,0,2,1,direct,1,0
6807.9,30,37.5,731.0,2,26.6,2,1,1,1,reseller,4,1
715.27,15,77.8,654.0,0,0.0,4,0,2,1,direct,2,1
5345.94,60,10.3,804.0,0,0.0,1,0,1,0,direct,1,0
3022.7,45,6.4,729.0,3,1.4,3,2,6,0,online,0,0
4092.06,15,4.9,662.0,0,0.0,2,1,8,1,direct,4,0
1602.76,30,11.7,803.0,1,16.0,0,0,7,1,reseller,1,0
7350.23,30,13.3,589.0,0,0.0,4,1,3,1,online,4,1
988.79,45,49.2,629.0,0,0.0,1,0,6,1,online,4,0
11130.82,45,12.5,731.0,3,25.6,3,3,8,0,reseller,3,0
2519.14,45,3.4,752.0,3,5.7,2,1,4,1,reseller,3,0
1030.27,45,7.4,709.0,0,0.0,3,3,2,1,direct,0,0
15297.48,15,0.3,669.0,0,0.0,3,3,2,1,direct,2,1
3426.83,30,33.1,657.0,1,13.5,3,0,12,0,direct,4,1
20269.5,15,6.2,782.0,1,7.6,3,3,3,1,direct,5,0
10929.5,30,0.3,702.0,4,18.8,2,0,2,1,direct,1,1
1775.2,30,5.8,601.0,0,0.0,3,2,11,1,online,2,0
3372.84,45,19.0,596.0,2,8.4,4,0,5,1,online,1,0
4059.98,30,10.7,816.0,2,22.4,2,0,12,0,reseller,4,0
14381.14,45,22.7,615.0,2,15.2,4,0,2,1,reseller,5,0
5397.9,30,13.6,705.0,1,17.8,3,0,1,0,reseller,6,0
4266.99,30,10.3,802.0,2,44.7,0,0,5,1,direct,4,0
3041.51,45,19.1,729.0,3,12.4,4,0,11,0,online,0,0
3478.99,15,36.8,612.0,0,0.0,6,3,5,0,direct,1,0
11779.7,30,2.5,589.0,1,3.2,1,0,9,1,reseller,0,1
3653.11,30,9.8,848.0,0,0.0,3,2,8,0,direct,3,0
2551.67,45,4.8,586.0,0,0.0,5,3,1,1,reseller,0,0
2190.63,30,45.2,630.0,1,14.0,0,3,11,1,reseller,1,0
2211.91,60,10.0,714.0,1,18.4,3,0,2,1,direct,1,1
1030.82,90,21.2,660.0,0,0.0,0,0,10,1,reseller,5,0
1853.19,60,8.2,732.0,1,9.8,0,0,2,1,reseller,4,0
14024.74,30,4.4,548.0,0,0.0,2,3,9,1,direct,2,0
3023.17,45,4.2,661.0,0,0.0,2,2,11,1,reseller,2,0
6863.48,15,17.4,741.0,0,0.0,4,2,12,1,direct,1,1
391.16,60,6.9,741.0,1,8.2,4,2,9,1,direct,0,0
6072.22,30,16.3,628.0,1,20.4,3,0,1,0,reseller,2,1
3148.82,30,26.6,588.0,1,10.4,6,3,1,1,direct,2,0
2360.68,30,12.7,699.0,3,8.7,3,0,10,1,direct,6,1
4284.95,60,7.3,562.0,0,0.0,5,2,6,1,direct,2,0
2330.31,60,19.2,796.0,1,7.9,1,2,2,1,reseller,0,0
538.35,30,6.8,694.0,2,7.8,3,0,4,1,direct,3,0
8350.05,30,34.9,617.0,4,5.1,4,0,8,1,online,5,0
4531.08,45,6.0,585.0,2,11.3,2,1,2,0,online,2,1
2744.77,60,21.6,623.0,3,20.6,2,0,10,0,reseller,6,0
1526.04,45,30.9,539.0,1,9.8,4,1,10,0,reseller,1,1
969.84,30,143.3,725.0,2,12.2,0,3,8,1,direct,1,0
4453.76,45,14.4,608.0,2,10.4,3,0,7,0,direct,6,0
15554.37,60,46.0,716.0,1,14.0,1,0,2,1,reseller,1,0
4371.45,30,8.7,728.0,2,8.4,3,0,5,0,direct,1,0
1048.92,30,0.3,767.0,1,1.5,2,0,3,1,online,6,0
